policy,period,young,urban,suv,exposure,claims,paid
P0000,1,0,0,0,0.6429,0,0.0
P0000,2,0,0,0,0.6917,0,0.0
P0000,3,0,0,0,0.5226,0,0.0
P0000,4,0,0,0,0.9996,0,0.0
P0000,5,0,0,0,0.6173,0,0.0
P0000,6,0,0,0,0.9871,1,643.24
P0000,7,0,0,0,0.7465,0,0.0
P0000,8,0,0,0,0.5304,0,0.0
P0000,9,0,0,0,0.6357,0,0.0
P0000,10,0,0,0,0.5321,0,0.0
P0001,1,0,1,0,0.9361,0,0.0
P0001,2,0,1,0,0.8537,0,0.0
P0001,3,0,1,0,0.7517,0,0.0
P0001,4,0,1,0,0.6016,0,0.0
P0001,5,0,1,0,0.9031,0,0.0
P0001,6,0,1,0,0.5745,0,0.0
P0001,7,0,1,0,0.7243,0,0.0
P0001,8,0,1,0,0.6178,0,0.0
P0001,9,0,1,0,0.8999,0,0.0
P0001,10,0,1,0,0.7532,0,0.0
P0002,1,1,0,1,0.9225,0,0.0
P0002,2,1,0,1,0.9755,0,0.0
P0002,3,1,0,1,0.9682,0,0.0
P0002,4,1,0,1,0.6201,0,0.0
P0002,5,1,0,1,0.8372,0,0.0
P0002,6,1,0,1,0.7319,0,0.0
P0002,7,1,0,1,0.8205,0,0.0
P0002,8,1,0,1,0.8461,0,0.0
P0002,9,1,0,1,0.6883,1,764.37
P0002,10,1,0,1,0.899,0,0.0
P0003,1,0,0,0,0.9958,0,0.0
P0003,2,0,0,0,0.9044,0,0.0
P0003,3,0,0,0,0.8564,0,0.0
P0003,4,0,0,0,0.7006,0,0.0
P0003,5,0,0,0,0.7397,1,584.66
P0003,6,0,0,0,0.5005,0,0.0
P0003,7,0,0,0,0.8157,1,401.93
P0003,8,0,0,0,0.9944,0,0.0
P0003,9,0,0,0,0.9116,0,0.0
P0003,10,0,0,0,0.7025,0,0.0
P0004,1,0,0,1,0.7636,0,0.0
P0004,2,0,0,1,0.7459,0,0.0
P0004,3,0,0,1,0.5531,0,0.0
P0004,4,0,0,1,0.6393,0,0.0
P0004,5,0,0,1,0.5286,0,0.0
P0004,6,0,0,1,0.5976,0,0.0
P0004,7,0,0,1,0.9641,1,713.35
P0004,8,0,0,1,0.8335,0,0.0
P0004,9,0,0,1,0.6686,0,0.0
P0004,10,0,0,1,0.6995,0,0.0
P0005,1,0,0,0,0.8487,0,0.0
P0005,2,0,0,0,0.5195,0,0.0
P0005,3,0,0,0,0.6068,0,0.0
P0005,4,0,0,0,0.5245,0,0.0
P0005,5,0,0,0,0.8005,0,0.0
P0005,6,0,0,0,0.6748,0,0.0
P0005,7,0,0,0,0.7084,0,0.0
P0005,8,0,0,0,0.8926,1,370.58
P0005,9,0,0,0,0.6708,0,0.0
P0005,10,0,0,0,0.6153,0,0.0
P0006,1,0,0,0,0.6581,0,0.0
P0006,2,0,0,0,0.5252,0,0.0
P0006,3,0,0,0,0.765,0,0.0
P0006,4,0,0,0,0.9166,0,0.0
P0006,5,0,0,0,0.7784,0,0.0
P0006,6,0,0,0,0.799,0,0.0
P0006,7,0,0,0,0.7624,0,0.0
P0006,8,0,0,0,0.7459,0,0.0
P0006,9,0,0,0,0.6241,0,0.0
P0006,10,0,0,0,0.8362,0,0.0
P0007,1,0,0,0,0.647,0,0.0
P0007,2,0,0,0,0.6307,0,0.0
P0007,3,0,0,0,0.5083,0,0.0
P0007,4,0,0,0,0.9306,0,0.0
P0007,5,0,0,0,0.8448,0,0.0
P0007,6,0,0,0,0.5328,0,0.0
P0007,7,0,0,0,0.839,0,0.0
P0007,8,0,0,0,0.7745,0,0.0
P0007,9,0,0,0,0.6372,0,0.0
P0007,10,0,0,0,0.9612,0,0.0
P0008,1,0,1,1,0.6619,0,0.0
P0008,2,0,1,1,0.9677,0,0.0
P0008,3,0,1,1,0.5879,0,0.0
P0008,4,0,1,1,0.5302,0,0.0
P0008,5,0,1,1,0.7088,0,0.0
P0008,6,0,1,1,0.9905,1,1786.82
P0008,7,0,1,1,0.9608,0,0.0
P0008,8,0,1,1,0.927,0,0.0
P0008,9,0,1,1,0.8908,0,0.0
P0008,10,0,1,1,0.8129,0,0.0
P0009,1,1,0,0,0.7415,0,0.0
P0009,2,1,0,0,0.9737,0,0.0
P0009,3,1,0,0,0.9398,0,0.0
P0009,4,1,0,0,0.6868,0,0.0
P0009,5,1,0,0,0.53,0,0.0
P0009,6,1,0,0,0.6147,0,0.0
P0009,7,1,0,0,0.7708,0,0.0
P0009,8,1,0,0,0.5126,0,0.0
P0009,9,1,0,0,0.9594,0,0.0
P0009,10,1,0,0,0.6867,1,764.8
P0010,1,0,1,1,0.965,0,0.0
P0010,2,0,1,1,0.6305,0,0.0
P0010,3,0,1,1,0.6245,2,1792.82
P0010,4,0,1,1,0.7022,0,0.0
P0010,5,0,1,1,0.8567,0,0.0
P0010,6,0,1,1,0.6661,0,0.0
P0010,7,0,1,1,0.6931,0,0.0
P0010,8,0,1,1,0.8942,0,0.0
P0010,9,0,1,1,0.7206,0,0.0
P0010,10,0,1,1,0.6834,1,1192.1
P0011,1,0,0,0,0.6298,0,0.0
P0011,2,0,0,0,0.9434,0,0.0
P0011,3,0,0,0,0.9799,0,0.0
P0011,4,0,0,0,0.8916,0,0.0
P0011,5,0,0,0,0.7369,0,0.0
P0011,6,0,0,0,0.5653,0,0.0
P0011,7,0,0,0,0.6248,0,0.0
P0011,8,0,0,0,0.9087,0,0.0
P0011,9,0,0,0,0.8922,0,0.0
P0011,10,0,0,0,0.9997,1,932.02
P0012,1,0,1,1,0.5175,0,0.0
P0012,2,0,1,1,0.5789,0,0.0
P0012,3,0,1,1,0.9192,0,0.0
P0012,4,0,1,1,0.9127,0,0.0
P0012,5,0,1,1,0.5289,0,0.0
P0012,6,0,1,1,0.9658,1,1311.3
P0012,7,0,1,1,0.6133,0,0.0
P0012,8,0,1,1,0.7922,0,0.0
P0012,9,0,1,1,0.9875,0,0.0
P0012,10,0,1,1,0.7855,0,0.0
P0013,1,1,0,0,0.7978,0,0.0
P0013,2,1,0,0,0.904,0,0.0
P0013,3,1,0,0,0.7449,0,0.0
P0013,4,1,0,0,0.6307,0,0.0
P0013,5,1,0,0,0.7577,0,0.0
P0013,6,1,0,0,0.794,0,0.0
P0013,7,1,0,0,0.6269,1,391.32
P0013,8,1,0,0,0.8495,2,2122.43
P0013,9,1,0,0,0.7925,0,0.0
P0013,10,1,0,0,0.8463,0,0.0
P0014,1,0,0,1,0.6063,1,798.36
P0014,2,0,0,1,0.5359,0,0.0
P0014,3,0,0,1,0.7803,0,0.0
P0014,4,0,0,1,0.6445,0,0.0
P0014,5,0,0,1,0.577,0,0.0
P0014,6,0,0,1,0.9811,1,634.86
P0014,7,0,0,1,0.6745,0,0.0
P0014,8,0,0,1,0.6901,0,0.0
P0014,9,0,0,1,0.8716,1,1418.52
P0014,10,0,0,1,0.9556,1,459.12
P0015,1,0,0,0,0.5106,0,0.0
P0015,2,0,0,0,0.7115,0,0.0
P0015,3,0,0,0,0.8892,0,0.0
P0015,4,0,0,0,0.7593,0,0.0
P0015,5,0,0,0,0.8251,0,0.0
P0015,6,0,0,0,0.9728,0,0.0
P0015,7,0,0,0,0.5624,0,0.0
P0015,8,0,0,0,0.6628,0,0.0
P0015,9,0,0,0,0.5858,0,0.0
P0015,10,0,0,0,0.9113,0,0.0
P0016,1,0,1,1,0.7432,0,0.0
P0016,2,0,1,1,0.6077,0,0.0
P0016,3,0,1,1,0.9196,0,0.0
P0016,4,0,1,1,0.5824,0,0.0
P0016,5,0,1,1,0.5743,1,1303.81
P0016,6,0,1,1,0.7058,0,0.0
P0016,7,0,1,1,0.6959,0,0.0
P0016,8,0,1,1,0.5531,0,0.0
P0016,9,0,1,1,0.8352,0,0.0
P0016,10,0,1,1,0.9782,0,0.0
P0017,1,0,0,1,0.5054,0,0.0
P0017,2,0,0,1,0.7289,0,0.0
P0017,3,0,0,1,0.6404,0,0.0
P0017,4,0,0,1,0.6885,0,0.0
P0017,5,0,0,1,0.6168,0,0.0
P0017,6,0,0,1,0.9977,0,0.0
P0017,7,0,0,1,0.9218,0,0.0
P0017,8,0,0,1,0.8005,0,0.0
P0017,9,0,0,1,0.76,0,0.0
P0017,10,0,0,1,0.7845,1,627.26
P0018,1,0,0,1,0.6,1,513.42
P0018,2,0,0,1,0.7669,0,0.0
P0018,3,0,0,1,0.7681,0,0.0
P0018,4,0,0,1,0.5442,0,0.0
P0018,5,0,0,1,0.9714,0,0.0
P0018,6,0,0,1,0.5231,0,0.0
P0018,7,0,0,1,0.841,1,1630.22
P0018,8,0,0,1,0.611,0,0.0
P0018,9,0,0,1,0.8819,0,0.0
P0018,10,0,0,1,0.7387,0,0.0
P0019,1,0,0,0,0.9716,0,0.0
P0019,2,0,0,0,0.9113,0,0.0
P0019,3,0,0,0,0.6695,0,0.0
P0019,4,0,0,0,0.7019,0,0.0
P0019,5,0,0,0,0.6203,0,0.0
P0019,6,0,0,0,0.8408,0,0.0
P0019,7,0,0,0,0.6217,0,0.0
P0019,8,0,0,0,0.8544,0,0.0
P0019,9,0,0,0,0.7297,0,0.0
P0019,10,0,0,0,0.9174,0,0.0
P0020,1,1,0,1,0.599,0,0.0
P0020,2,1,0,1,0.7578,0,0.0
P0020,3,1,0,1,0.6992,0,0.0
P0020,4,1,0,1,0.5115,1,542.04
P0020,5,1,0,1,0.7234,0,0.0
P0020,6,1,0,1,0.9074,0,0.0
P0020,7,1,0,1,0.5478,0,0.0
P0020,8,1,0,1,0.7425,0,0.0
P0020,9,1,0,1,0.5513,1,593.1
P0020,10,1,0,1,0.7122,0,0.0
P0021,1,0,1,0,0.7296,0,0.0
P0021,2,0,1,0,0.5006,0,0.0
P0021,3,0,1,0,0.7449,0,0.0
P0021,4,0,1,0,0.6674,0,0.0
P0021,5,0,1,0,0.682,0,0.0
P0021,6,0,1,0,0.9098,0,0.0
P0021,7,0,1,0,0.5008,0,0.0
P0021,8,0,1,0,0.7446,0,0.0
P0021,9,0,1,0,0.7823,0,0.0
P0021,10,0,1,0,0.8446,0,0.0
P0022,1,0,0,0,0.6296,0,0.0
P0022,2,0,0,0,0.9992,0,0.0
P0022,3,0,0,0,0.7445,0,0.0
P0022,4,0,0,0,0.8817,0,0.0
P0022,5,0,0,0,0.6168,0,0.0
P0022,6,0,0,0,0.7736,1,475.54
P0022,7,0,0,0,0.6187,0,0.0
P0022,8,0,0,0,0.5158,0,0.0
P0022,9,0,0,0,0.9597,0,0.0
P0022,10,0,0,0,0.6275,0,0.0
P0023,1,1,1,1,0.7935,0,0.0
P0023,2,1,1,1,0.572,1,348.18
P0023,3,1,1,1,0.8312,0,0.0
P0023,4,1,1,1,0.9018,0,0.0
P0023,5,1,1,1,0.749,0,0.0
P0023,6,1,1,1,0.6274,0,0.0
P0023,7,1,1,1,0.8622,0,0.0
P0023,8,1,1,1,0.7802,1,821.39
P0023,9,1,1,1,0.7808,1,1431.26
P0023,10,1,1,1,0.8272,0,0.0
P0024,1,1,0,1,0.5351,0,0.0
P0024,2,1,0,1,0.5887,0,0.0
P0024,3,1,0,1,0.9723,0,0.0
P0024,4,1,0,1,0.9944,0,0.0
P0024,5,1,0,1,0.9178,0,0.0
P0024,6,1,0,1,0.8903,1,924.94
P0024,7,1,0,1,0.9456,0,0.0
P0024,8,1,0,1,0.8672,0,0.0
P0024,9,1,0,1,0.6501,0,0.0
P0024,10,1,0,1,0.8108,0,0.0
P0025,1,0,1,1,0.9507,0,0.0
P0025,2,0,1,1,0.7434,0,0.0
P0025,3,0,1,1,0.9963,0,0.0
P0025,4,0,1,1,0.5548,0,0.0
P0025,5,0,1,1,0.5782,0,0.0
P0025,6,0,1,1,0.8711,0,0.0
P0025,7,0,1,1,0.554,0,0.0
P0025,8,0,1,1,0.6801,1,1465.31
P0025,9,0,1,1,0.6456,0,0.0
P0025,10,0,1,1,0.8026,0,0.0
P0026,1,0,0,1,0.728,0,0.0
P0026,2,0,0,1,0.6297,0,0.0
P0026,3,0,0,1,0.5282,0,0.0
P0026,4,0,0,1,0.9488,0,0.0
P0026,5,0,0,1,0.7927,0,0.0
P0026,6,0,0,1,0.588,0,0.0
P0026,7,0,0,1,0.7909,0,0.0
P0026,8,0,0,1,0.7702,0,0.0
P0026,9,0,0,1,0.5222,0,0.0
P0026,10,0,0,1,0.8781,1,597.27
P0027,1,1,0,0,0.7367,0,0.0
P0027,2,1,0,0,0.6097,1,711.31
P0027,3,1,0,0,0.8856,0,0.0
P0027,4,1,0,0,0.7583,0,0.0
P0027,5,1,0,0,0.5552,0,0.0
P0027,6,1,0,0,0.9894,0,0.0
P0027,7,1,0,0,0.8073,0,0.0
P0027,8,1,0,0,0.6174,0,0.0
P0027,9,1,0,0,0.7921,0,0.0
P0027,10,1,0,0,0.5138,0,0.0
P0028,1,0,0,0,0.6529,1,1087.96
P0028,2,0,0,0,0.7387,0,0.0
P0028,3,0,0,0,0.5529,0,0.0
P0028,4,0,0,0,0.897,0,0.0
P0028,5,0,0,0,0.8404,0,0.0
P0028,6,0,0,0,0.7477,0,0.0
P0028,7,0,0,0,0.6972,0,0.0
P0028,8,0,0,0,0.8344,0,0.0
P0028,9,0,0,0,0.7578,0,0.0
P0028,10,0,0,0,0.7133,0,0.0
P0029,1,0,0,0,0.9099,1,454.96
P0029,2,0,0,0,0.5139,0,0.0
P0029,3,0,0,0,0.5283,0,0.0
P0029,4,0,0,0,0.7064,0,0.0
P0029,5,0,0,0,0.8825,0,0.0
P0029,6,0,0,0,0.8533,0,0.0
P0029,7,0,0,0,0.8606,0,0.0
P0029,8,0,0,0,0.5063,0,0.0
P0029,9,0,0,0,0.8182,0,0.0
P0029,10,0,0,0,0.903,1,466.33
P0030,1,0,0,0,0.6663,0,0.0
P0030,2,0,0,0,0.5471,0,0.0
P0030,3,0,0,0,0.529,0,0.0
P0030,4,0,0,0,0.7866,0,0.0
P0030,5,0,0,0,0.7105,0,0.0
P0030,6,0,0,0,0.8333,0,0.0
P0030,7,0,0,0,0.9149,0,0.0
P0030,8,0,0,0,0.8605,0,0.0
P0030,9,0,0,0,0.8379,1,772.81
P0030,10,0,0,0,0.8924,0,0.0
P0031,1,0,1,1,0.9971,0,0.0
P0031,2,0,1,1,0.7385,0,0.0
P0031,3,0,1,1,0.6955,0,0.0
P0031,4,0,1,1,0.9902,0,0.0
P0031,5,0,1,1,0.9506,1,484.43
P0031,6,0,1,1,0.7302,0,0.0
P0031,7,0,1,1,0.8933,1,1339.71
P0031,8,0,1,1,0.9908,0,0.0
P0031,9,0,1,1,0.9813,2,4283.94
P0031,10,0,1,1,0.7163,0,0.0
P0032,1,1,1,0,0.7945,1,675.8
P0032,2,1,1,0,0.8227,0,0.0
P0032,3,1,1,0,0.5357,0,0.0
P0032,4,1,1,0,0.5044,0,0.0
P0032,5,1,1,0,0.6953,0,0.0
P0032,6,1,1,0,0.8324,0,0.0
P0032,7,1,1,0,0.6209,0,0.0
P0032,8,1,1,0,0.7624,1,484.66
P0032,9,1,1,0,0.5556,0,0.0
P0032,10,1,1,0,0.8758,0,0.0
P0033,1,1,0,1,0.607,0,0.0
P0033,2,1,0,1,0.8671,0,0.0
P0033,3,1,0,1,0.8329,0,0.0
P0033,4,1,0,1,0.9428,0,0.0
P0033,5,1,0,1,0.7366,0,0.0
P0033,6,1,0,1,0.7322,0,0.0
P0033,7,1,0,1,0.8919,0,0.0
P0033,8,1,0,1,0.7669,0,0.0
P0033,9,1,0,1,0.9564,0,0.0
P0033,10,1,0,1,0.7814,0,0.0
P0034,1,1,0,0,0.5409,0,0.0
P0034,2,1,0,0,0.685,0,0.0
P0034,3,1,0,0,0.8121,0,0.0
P0034,4,1,0,0,0.7412,0,0.0
P0034,5,1,0,0,0.8115,0,0.0
P0034,6,1,0,0,0.9803,1,2178.73
P0034,7,1,0,0,0.8165,0,0.0
P0034,8,1,0,0,0.6432,0,0.0
P0034,9,1,0,0,0.7306,0,0.0
P0034,10,1,0,0,0.7794,0,0.0
P0035,1,0,0,1,0.949,0,0.0
P0035,2,0,0,1,0.9563,1,1092.0
P0035,3,0,0,1,0.9573,0,0.0
P0035,4,0,0,1,0.7362,0,0.0
P0035,5,0,0,1,0.9873,0,0.0
P0035,6,0,0,1,0.5865,0,0.0
P0035,7,0,0,1,0.9298,0,0.0
P0035,8,0,0,1,0.6044,0,0.0
P0035,9,0,0,1,0.7831,0,0.0
P0035,10,0,0,1,0.7976,0,0.0
P0036,1,0,1,1,0.9992,1,1200.38
P0036,2,0,1,1,0.9501,0,0.0
P0036,3,0,1,1,0.7314,0,0.0
P0036,4,0,1,1,0.8837,0,0.0
P0036,5,0,1,1,0.8434,0,0.0
P0036,6,0,1,1,0.6693,0,0.0
P0036,7,0,1,1,0.7887,1,1882.8
P0036,8,0,1,1,0.7468,0,0.0
P0036,9,0,1,1,0.5501,0,0.0
P0036,10,0,1,1,0.9958,2,2863.75
P0037,1,0,1,1,0.7777,0,0.0
P0037,2,0,1,1,0.9922,1,949.56
P0037,3,0,1,1,0.7793,0,0.0
P0037,4,0,1,1,0.9945,0,0.0
P0037,5,0,1,1,0.7346,0,0.0
P0037,6,0,1,1,0.7176,1,953.51
P0037,7,0,1,1,0.9754,1,1593.45
P0037,8,0,1,1,0.5973,1,975.6
P0037,9,0,1,1,0.6932,0,0.0
P0037,10,0,1,1,0.5125,0,0.0
P0038,1,0,1,1,0.9552,0,0.0
P0038,2,0,1,1,0.9288,1,1102.65
P0038,3,0,1,1,0.8476,0,0.0
P0038,4,0,1,1,0.8647,0,0.0
P0038,5,0,1,1,0.8947,0,0.0
P0038,6,0,1,1,0.5824,1,322.04
P0038,7,0,1,1,0.5282,0,0.0
P0038,8,0,1,1,0.5062,0,0.0
P0038,9,0,1,1,0.5236,0,0.0
P0038,10,0,1,1,0.6285,0,0.0
P0039,1,0,0,0,0.9886,0,0.0
P0039,2,0,0,0,0.6217,0,0.0
P0039,3,0,0,0,0.9071,0,0.0
P0039,4,0,0,0,0.8752,0,0.0
P0039,5,0,0,0,0.5669,0,0.0
P0039,6,0,0,0,0.9519,0,0.0
P0039,7,0,0,0,0.8813,0,0.0
P0039,8,0,0,0,0.6832,0,0.0
P0039,9,0,0,0,0.9604,0,0.0
P0039,10,0,0,0,0.6303,0,0.0
P0040,1,1,1,0,0.9281,0,0.0
P0040,2,1,1,0,0.7709,1,1123.59
P0040,3,1,1,0,0.6898,1,762.95
P0040,4,1,1,0,0.5574,0,0.0
P0040,5,1,1,0,0.8442,0,0.0
P0040,6,1,1,0,0.9485,1,1214.57
P0040,7,1,1,0,0.8281,0,0.0
P0040,8,1,1,0,0.8244,0,0.0
P0040,9,1,1,0,0.9355,0,0.0
P0040,10,1,1,0,0.5688,0,0.0
P0041,1,0,1,1,0.5525,1,1357.76
P0041,2,0,1,1,0.924,0,0.0
P0041,3,0,1,1,0.5121,0,0.0
P0041,4,0,1,1,0.6242,0,0.0
P0041,5,0,1,1,0.5843,0,0.0
P0041,6,0,1,1,0.5706,0,0.0
P0041,7,0,1,1,0.7124,1,748.54
P0041,8,0,1,1,0.5311,1,952.18
P0041,9,0,1,1,0.8743,0,0.0
P0041,10,0,1,1,0.8789,0,0.0
P0042,1,0,0,1,0.9783,0,0.0
P0042,2,0,0,1,0.9268,0,0.0
P0042,3,0,0,1,0.8975,1,748.46
P0042,4,0,0,1,0.5855,0,0.0
P0042,5,0,0,1,0.7223,0,0.0
P0042,6,0,0,1,0.7257,0,0.0
P0042,7,0,0,1,0.6875,1,944.71
P0042,8,0,0,1,0.5939,0,0.0
P0042,9,0,0,1,0.9703,0,0.0
P0042,10,0,0,1,0.6349,0,0.0
P0043,1,1,0,1,0.553,0,0.0
P0043,2,1,0,1,0.8276,0,0.0
P0043,3,1,0,1,0.6277,0,0.0
P0043,4,1,0,1,0.9397,0,0.0
P0043,5,1,0,1,0.7162,0,0.0
P0043,6,1,0,1,0.6948,0,0.0
P0043,7,1,0,1,0.8853,1,1276.74
P0043,8,1,0,1,0.976,0,0.0
P0043,9,1,0,1,0.9052,0,0.0
P0043,10,1,0,1,0.7307,0,0.0
P0044,1,0,0,1,0.7698,0,0.0
P0044,2,0,0,1,0.9968,0,0.0
P0044,3,0,0,1,0.6965,0,0.0
P0044,4,0,0,1,0.7916,0,0.0
P0044,5,0,0,1,0.6653,1,1159.43
P0044,6,0,0,1,0.7745,0,0.0
P0044,7,0,0,1,0.7352,0,0.0
P0044,8,0,0,1,0.6627,0,0.0
P0044,9,0,0,1,0.5235,0,0.0
P0044,10,0,0,1,0.5032,0,0.0
P0045,1,1,0,0,0.8592,0,0.0
P0045,2,1,0,0,0.7541,0,0.0
P0045,3,1,0,0,0.9601,0,0.0
P0045,4,1,0,0,0.5994,0,0.0
P0045,5,1,0,0,0.6614,0,0.0
P0045,6,1,0,0,0.8898,0,0.0
P0045,7,1,0,0,0.9543,0,0.0
P0045,8,1,0,0,0.9309,0,0.0
P0045,9,1,0,0,0.9425,1,722.74
P0045,10,1,0,0,0.9527,0,0.0
P0046,1,0,1,1,0.9163,0,0.0
P0046,2,0,1,1,0.7036,1,784.35
P0046,3,0,1,1,0.5758,0,0.0
P0046,4,0,1,1,0.9901,0,0.0
P0046,5,0,1,1,0.5823,0,0.0
P0046,6,0,1,1,0.5384,0,0.0
P0046,7,0,1,1,0.808,2,2369.76
P0046,8,0,1,1,0.7315,1,1170.9
P0046,9,0,1,1,0.9282,0,0.0
P0046,10,0,1,1,0.6703,0,0.0
P0047,1,0,0,0,0.638,0,0.0
P0047,2,0,0,0,0.6118,0,0.0
P0047,3,0,0,0,0.9709,0,0.0
P0047,4,0,0,0,0.8021,0,0.0
P0047,5,0,0,0,0.6663,0,0.0
P0047,6,0,0,0,0.6578,0,0.0
P0047,7,0,0,0,0.8766,0,0.0
P0047,8,0,0,0,0.9143,0,0.0
P0047,9,0,0,0,0.6842,0,0.0
P0047,10,0,0,0,0.7,0,0.0
P0048,1,0,1,1,0.8781,0,0.0
P0048,2,0,1,1,0.769,0,0.0
P0048,3,0,1,1,0.8375,0,0.0
P0048,4,0,1,1,0.818,1,1016.85
P0048,5,0,1,1,0.5232,0,0.0
P0048,6,0,1,1,0.8216,1,830.59
P0048,7,0,1,1,0.9606,1,899.64
P0048,8,0,1,1,0.738,0,0.0
P0048,9,0,1,1,0.6369,1,709.81
P0048,10,0,1,1,0.8373,0,0.0
P0049,1,0,0,1,0.5196,0,0.0
P0049,2,0,0,1,0.8171,0,0.0
P0049,3,0,0,1,0.9876,0,0.0
P0049,4,0,0,1,0.5432,0,0.0
P0049,5,0,0,1,0.9459,2,1839.17
P0049,6,0,0,1,0.7854,0,0.0
P0049,7,0,0,1,0.9135,0,0.0
P0049,8,0,0,1,0.5157,1,474.49
P0049,9,0,0,1,0.985,0,0.0
P0049,10,0,0,1,0.632,0,0.0
P0050,1,0,1,1,0.8833,0,0.0
P0050,2,0,1,1,0.7196,0,0.0
P0050,3,0,1,1,0.8051,0,0.0
P0050,4,0,1,1,0.8968,0,0.0
P0050,5,0,1,1,0.8011,0,0.0
P0050,6,0,1,1,0.5476,1,566.39
P0050,7,0,1,1,0.7591,0,0.0
P0050,8,0,1,1,0.7052,0,0.0
P0050,9,0,1,1,0.9125,0,0.0
P0050,10,0,1,1,0.8794,0,0.0
P0051,1,0,0,0,0.548,0,0.0
P0051,2,0,0,0,0.7209,0,0.0
P0051,3,0,0,0,0.5547,0,0.0
P0051,4,0,0,0,0.651,0,0.0
P0051,5,0,0,0,0.8531,0,0.0
P0051,6,0,0,0,0.8593,0,0.0
P0051,7,0,0,0,0.681,0,0.0
P0051,8,0,0,0,0.7169,0,0.0
P0051,9,0,0,0,0.7122,0,0.0
P0051,10,0,0,0,0.7538,0,0.0
P0052,1,1,0,0,0.9851,0,0.0
P0052,2,1,0,0,0.6991,0,0.0
P0052,3,1,0,0,0.6042,0,0.0
P0052,4,1,0,0,0.9567,0,0.0
P0052,5,1,0,0,0.7632,0,0.0
P0052,6,1,0,0,0.558,0,0.0
P0052,7,1,0,0,0.5025,0,0.0
P0052,8,1,0,0,0.6156,1,1145.29
P0052,9,1,0,0,0.559,0,0.0
P0052,10,1,0,0,0.6397,1,689.4
P0053,1,0,1,0,0.7336,0,0.0
P0053,2,0,1,0,0.8562,0,0.0
P0053,3,0,1,0,0.5884,1,626.01
P0053,4,0,1,0,0.9587,1,602.49
P0053,5,0,1,0,0.8244,0,0.0
P0053,6,0,1,0,0.7072,0,0.0
P0053,7,0,1,0,0.6041,0,0.0
P0053,8,0,1,0,0.9984,0,0.0
P0053,9,0,1,0,0.9983,0,0.0
P0053,10,0,1,0,0.8959,0,0.0
P0054,1,0,1,1,0.5195,0,0.0
P0054,2,0,1,1,0.83,0,0.0
P0054,3,0,1,1,0.9492,1,640.66
P0054,4,0,1,1,0.5998,0,0.0
P0054,5,0,1,1,0.8394,0,0.0
P0054,6,0,1,1,0.9847,0,0.0
P0054,7,0,1,1,0.7026,1,804.1
P0054,8,0,1,1,0.6492,0,0.0
P0054,9,0,1,1,0.6632,0,0.0
P0054,10,0,1,1,0.9761,2,1721.48
P0055,1,0,0,0,0.9989,0,0.0
P0055,2,0,0,0,0.8826,0,0.0
P0055,3,0,0,0,0.6489,1,944.79
P0055,4,0,0,0,0.8722,0,0.0
P0055,5,0,0,0,0.6028,0,0.0
P0055,6,0,0,0,0.8342,0,0.0
P0055,7,0,0,0,0.7708,0,0.0
P0055,8,0,0,0,0.9572,0,0.0
P0055,9,0,0,0,0.9581,0,0.0
P0055,10,0,0,0,0.8735,0,0.0
P0056,1,1,1,0,0.5651,0,0.0
P0056,2,1,1,0,0.5999,0,0.0
P0056,3,1,1,0,0.7957,0,0.0
P0056,4,1,1,0,0.88,0,0.0
P0056,5,1,1,0,0.7996,1,501.97
P0056,6,1,1,0,0.7302,0,0.0
P0056,7,1,1,0,0.8943,0,0.0
P0056,8,1,1,0,0.9115,0,0.0
P0056,9,1,1,0,0.7669,0,0.0
P0056,10,1,1,0,0.5445,0,0.0
P0057,1,0,0,1,0.8026,0,0.0
P0057,2,0,0,1,0.8763,0,0.0
P0057,3,0,0,1,0.9021,0,0.0
P0057,4,0,0,1,0.8739,0,0.0
P0057,5,0,0,1,0.6755,0,0.0
P0057,6,0,0,1,0.9871,0,0.0
P0057,7,0,0,1,0.747,1,1061.32
P0057,8,0,0,1,0.8257,0,0.0
P0057,9,0,0,1,0.5211,0,0.0
P0057,10,0,0,1,0.6243,1,1343.67
P0058,1,1,1,0,0.8701,0,0.0
P0058,2,1,1,0,0.5852,0,0.0
P0058,3,1,1,0,0.7965,0,0.0
P0058,4,1,1,0,0.5175,0,0.0
P0058,5,1,1,0,0.9997,0,0.0
P0058,6,1,1,0,0.8351,2,1725.28
P0058,7,1,1,0,0.937,0,0.0
P0058,8,1,1,0,0.7786,0,0.0
P0058,9,1,1,0,0.5057,1,1703.72
P0058,10,1,1,0,0.5847,0,0.0
P0059,1,0,1,1,0.5036,0,0.0
P0059,2,0,1,1,0.5847,0,0.0
P0059,3,0,1,1,0.9467,0,0.0
P0059,4,0,1,1,0.5223,1,607.82
P0059,5,0,1,1,0.8731,0,0.0
P0059,6,0,1,1,0.7082,1,1583.37
P0059,7,0,1,1,0.9203,1,1246.76
P0059,8,0,1,1,0.6203,0,0.0
P0059,9,0,1,1,0.5582,0,0.0
P0059,10,0,1,1,0.9907,0,0.0
P0060,1,0,0,0,0.9168,0,0.0
P0060,2,0,0,0,0.9757,0,0.0
P0060,3,0,0,0,0.9107,0,0.0
P0060,4,0,0,0,0.8667,0,0.0
P0060,5,0,0,0,0.8518,0,0.0
P0060,6,0,0,0,0.9876,0,0.0
P0060,7,0,0,0,0.7485,0,0.0
P0060,8,0,0,0,0.7359,0,0.0
P0060,9,0,0,0,0.8991,0,0.0
P0060,10,0,0,0,0.5446,0,0.0
P0061,1,0,0,0,0.691,0,0.0
P0061,2,0,0,0,0.6452,0,0.0
P0061,3,0,0,0,0.561,0,0.0
P0061,4,0,0,0,0.9435,0,0.0
P0061,5,0,0,0,0.7562,0,0.0
P0061,6,0,0,0,0.5568,0,0.0
P0061,7,0,0,0,0.941,0,0.0
P0061,8,0,0,0,0.796,0,0.0
P0061,9,0,0,0,0.9761,0,0.0
P0061,10,0,0,0,0.6372,0,0.0
P0062,1,0,1,1,0.6591,1,1217.16
P0062,2,0,1,1,0.7236,0,0.0
P0062,3,0,1,1,0.9379,0,0.0
P0062,4,0,1,1,0.6817,0,0.0
P0062,5,0,1,1,0.9315,0,0.0
P0062,6,0,1,1,0.6639,0,0.0
P0062,7,0,1,1,0.992,0,0.0
P0062,8,0,1,1,0.8436,0,0.0
P0062,9,0,1,1,0.6831,0,0.0
P0062,10,0,1,1,0.7495,1,671.14
P0063,1,0,1,1,0.7749,0,0.0
P0063,2,0,1,1,0.8733,0,0.0
P0063,3,0,1,1,0.6926,0,0.0
P0063,4,0,1,1,0.8114,0,0.0
P0063,5,0,1,1,0.6204,1,772.37
P0063,6,0,1,1,0.9408,0,0.0
P0063,7,0,1,1,0.5837,0,0.0
P0063,8,0,1,1,0.6418,0,0.0
P0063,9,0,1,1,0.6368,1,1037.06
P0063,10,0,1,1,0.8554,2,2455.5
P0064,1,1,1,0,0.526,0,0.0
P0064,2,1,1,0,0.8825,0,0.0
P0064,3,1,1,0,0.7942,0,0.0
P0064,4,1,1,0,0.7185,1,534.48
P0064,5,1,1,0,0.7987,1,506.18
P0064,6,1,1,0,0.677,0,0.0
P0064,7,1,1,0,0.9536,1,699.41
P0064,8,1,1,0,0.8531,0,0.0
P0064,9,1,1,0,0.5709,0,0.0
P0064,10,1,1,0,0.8117,1,971.97
P0065,1,0,0,1,0.6835,0,0.0
P0065,2,0,0,1,0.692,1,1305.67
P0065,3,0,0,1,0.5449,0,0.0
P0065,4,0,0,1,0.6886,0,0.0
P0065,5,0,0,1,0.7562,0,0.0
P0065,6,0,0,1,0.8487,0,0.0
P0065,7,0,0,1,0.7091,0,0.0
P0065,8,0,0,1,0.9598,0,0.0
P0065,9,0,0,1,0.5479,0,0.0
P0065,10,0,0,1,0.8043,0,0.0
P0066,1,1,0,1,0.9461,2,2658.39
P0066,2,1,0,1,0.846,1,747.27
P0066,3,1,0,1,0.5071,1,639.49
P0066,4,1,0,1,0.9264,0,0.0
P0066,5,1,0,1,0.5915,0,0.0
P0066,6,1,0,1,0.8398,1,1250.88
P0066,7,1,0,1,0.7409,0,0.0
P0066,8,1,0,1,0.5466,0,0.0
P0066,9,1,0,1,0.6577,0,0.0
P0066,10,1,0,1,0.6725,0,0.0
P0067,1,1,1,0,0.6704,0,0.0
P0067,2,1,1,0,0.8631,0,0.0
P0067,3,1,1,0,0.8191,1,1003.55
P0067,4,1,1,0,0.8665,1,852.49
P0067,5,1,1,0,0.6037,0,0.0
P0067,6,1,1,0,0.5374,0,0.0
P0067,7,1,1,0,0.6106,0,0.0
P0067,8,1,1,0,0.6205,0,0.0
P0067,9,1,1,0,0.5054,1,908.08
P0067,10,1,1,0,0.5857,0,0.0
P0068,1,1,1,0,0.6678,0,0.0
P0068,2,1,1,0,0.9332,1,857.71
P0068,3,1,1,0,0.764,0,0.0
P0068,4,1,1,0,0.9892,0,0.0
P0068,5,1,1,0,0.5302,0,0.0
P0068,6,1,1,0,0.6868,1,1505.4
P0068,7,1,1,0,0.8319,1,1011.29
P0068,8,1,1,0,0.9875,0,0.0
P0068,9,1,1,0,0.6406,0,0.0
P0068,10,1,1,0,0.7306,0,0.0
P0069,1,0,0,1,0.6862,0,0.0
P0069,2,0,0,1,0.5335,0,0.0
P0069,3,0,0,1,0.7926,0,0.0
P0069,4,0,0,1,0.8847,0,0.0
P0069,5,0,0,1,0.6692,0,0.0
P0069,6,0,0,1,0.7299,0,0.0
P0069,7,0,0,1,0.6621,0,0.0
P0069,8,0,0,1,0.844,0,0.0
P0069,9,0,0,1,0.66,0,0.0
P0069,10,0,0,1,0.9287,0,0.0
P0070,1,0,0,1,0.5073,0,0.0
P0070,2,0,0,1,0.5313,1,784.74
P0070,3,0,0,1,0.5044,0,0.0
P0070,4,0,0,1,0.8452,0,0.0
P0070,5,0,0,1,0.9768,0,0.0
P0070,6,0,0,1,0.8468,0,0.0
P0070,7,0,0,1,0.7462,0,0.0
P0070,8,0,0,1,0.9838,1,801.46
P0070,9,0,0,1,0.8676,0,0.0
P0070,10,0,0,1,0.6818,0,0.0
P0071,1,1,1,0,0.8035,0,0.0
P0071,2,1,1,0,0.862,0,0.0
P0071,3,1,1,0,0.6007,0,0.0
P0071,4,1,1,0,0.5128,0,0.0
P0071,5,1,1,0,0.7833,0,0.0
P0071,6,1,1,0,0.8404,0,0.0
P0071,7,1,1,0,0.8089,0,0.0
P0071,8,1,1,0,0.6602,1,255.6
P0071,9,1,1,0,0.9919,1,812.21
P0071,10,1,1,0,0.7637,0,0.0
P0072,1,0,1,0,0.9875,0,0.0
P0072,2,0,1,0,0.8571,0,0.0
P0072,3,0,1,0,0.707,1,836.17
P0072,4,0,1,0,0.8918,1,1310.38
P0072,5,0,1,0,0.7343,0,0.0
P0072,6,0,1,0,0.91,1,685.3
P0072,7,0,1,0,0.8145,1,344.71
P0072,8,0,1,0,0.8543,0,0.0
P0072,9,0,1,0,0.6548,0,0.0
P0072,10,0,1,0,0.7746,0,0.0
P0073,1,0,1,0,0.8308,0,0.0
P0073,2,0,1,0,0.7847,0,0.0
P0073,3,0,1,0,0.8475,0,0.0
P0073,4,0,1,0,0.5471,0,0.0
P0073,5,0,1,0,0.6064,0,0.0
P0073,6,0,1,0,0.5618,0,0.0
P0073,7,0,1,0,0.6753,0,0.0
P0073,8,0,1,0,0.805,0,0.0
P0073,9,0,1,0,0.5351,0,0.0
P0073,10,0,1,0,0.6631,0,0.0
P0074,1,0,0,0,0.8021,0,0.0
P0074,2,0,0,0,0.9174,0,0.0
P0074,3,0,0,0,0.6357,0,0.0
P0074,4,0,0,0,0.5404,0,0.0
P0074,5,0,0,0,0.8178,0,0.0
P0074,6,0,0,0,0.9286,0,0.0
P0074,7,0,0,0,0.6897,0,0.0
P0074,8,0,0,0,0.9072,1,426.5
P0074,9,0,0,0,0.5016,0,0.0
P0074,10,0,0,0,0.8535,0,0.0
P0075,1,1,1,1,0.7727,0,0.0
P0075,2,1,1,1,0.998,1,1115.16
P0075,3,1,1,1,0.7932,0,0.0
P0075,4,1,1,1,0.7877,0,0.0
P0075,5,1,1,1,0.6439,0,0.0
P0075,6,1,1,1,0.713,0,0.0
P0075,7,1,1,1,0.8861,0,0.0
P0075,8,1,1,1,0.5834,0,0.0
P0075,9,1,1,1,0.5228,0,0.0
P0075,10,1,1,1,0.9169,0,0.0
P0076,1,0,1,0,0.5672,0,0.0
P0076,2,0,1,0,0.8542,0,0.0
P0076,3,0,1,0,0.7075,0,0.0
P0076,4,0,1,0,0.6297,0,0.0
P0076,5,0,1,0,0.5051,1,1374.87
P0076,6,0,1,0,0.8769,0,0.0
P0076,7,0,1,0,0.5404,0,0.0
P0076,8,0,1,0,0.98,1,614.0
P0076,9,0,1,0,0.8013,0,0.0
P0076,10,0,1,0,0.6424,0,0.0
P0077,1,0,1,0,0.792,0,0.0
P0077,2,0,1,0,0.8793,0,0.0
P0077,3,0,1,0,0.7315,0,0.0
P0077,4,0,1,0,0.7027,0,0.0
P0077,5,0,1,0,0.9457,0,0.0
P0077,6,0,1,0,0.7128,0,0.0
P0077,7,0,1,0,0.7742,0,0.0
P0077,8,0,1,0,0.5247,0,0.0
P0077,9,0,1,0,0.9262,1,758.23
P0077,10,0,1,0,0.9277,0,0.0
P0078,1,1,0,0,0.8824,0,0.0
P0078,2,1,0,0,0.6773,1,865.99
P0078,3,1,0,0,0.7799,0,0.0
P0078,4,1,0,0,0.5173,0,0.0
P0078,5,1,0,0,0.6494,0,0.0
P0078,6,1,0,0,0.8469,2,1187.29
P0078,7,1,0,0,0.7184,0,0.0
P0078,8,1,0,0,0.9752,1,939.72
P0078,9,1,0,0,0.5419,0,0.0
P0078,10,1,0,0,0.7459,0,0.0
P0079,1,1,1,0,0.8645,1,2168.57
P0079,2,1,1,0,0.7299,1,562.1
P0079,3,1,1,0,0.8625,0,0.0
P0079,4,1,1,0,0.5952,0,0.0
P0079,5,1,1,0,0.9205,1,1175.92
P0079,6,1,1,0,0.9009,0,0.0
P0079,7,1,1,0,0.6159,0,0.0
P0079,8,1,1,0,0.5659,0,0.0
P0079,9,1,1,0,0.7438,0,0.0
P0079,10,1,1,0,0.8906,0,0.0
P0080,1,0,1,0,0.91,1,310.02
P0080,2,0,1,0,0.5802,0,0.0
P0080,3,0,1,0,0.7913,0,0.0
P0080,4,0,1,0,0.8348,0,0.0
P0080,5,0,1,0,0.8812,1,560.3
P0080,6,0,1,0,0.8644,1,1259.58
P0080,7,0,1,0,0.5928,0,0.0
P0080,8,0,1,0,0.6394,0,0.0
P0080,9,0,1,0,0.7841,0,0.0
P0080,10,0,1,0,0.9734,1,834.27
P0081,1,0,1,0,0.5655,0,0.0
P0081,2,0,1,0,0.774,0,0.0
P0081,3,0,1,0,0.9568,0,0.0
P0081,4,0,1,0,0.8093,0,0.0
P0081,5,0,1,0,0.8182,1,371.02
P0081,6,0,1,0,0.998,1,786.55
P0081,7,0,1,0,0.5252,0,0.0
P0081,8,0,1,0,0.804,0,0.0
P0081,9,0,1,0,0.8172,0,0.0
P0081,10,0,1,0,0.8071,0,0.0
P0082,1,1,1,0,0.8138,0,0.0
P0082,2,1,1,0,0.6611,0,0.0
P0082,3,1,1,0,0.6262,0,0.0
P0082,4,1,1,0,0.9584,1,1237.14
P0082,5,1,1,0,0.557,0,0.0
P0082,6,1,1,0,0.7501,1,637.47
P0082,7,1,1,0,0.6098,0,0.0
P0082,8,1,1,0,0.9496,0,0.0
P0082,9,1,1,0,0.6288,1,996.31
P0082,10,1,1,0,0.6448,0,0.0
P0083,1,0,1,0,0.6196,0,0.0
P0083,2,0,1,0,0.8058,1,622.66
P0083,3,0,1,0,0.7844,1,800.31
P0083,4,0,1,0,0.7285,0,0.0
P0083,5,0,1,0,0.5191,0,0.0
P0083,6,0,1,0,0.6428,0,0.0
P0083,7,0,1,0,0.6388,1,551.5
P0083,8,0,1,0,0.6493,0,0.0
P0083,9,0,1,0,0.8076,0,0.0
P0083,10,0,1,0,0.5758,0,0.0
P0084,1,0,1,0,0.5206,0,0.0
P0084,2,0,1,0,0.8692,0,0.0
P0084,3,0,1,0,0.9287,0,0.0
P0084,4,0,1,0,0.8639,0,0.0
P0084,5,0,1,0,0.5563,0,0.0
P0084,6,0,1,0,0.5736,0,0.0
P0084,7,0,1,0,0.9863,1,1050.02
P0084,8,0,1,0,0.7651,0,0.0
P0084,9,0,1,0,0.813,1,699.85
P0084,10,0,1,0,0.7481,0,0.0
P0085,1,1,0,0,0.6249,0,0.0
P0085,2,1,0,0,0.7548,0,0.0
P0085,3,1,0,0,0.9731,1,1496.05
P0085,4,1,0,0,0.6186,2,1332.64
P0085,5,1,0,0,0.5528,0,0.0
P0085,6,1,0,0,0.9993,0,0.0
P0085,7,1,0,0,0.8606,0,0.0
P0085,8,1,0,0,0.9701,0,0.0
P0085,9,1,0,0,0.6233,0,0.0
P0085,10,1,0,0,0.9662,1,415.03
P0086,1,0,0,0,0.7678,0,0.0
P0086,2,0,0,0,0.6144,0,0.0
P0086,3,0,0,0,0.511,0,0.0
P0086,4,0,0,0,0.8601,0,0.0
P0086,5,0,0,0,0.5937,0,0.0
P0086,6,0,0,0,0.7649,1,305.25
P0086,7,0,0,0,0.9062,0,0.0
P0086,8,0,0,0,0.553,0,0.0
P0086,9,0,0,0,0.9939,0,0.0
P0086,10,0,0,0,0.9618,0,0.0
P0087,1,0,1,1,0.5884,0,0.0
P0087,2,0,1,1,0.556,1,853.88
P0087,3,0,1,1,0.5241,0,0.0
P0087,4,0,1,1,0.6099,0,0.0
P0087,5,0,1,1,0.8797,0,0.0
P0087,6,0,1,1,0.6396,1,641.93
P0087,7,0,1,1,0.8552,0,0.0
P0087,8,0,1,1,0.6146,0,0.0
P0087,9,0,1,1,0.8037,0,0.0
P0087,10,0,1,1,0.9698,0,0.0
P0088,1,1,0,0,0.962,0,0.0
P0088,2,1,0,0,0.6099,0,0.0
P0088,3,1,0,0,0.6995,0,0.0
P0088,4,1,0,0,0.9027,0,0.0
P0088,5,1,0,0,0.7354,1,755.35
P0088,6,1,0,0,0.9505,0,0.0
P0088,7,1,0,0,0.5357,0,0.0
P0088,8,1,0,0,0.7251,0,0.0
P0088,9,1,0,0,0.5196,0,0.0
P0088,10,1,0,0,0.7483,0,0.0
P0089,1,0,1,0,0.9667,0,0.0
P0089,2,0,1,0,0.8611,0,0.0
P0089,3,0,1,0,0.8152,0,0.0
P0089,4,0,1,0,0.9037,1,486.52
P0089,5,0,1,0,0.9787,1,735.22
P0089,6,0,1,0,0.9986,0,0.0
P0089,7,0,1,0,0.9521,0,0.0
P0089,8,0,1,0,0.8726,0,0.0
P0089,9,0,1,0,0.572,0,0.0
P0089,10,0,1,0,0.904,2,1209.77
P0090,1,0,0,0,0.5861,0,0.0
P0090,2,0,0,0,0.901,0,0.0
P0090,3,0,0,0,0.9274,0,0.0
P0090,4,0,0,0,0.5597,0,0.0
P0090,5,0,0,0,0.9927,0,0.0
P0090,6,0,0,0,0.5683,0,0.0
P0090,7,0,0,0,0.9561,0,0.0
P0090,8,0,0,0,0.5138,0,0.0
P0090,9,0,0,0,0.7779,0,0.0
P0090,10,0,0,0,0.5342,0,0.0
P0091,1,0,1,0,0.5331,0,0.0
P0091,2,0,1,0,0.7575,0,0.0
P0091,3,0,1,0,0.8227,0,0.0
P0091,4,0,1,0,0.5948,0,0.0
P0091,5,0,1,0,0.7658,0,0.0
P0091,6,0,1,0,0.8174,0,0.0
P0091,7,0,1,0,0.64,0,0.0
P0091,8,0,1,0,0.6387,1,568.25
P0091,9,0,1,0,0.6766,0,0.0
P0091,10,0,1,0,0.6734,0,0.0
P0092,1,1,1,0,0.7239,0,0.0
P0092,2,1,1,0,0.7044,0,0.0
P0092,3,1,1,0,0.806,0,0.0
P0092,4,1,1,0,0.9282,0,0.0
P0092,5,1,1,0,0.8756,0,0.0
P0092,6,1,1,0,0.5567,0,0.0
P0092,7,1,1,0,0.5673,2,1904.59
P0092,8,1,1,0,0.6952,0,0.0
P0092,9,1,1,0,0.5423,0,0.0
P0092,10,1,1,0,0.9796,0,0.0
P0093,1,0,1,0,0.5206,0,0.0
P0093,2,0,1,0,0.5127,0,0.0
P0093,3,0,1,0,0.552,0,0.0
P0093,4,0,1,0,0.7032,1,1101.03
P0093,5,0,1,0,0.8915,1,701.23
P0093,6,0,1,0,0.5278,0,0.0
P0093,7,0,1,0,0.5596,1,470.76
P0093,8,0,1,0,0.818,0,0.0
P0093,9,0,1,0,0.5415,0,0.0
P0093,10,0,1,0,0.5041,0,0.0
P0094,1,0,0,0,0.7919,0,0.0
P0094,2,0,0,0,0.6895,0,0.0
P0094,3,0,0,0,0.7961,0,0.0
P0094,4,0,0,0,0.8489,0,0.0
P0094,5,0,0,0,0.8857,0,0.0
P0094,6,0,0,0,0.9572,0,0.0
P0094,7,0,0,0,0.6826,0,0.0
P0094,8,0,0,0,0.9705,1,441.94
P0094,9,0,0,0,0.8538,0,0.0
P0094,10,0,0,0,0.5529,0,0.0
P0095,1,1,0,1,0.6165,1,893.56
P0095,2,1,0,1,0.9392,0,0.0
P0095,3,1,0,1,0.5631,0,0.0
P0095,4,1,0,1,0.9234,0,0.0
P0095,5,1,0,1,0.8361,0,0.0
P0095,6,1,0,1,0.5974,0,0.0
P0095,7,1,0,1,0.8871,0,0.0
P0095,8,1,0,1,0.7514,0,0.0
P0095,9,1,0,1,0.8212,1,548.25
P0095,10,1,0,1,0.8932,0,0.0
P0096,1,0,1,1,0.5575,0,0.0
P0096,2,0,1,1,0.7551,0,0.0
P0096,3,0,1,1,0.8078,0,0.0
P0096,4,0,1,1,0.5829,0,0.0
P0096,5,0,1,1,0.9778,0,0.0
P0096,6,0,1,1,0.657,0,0.0
P0096,7,0,1,1,0.7868,0,0.0
P0096,8,0,1,1,0.7417,0,0.0
P0096,9,0,1,1,0.9939,0,0.0
P0096,10,0,1,1,0.5839,0,0.0
P0097,1,0,0,0,0.7954,0,0.0
P0097,2,0,0,0,0.838,0,0.0
P0097,3,0,0,0,0.5441,0,0.0
P0097,4,0,0,0,0.9535,0,0.0
P0097,5,0,0,0,0.9798,0,0.0
P0097,6,0,0,0,0.5393,0,0.0
P0097,7,0,0,0,0.6613,0,0.0
P0097,8,0,0,0,0.8499,0,0.0
P0097,9,0,0,0,0.5485,2,763.35
P0097,10,0,0,0,0.6144,0,0.0
P0098,1,0,1,1,0.6631,0,0.0
P0098,2,0,1,1,0.6011,1,585.15
P0098,3,0,1,1,0.6955,0,0.0
P0098,4,0,1,1,0.8224,0,0.0
P0098,5,0,1,1,0.8682,0,0.0
P0098,6,0,1,1,0.8305,0,0.0
P0098,7,0,1,1,0.588,0,0.0
P0098,8,0,1,1,0.6818,0,0.0
P0098,9,0,1,1,0.9504,0,0.0
P0098,10,0,1,1,0.631,1,1003.55
P0099,1,0,0,1,0.551,0,0.0
P0099,2,0,0,1,0.8346,0,0.0
P0099,3,0,0,1,0.7376,0,0.0
P0099,4,0,0,1,0.9401,0,0.0
P0099,5,0,0,1,0.5727,1,1019.16
P0099,6,0,0,1,0.59,0,0.0
P0099,7,0,0,1,0.7345,0,0.0
P0099,8,0,0,1,0.6474,0,0.0
P0099,9,0,0,1,0.9818,0,0.0
P0099,10,0,0,1,0.7838,1,749.49
P0100,1,0,1,0,0.909,0,0.0
P0100,2,0,1,0,0.7751,0,0.0
P0100,3,0,1,0,0.9943,0,0.0
P0100,4,0,1,0,0.6414,0,0.0
P0100,5,0,1,0,0.9441,0,0.0
P0100,6,0,1,0,0.9845,0,0.0
P0100,7,0,1,0,0.759,0,0.0
P0100,8,0,1,0,0.5617,0,0.0
P0100,9,0,1,0,0.6995,1,1078.0
P0100,10,0,1,0,0.7547,0,0.0
P0101,1,1,0,1,0.7123,0,0.0
P0101,2,1,0,1,0.5268,1,849.12
P0101,3,1,0,1,0.7468,1,1433.56
P0101,4,1,0,1,0.6324,0,0.0
P0101,5,1,0,1,0.8669,1,1097.58
P0101,6,1,0,1,0.7198,0,0.0
P0101,7,1,0,1,0.7431,0,0.0
P0101,8,1,0,1,0.7627,0,0.0
P0101,9,1,0,1,0.9029,1,695.09
P0101,10,1,0,1,0.9133,1,734.03
P0102,1,0,0,1,0.5476,0,0.0
P0102,2,0,0,1,0.6192,0,0.0
P0102,3,0,0,1,0.7163,0,0.0
P0102,4,0,0,1,0.9357,0,0.0
P0102,5,0,0,1,0.8526,0,0.0
P0102,6,0,0,1,0.7635,0,0.0
P0102,7,0,0,1,0.7361,0,0.0
P0102,8,0,0,1,0.5272,0,0.0
P0102,9,0,0,1,0.5261,0,0.0
P0102,10,0,0,1,0.5251,1,705.66
P0103,1,0,1,1,0.7573,0,0.0
P0103,2,0,1,1,0.7138,0,0.0
P0103,3,0,1,1,0.7437,0,0.0
P0103,4,0,1,1,0.5445,0,0.0
P0103,5,0,1,1,0.7029,2,1323.51
P0103,6,0,1,1,0.7305,0,0.0
P0103,7,0,1,1,0.8291,0,0.0
P0103,8,0,1,1,0.8243,1,1125.26
P0103,9,0,1,1,0.5053,0,0.0
P0103,10,0,1,1,0.7558,0,0.0
P0104,1,0,0,1,0.8476,1,438.88
P0104,2,0,0,1,0.9989,1,1025.74
P0104,3,0,0,1,0.5944,0,0.0
P0104,4,0,0,1,0.8127,0,0.0
P0104,5,0,0,1,0.7714,0,0.0
P0104,6,0,0,1,0.5942,1,1422.28
P0104,7,0,0,1,0.8728,0,0.0
P0104,8,0,0,1,0.9116,0,0.0
P0104,9,0,0,1,0.989,0,0.0
P0104,10,0,0,1,0.9555,1,666.16
P0105,1,0,1,0,0.7456,0,0.0
P0105,2,0,1,0,0.6591,0,0.0
P0105,3,0,1,0,0.966,0,0.0
P0105,4,0,1,0,0.5987,0,0.0
P0105,5,0,1,0,0.9763,0,0.0
P0105,6,0,1,0,0.7927,0,0.0
P0105,7,0,1,0,0.6616,0,0.0
P0105,8,0,1,0,0.5792,1,1365.95
P0105,9,0,1,0,0.6809,0,0.0
P0105,10,0,1,0,0.7877,0,0.0
P0106,1,1,1,1,0.997,1,763.56
P0106,2,1,1,1,0.8862,0,0.0
P0106,3,1,1,1,0.8393,1,1227.87
P0106,4,1,1,1,0.9099,0,0.0
P0106,5,1,1,1,0.5826,0,0.0
P0106,6,1,1,1,0.6738,0,0.0
P0106,7,1,1,1,0.5935,0,0.0
P0106,8,1,1,1,0.819,2,2492.99
P0106,9,1,1,1,0.5117,0,0.0
P0106,10,1,1,1,0.7933,0,0.0
P0107,1,1,0,1,0.5638,0,0.0
P0107,2,1,0,1,0.5431,0,0.0
P0107,3,1,0,1,0.8739,0,0.0
P0107,4,1,0,1,0.8472,0,0.0
P0107,5,1,0,1,0.5886,0,0.0
P0107,6,1,0,1,0.8908,2,1353.97
P0107,7,1,0,1,0.5226,0,0.0
P0107,8,1,0,1,0.5565,1,677.84
P0107,9,1,0,1,0.8067,0,0.0
P0107,10,1,0,1,0.8832,0,0.0
P0108,1,0,1,0,0.8828,0,0.0
P0108,2,0,1,0,0.8223,0,0.0
P0108,3,0,1,0,0.7071,0,0.0
P0108,4,0,1,0,0.7196,0,0.0
P0108,5,0,1,0,0.8808,0,0.0
P0108,6,0,1,0,0.6621,0,0.0
P0108,7,0,1,0,0.998,0,0.0
P0108,8,0,1,0,0.8879,1,729.2
P0108,9,0,1,0,0.7009,0,0.0
P0108,10,0,1,0,0.6114,0,0.0
P0109,1,0,0,1,0.8086,0,0.0
P0109,2,0,0,1,0.5539,0,0.0
P0109,3,0,0,1,0.8024,1,984.92
P0109,4,0,0,1,0.8036,0,0.0
P0109,5,0,0,1,0.6739,0,0.0
P0109,6,0,0,1,0.5344,0,0.0
P0109,7,0,0,1,0.5358,0,0.0
P0109,8,0,0,1,0.6584,0,0.0
P0109,9,0,0,1,0.7213,1,741.91
P0109,10,0,0,1,0.977,0,0.0
P0110,1,0,1,0,0.9164,0,0.0
P0110,2,0,1,0,0.9063,0,0.0
P0110,3,0,1,0,0.7717,0,0.0
P0110,4,0,1,0,0.5049,0,0.0
P0110,5,0,1,0,0.5544,0,0.0
P0110,6,0,1,0,0.7556,0,0.0
P0110,7,0,1,0,0.6072,0,0.0
P0110,8,0,1,0,0.7646,0,0.0
P0110,9,0,1,0,0.736,0,0.0
P0110,10,0,1,0,0.584,0,0.0
P0111,1,0,0,0,0.9564,0,0.0
P0111,2,0,0,0,0.9243,0,0.0
P0111,3,0,0,0,0.9938,0,0.0
P0111,4,0,0,0,0.8193,0,0.0
P0111,5,0,0,0,0.9868,0,0.0
P0111,6,0,0,0,0.8243,0,0.0
P0111,7,0,0,0,0.6702,0,0.0
P0111,8,0,0,0,0.9694,0,0.0
P0111,9,0,0,0,0.5406,0,0.0
P0111,10,0,0,0,0.7534,0,0.0
P0112,1,0,1,1,0.6525,1,853.65
P0112,2,0,1,1,0.9238,0,0.0
P0112,3,0,1,1,0.7054,0,0.0
P0112,4,0,1,1,0.8627,0,0.0
P0112,5,0,1,1,0.9909,0,0.0
P0112,6,0,1,1,0.9073,0,0.0
P0112,7,0,1,1,0.933,2,1364.77
P0112,8,0,1,1,0.6282,0,0.0
P0112,9,0,1,1,0.8913,0,0.0
P0112,10,0,1,1,0.6119,0,0.0
P0113,1,1,0,0,0.5392,0,0.0
P0113,2,1,0,0,0.6425,0,0.0
P0113,3,1,0,0,0.7927,0,0.0
P0113,4,1,0,0,0.852,0,0.0
P0113,5,1,0,0,0.7643,0,0.0
P0113,6,1,0,0,0.9184,0,0.0
P0113,7,1,0,0,0.7544,0,0.0
P0113,8,1,0,0,0.572,0,0.0
P0113,9,1,0,0,0.6816,0,0.0
P0113,10,1,0,0,0.5116,0,0.0
P0114,1,0,1,0,0.9324,1,964.33
P0114,2,0,1,0,0.5726,0,0.0
P0114,3,0,1,0,0.7306,0,0.0
P0114,4,0,1,0,0.9863,0,0.0
P0114,5,0,1,0,0.8267,0,0.0
P0114,6,0,1,0,0.7565,0,0.0
P0114,7,0,1,0,0.9869,0,0.0
P0114,8,0,1,0,0.5042,0,0.0
P0114,9,0,1,0,0.9753,0,0.0
P0114,10,0,1,0,0.589,0,0.0
P0115,1,0,0,1,0.6205,0,0.0
P0115,2,0,0,1,0.7668,0,0.0
P0115,3,0,0,1,0.7517,0,0.0
P0115,4,0,0,1,0.956,0,0.0
P0115,5,0,0,1,0.802,0,0.0
P0115,6,0,0,1,0.6071,0,0.0
P0115,7,0,0,1,0.6621,2,1638.15
P0115,8,0,0,1,0.795,0,0.0
P0115,9,0,0,1,0.6018,0,0.0
P0115,10,0,0,1,0.5265,0,0.0
P0116,1,0,1,1,0.9108,1,845.12
P0116,2,0,1,1,0.7235,0,0.0
P0116,3,0,1,1,0.5733,0,0.0
P0116,4,0,1,1,0.6924,0,0.0
P0116,5,0,1,1,0.5829,0,0.0
P0116,6,0,1,1,0.5944,0,0.0
P0116,7,0,1,1,0.723,1,1709.21
P0116,8,0,1,1,0.5105,0,0.0
P0116,9,0,1,1,0.5699,0,0.0
P0116,10,0,1,1,0.8592,0,0.0
P0117,1,1,0,1,0.5423,0,0.0
P0117,2,1,0,1,0.8104,0,0.0
P0117,3,1,0,1,0.5434,0,0.0
P0117,4,1,0,1,0.5185,0,0.0
P0117,5,1,0,1,0.6372,0,0.0
P0117,6,1,0,1,0.6955,0,0.0
P0117,7,1,0,1,0.5525,0,0.0
P0117,8,1,0,1,0.958,0,0.0
P0117,9,1,0,1,0.5916,0,0.0
P0117,10,1,0,1,0.8554,0,0.0
P0118,1,0,0,1,0.8993,0,0.0
P0118,2,0,0,1,0.6783,1,1116.86
P0118,3,0,0,1,0.7772,0,0.0
P0118,4,0,0,1,0.5303,0,0.0
P0118,5,0,0,1,0.8924,0,0.0
P0118,6,0,0,1,0.8477,0,0.0
P0118,7,0,0,1,0.5555,1,881.55
P0118,8,0,0,1,0.9296,0,0.0
P0118,9,0,0,1,0.502,0,0.0
P0118,10,0,0,1,0.7625,0,0.0
P0119,1,0,1,0,0.5612,0,0.0
P0119,2,0,1,0,0.515,0,0.0
P0119,3,0,1,0,0.5137,0,0.0
P0119,4,0,1,0,0.7842,0,0.0
P0119,5,0,1,0,0.681,0,0.0
P0119,6,0,1,0,0.5008,0,0.0
P0119,7,0,1,0,0.6267,0,0.0
P0119,8,0,1,0,0.9196,0,0.0
P0119,9,0,1,0,0.8555,0,0.0
P0119,10,0,1,0,0.6493,0,0.0
P0120,1,0,1,0,0.5097,0,0.0
P0120,2,0,1,0,0.6009,0,0.0
P0120,3,0,1,0,0.569,0,0.0
P0120,4,0,1,0,0.8275,0,0.0
P0120,5,0,1,0,0.544,0,0.0
P0120,6,0,1,0,0.7674,0,0.0
P0120,7,0,1,0,0.9484,0,0.0
P0120,8,0,1,0,0.532,0,0.0
P0120,9,0,1,0,0.6636,0,0.0
P0120,10,0,1,0,0.7925,0,0.0
P0121,1,0,1,1,0.5825,0,0.0
P0121,2,0,1,1,0.9346,1,1495.62
P0121,3,0,1,1,0.7804,1,551.36
P0121,4,0,1,1,0.9812,0,0.0
P0121,5,0,1,1,0.8582,0,0.0
P0121,6,0,1,1,0.7463,1,585.66
P0121,7,0,1,1,0.5509,0,0.0
P0121,8,0,1,1,0.9734,0,0.0
P0121,9,0,1,1,0.611,0,0.0
P0121,10,0,1,1,0.9198,0,0.0
P0122,1,0,1,1,0.6561,0,0.0
P0122,2,0,1,1,0.5984,0,0.0
P0122,3,0,1,1,0.8601,0,0.0
P0122,4,0,1,1,0.9767,0,0.0
P0122,5,0,1,1,0.9052,0,0.0
P0122,6,0,1,1,0.6807,0,0.0
P0122,7,0,1,1,0.6347,0,0.0
P0122,8,0,1,1,0.9234,1,1410.29
P0122,9,0,1,1,0.627,1,828.49
P0122,10,0,1,1,0.9321,0,0.0
P0123,1,0,0,1,0.873,0,0.0
P0123,2,0,0,1,0.5405,0,0.0
P0123,3,0,0,1,0.5338,0,0.0
P0123,4,0,0,1,0.6107,1,1307.83
P0123,5,0,0,1,0.5715,0,0.0
P0123,6,0,0,1,0.683,0,0.0
P0123,7,0,0,1,0.9403,0,0.0
P0123,8,0,0,1,0.9335,0,0.0
P0123,9,0,0,1,0.8819,0,0.0
P0123,10,0,0,1,0.7557,1,438.37
P0124,1,0,0,1,0.6689,0,0.0
P0124,2,0,0,1,0.9053,1,459.46
P0124,3,0,0,1,0.5475,0,0.0
P0124,4,0,0,1,0.6834,0,0.0
P0124,5,0,0,1,0.6646,0,0.0
P0124,6,0,0,1,0.552,0,0.0
P0124,7,0,0,1,0.6493,0,0.0
P0124,8,0,0,1,0.7786,0,0.0
P0124,9,0,0,1,0.9524,0,0.0
P0124,10,0,0,1,0.5617,0,0.0
P0125,1,1,0,1,0.6806,0,0.0
P0125,2,1,0,1,0.5654,0,0.0
P0125,3,1,0,1,0.549,0,0.0
P0125,4,1,0,1,0.8827,0,0.0
P0125,5,1,0,1,0.5902,0,0.0
P0125,6,1,0,1,0.6332,0,0.0
P0125,7,1,0,1,0.9535,1,622.51
P0125,8,1,0,1,0.5414,0,0.0
P0125,9,1,0,1,0.8362,1,1017.52
P0125,10,1,0,1,0.8722,0,0.0
P0126,1,0,1,0,0.7338,0,0.0
P0126,2,0,1,0,0.7662,0,0.0
P0126,3,0,1,0,0.5012,0,0.0
P0126,4,0,1,0,0.5036,0,0.0
P0126,5,0,1,0,0.695,0,0.0
P0126,6,0,1,0,0.5905,0,0.0
P0126,7,0,1,0,0.8464,0,0.0
P0126,8,0,1,0,0.6242,1,460.26
P0126,9,0,1,0,0.8337,1,716.56
P0126,10,0,1,0,0.5053,0,0.0
P0127,1,1,1,0,0.6838,1,942.67
P0127,2,1,1,0,0.5655,0,0.0
P0127,3,1,1,0,0.9599,0,0.0
P0127,4,1,1,0,0.6791,0,0.0
P0127,5,1,1,0,0.9418,0,0.0
P0127,6,1,1,0,0.5127,0,0.0
P0127,7,1,1,0,0.5659,0,0.0
P0127,8,1,1,0,0.7415,1,1026.39
P0127,9,1,1,0,0.5436,0,0.0
P0127,10,1,1,0,0.6389,2,1610.82
P0128,1,0,0,0,0.9948,0,0.0
P0128,2,0,0,0,0.6445,0,0.0
P0128,3,0,0,0,0.6627,1,431.56
P0128,4,0,0,0,0.6671,0,0.0
P0128,5,0,0,0,0.55,0,0.0
P0128,6,0,0,0,0.5761,0,0.0
P0128,7,0,0,0,0.9286,0,0.0
P0128,8,0,0,0,0.8399,0,0.0
P0128,9,0,0,0,0.7535,0,0.0
P0128,10,0,0,0,0.6926,0,0.0
P0129,1,0,0,0,0.7845,1,419.97
P0129,2,0,0,0,0.8268,0,0.0
P0129,3,0,0,0,0.5663,0,0.0
P0129,4,0,0,0,0.5944,0,0.0
P0129,5,0,0,0,0.9954,0,0.0
P0129,6,0,0,0,0.9722,0,0.0
P0129,7,0,0,0,0.6198,0,0.0
P0129,8,0,0,0,0.8042,0,0.0
P0129,9,0,0,0,0.5182,0,0.0
P0129,10,0,0,0,0.7385,0,0.0
P0130,1,0,1,0,0.5301,0,0.0
P0130,2,0,1,0,0.5935,0,0.0
P0130,3,0,1,0,0.5771,1,720.62
P0130,4,0,1,0,0.7775,0,0.0
P0130,5,0,1,0,0.9621,1,511.41
P0130,6,0,1,0,0.8459,0,0.0
P0130,7,0,1,0,0.7782,0,0.0
P0130,8,0,1,0,0.7373,0,0.0
P0130,9,0,1,0,0.851,0,0.0
P0130,10,0,1,0,0.8883,1,1415.1
P0131,1,1,1,1,0.8604,1,1437.18
P0131,2,1,1,1,0.6608,1,1092.79
P0131,3,1,1,1,0.7949,0,0.0
P0131,4,1,1,1,0.9462,0,0.0
P0131,5,1,1,1,0.6409,0,0.0
P0131,6,1,1,1,0.6505,0,0.0
P0131,7,1,1,1,0.575,1,1032.19
P0131,8,1,1,1,0.5428,0,0.0
P0131,9,1,1,1,0.6921,0,0.0
P0131,10,1,1,1,0.9886,1,1075.67
P0132,1,0,0,0,0.8953,0,0.0
P0132,2,0,0,0,0.5569,0,0.0
P0132,3,0,0,0,0.7914,0,0.0
P0132,4,0,0,0,0.8076,0,0.0
P0132,5,0,0,0,0.886,0,0.0
P0132,6,0,0,0,0.7898,0,0.0
P0132,7,0,0,0,0.8074,0,0.0
P0132,8,0,0,0,0.9533,0,0.0
P0132,9,0,0,0,0.5316,0,0.0
P0132,10,0,0,0,0.8609,0,0.0
P0133,1,0,1,1,0.9085,0,0.0
P0133,2,0,1,1,0.5405,0,0.0
P0133,3,0,1,1,0.8572,0,0.0
P0133,4,0,1,1,0.9503,0,0.0
P0133,5,0,1,1,0.8423,0,0.0
P0133,6,0,1,1,0.9707,0,0.0
P0133,7,0,1,1,0.5494,0,0.0
P0133,8,0,1,1,0.765,0,0.0
P0133,9,0,1,1,0.9097,0,0.0
P0133,10,0,1,1,0.5565,0,0.0
P0134,1,1,0,0,0.8417,0,0.0
P0134,2,1,0,0,0.5613,0,0.0
P0134,3,1,0,0,0.5409,0,0.0
P0134,4,1,0,0,0.6508,0,0.0
P0134,5,1,0,0,0.7127,0,0.0
P0134,6,1,0,0,0.7438,0,0.0
P0134,7,1,0,0,0.7249,1,428.5
P0134,8,1,0,0,0.5454,0,0.0
P0134,9,1,0,0,0.6763,0,0.0
P0134,10,1,0,0,0.7373,0,0.0
P0135,1,0,0,1,0.9089,1,1236.05
P0135,2,0,0,1,0.7177,0,0.0
P0135,3,0,0,1,0.7905,0,0.0
P0135,4,0,0,1,0.6595,0,0.0
P0135,5,0,0,1,0.8186,0,0.0
P0135,6,0,0,1,0.6152,0,0.0
P0135,7,0,0,1,0.6023,0,0.0
P0135,8,0,0,1,0.5689,0,0.0
P0135,9,0,0,1,0.8987,0,0.0
P0135,10,0,0,1,0.7328,0,0.0
P0136,1,0,0,0,0.6779,0,0.0
P0136,2,0,0,0,0.6799,1,1058.08
P0136,3,0,0,0,0.7004,0,0.0
P0136,4,0,0,0,0.8343,0,0.0
P0136,5,0,0,0,0.8013,0,0.0
P0136,6,0,0,0,0.5222,0,0.0
P0136,7,0,0,0,0.6858,0,0.0
P0136,8,0,0,0,0.8447,2,1235.22
P0136,9,0,0,0,0.5636,0,0.0
P0136,10,0,0,0,0.7651,0,0.0
P0137,1,0,0,0,0.9414,0,0.0
P0137,2,0,0,0,0.6099,0,0.0
P0137,3,0,0,0,0.8566,0,0.0
P0137,4,0,0,0,0.8475,2,1407.8
P0137,5,0,0,0,0.9751,0,0.0
P0137,6,0,0,0,0.8552,0,0.0
P0137,7,0,0,0,0.7337,0,0.0
P0137,8,0,0,0,0.5031,0,0.0
P0137,9,0,0,0,0.5804,0,0.0
P0137,10,0,0,0,0.5521,0,0.0
P0138,1,0,0,0,0.5491,1,720.0
P0138,2,0,0,0,0.8177,0,0.0
P0138,3,0,0,0,0.6537,0,0.0
P0138,4,0,0,0,0.622,0,0.0
P0138,5,0,0,0,0.95,0,0.0
P0138,6,0,0,0,0.5692,0,0.0
P0138,7,0,0,0,0.9607,0,0.0
P0138,8,0,0,0,0.9001,0,0.0
P0138,9,0,0,0,0.798,0,0.0
P0138,10,0,0,0,0.9394,0,0.0
P0139,1,0,0,0,0.5998,0,0.0
P0139,2,0,0,0,0.6938,0,0.0
P0139,3,0,0,0,0.9177,1,744.56
P0139,4,0,0,0,0.9355,0,0.0
P0139,5,0,0,0,0.6649,0,0.0
P0139,6,0,0,0,0.6375,0,0.0
P0139,7,0,0,0,0.6141,0,0.0
P0139,8,0,0,0,0.5689,0,0.0
P0139,9,0,0,0,0.6068,0,0.0
P0139,10,0,0,0,0.7535,0,0.0
P0140,1,0,0,1,0.9621,0,0.0
P0140,2,0,0,1,0.9217,0,0.0
P0140,3,0,0,1,0.5944,0,0.0
P0140,4,0,0,1,0.6216,0,0.0
P0140,5,0,0,1,0.717,0,0.0
P0140,6,0,0,1,0.8451,0,0.0
P0140,7,0,0,1,0.5488,0,0.0
P0140,8,0,0,1,0.6977,0,0.0
P0140,9,0,0,1,0.708,1,1056.6
P0140,10,0,0,1,0.9438,0,0.0
P0141,1,1,0,0,0.9765,0,0.0
P0141,2,1,0,0,0.7404,0,0.0
P0141,3,1,0,0,0.6287,0,0.0
P0141,4,1,0,0,0.65,0,0.0
P0141,5,1,0,0,0.6326,0,0.0
P0141,6,1,0,0,0.7012,0,0.0
P0141,7,1,0,0,0.8701,0,0.0
P0141,8,1,0,0,0.582,0,0.0
P0141,9,1,0,0,0.8485,0,0.0
P0141,10,1,0,0,0.5036,0,0.0
P0142,1,0,0,1,0.7415,0,0.0
P0142,2,0,0,1,0.608,0,0.0
P0142,3,0,0,1,0.5858,0,0.0
P0142,4,0,0,1,0.6301,0,0.0
P0142,5,0,0,1,0.9634,0,0.0
P0142,6,0,0,1,0.6461,0,0.0
P0142,7,0,0,1,0.5391,0,0.0
P0142,8,0,0,1,0.544,0,0.0
P0142,9,0,0,1,0.6785,1,665.42
P0142,10,0,0,1,0.7959,0,0.0
P0143,1,0,1,0,0.5827,0,0.0
P0143,2,0,1,0,0.7241,0,0.0
P0143,3,0,1,0,0.628,0,0.0
P0143,4,0,1,0,0.5141,0,0.0
P0143,5,0,1,0,0.8455,0,0.0
P0143,6,0,1,0,0.8332,0,0.0
P0143,7,0,1,0,0.9479,0,0.0
P0143,8,0,1,0,0.7543,0,0.0
P0143,9,0,1,0,0.8752,0,0.0
P0143,10,0,1,0,0.511,0,0.0
P0144,1,0,1,1,0.9493,1,502.16
P0144,2,0,1,1,0.9691,0,0.0
P0144,3,0,1,1,0.9309,0,0.0
P0144,4,0,1,1,0.7001,0,0.0
P0144,5,0,1,1,0.9867,1,1898.37
P0144,6,0,1,1,0.9584,0,0.0
P0144,7,0,1,1,0.6375,0,0.0
P0144,8,0,1,1,0.9449,0,0.0
P0144,9,0,1,1,0.5189,0,0.0
P0144,10,0,1,1,0.593,0,0.0
P0145,1,1,0,0,0.696,0,0.0
P0145,2,1,0,0,0.8912,0,0.0
P0145,3,1,0,0,0.9642,1,917.28
P0145,4,1,0,0,0.9335,1,947.85
P0145,5,1,0,0,0.9929,0,0.0
P0145,6,1,0,0,0.9501,1,380.07
P0145,7,1,0,0,0.5389,2,1934.04
P0145,8,1,0,0,0.6869,0,0.0
P0145,9,1,0,0,0.629,0,0.0
P0145,10,1,0,0,0.7569,0,0.0
P0146,1,0,0,0,0.8295,0,0.0
P0146,2,0,0,0,0.9044,0,0.0
P0146,3,0,0,0,0.6145,0,0.0
P0146,4,0,0,0,0.5631,0,0.0
P0146,5,0,0,0,0.5437,0,0.0
P0146,6,0,0,0,0.8779,0,0.0
P0146,7,0,0,0,0.6307,0,0.0
P0146,8,0,0,0,0.9917,0,0.0
P0146,9,0,0,0,0.6124,0,0.0
P0146,10,0,0,0,0.6004,0,0.0
P0147,1,0,0,0,0.8475,0,0.0
P0147,2,0,0,0,0.9413,0,0.0
P0147,3,0,0,0,0.8179,2,1125.27
P0147,4,0,0,0,0.9481,0,0.0
P0147,5,0,0,0,0.5796,0,0.0
P0147,6,0,0,0,0.5061,0,0.0
P0147,7,0,0,0,0.5082,0,0.0
P0147,8,0,0,0,0.9289,0,0.0
P0147,9,0,0,0,0.8569,0,0.0
P0147,10,0,0,0,0.5755,0,0.0
P0148,1,1,1,1,0.8098,0,0.0
P0148,2,1,1,1,0.5542,0,0.0
P0148,3,1,1,1,0.6186,0,0.0
P0148,4,1,1,1,0.5746,0,0.0
P0148,5,1,1,1,0.8323,1,893.11
P0148,6,1,1,1,0.787,0,0.0
P0148,7,1,1,1,0.5832,0,0.0
P0148,8,1,1,1,0.5389,0,0.0
P0148,9,1,1,1,0.8596,0,0.0
P0148,10,1,1,1,0.9111,1,1265.48
P0149,1,1,1,0,0.6005,1,730.69
P0149,2,1,1,0,0.962,0,0.0
P0149,3,1,1,0,0.68,0,0.0
P0149,4,1,1,0,0.9133,0,0.0
P0149,5,1,1,0,0.5353,0,0.0
P0149,6,1,1,0,0.6423,0,0.0
P0149,7,1,1,0,0.5134,0,0.0
P0149,8,1,1,0,0.5198,0,0.0
P0149,9,1,1,0,0.7326,0,0.0
P0149,10,1,1,0,0.6484,0,0.0
P0150,1,0,0,0,0.8,0,0.0
P0150,2,0,0,0,0.7158,0,0.0
P0150,3,0,0,0,0.7277,0,0.0
P0150,4,0,0,0,0.8749,0,0.0
P0150,5,0,0,0,0.8134,0,0.0
P0150,6,0,0,0,0.8739,0,0.0
P0150,7,0,0,0,0.9147,0,0.0
P0150,8,0,0,0,0.5611,0,0.0
P0150,9,0,0,0,0.9481,0,0.0
P0150,10,0,0,0,0.9253,0,0.0
P0151,1,0,0,0,0.6354,0,0.0
P0151,2,0,0,0,0.5637,0,0.0
P0151,3,0,0,0,0.8377,0,0.0
P0151,4,0,0,0,0.5776,0,0.0
P0151,5,0,0,0,0.5343,0,0.0
P0151,6,0,0,0,0.772,0,0.0
P0151,7,0,0,0,0.6843,0,0.0
P0151,8,0,0,0,0.665,0,0.0
P0151,9,0,0,0,0.7597,1,786.84
P0151,10,0,0,0,0.8421,0,0.0
P0152,1,0,0,1,0.6331,0,0.0
P0152,2,0,0,1,0.6576,0,0.0
P0152,3,0,0,1,0.9595,0,0.0
P0152,4,0,0,1,0.6144,0,0.0
P0152,5,0,0,1,0.936,0,0.0
P0152,6,0,0,1,0.5267,0,0.0
P0152,7,0,0,1,0.8753,0,0.0
P0152,8,0,0,1,0.6065,0,0.0
P0152,9,0,0,1,0.5865,0,0.0
P0152,10,0,0,1,0.9194,0,0.0
P0153,1,0,0,0,0.8926,0,0.0
P0153,2,0,0,0,0.7649,0,0.0
P0153,3,0,0,0,0.9699,0,0.0
P0153,4,0,0,0,0.6615,0,0.0
P0153,5,0,0,0,0.9285,0,0.0
P0153,6,0,0,0,0.5873,0,0.0
P0153,7,0,0,0,0.7379,0,0.0
P0153,8,0,0,0,0.9697,0,0.0
P0153,9,0,0,0,0.8372,0,0.0
P0153,10,0,0,0,0.9518,0,0.0
P0154,1,0,1,1,0.8368,0,0.0
P0154,2,0,1,1,0.6754,0,0.0
P0154,3,0,1,1,0.573,0,0.0
P0154,4,0,1,1,0.6737,0,0.0
P0154,5,0,1,1,0.6426,0,0.0
P0154,6,0,1,1,0.8302,0,0.0
P0154,7,0,1,1,0.6456,0,0.0
P0154,8,0,1,1,0.7241,0,0.0
P0154,9,0,1,1,0.8847,0,0.0
P0154,10,0,1,1,0.9636,0,0.0
P0155,1,1,0,1,0.959,0,0.0
P0155,2,1,0,1,0.9918,0,0.0
P0155,3,1,0,1,0.6088,0,0.0
P0155,4,1,0,1,0.7238,0,0.0
P0155,5,1,0,1,0.6151,0,0.0
P0155,6,1,0,1,0.6847,0,0.0
P0155,7,1,0,1,0.7956,1,773.03
P0155,8,1,0,1,0.5039,0,0.0
P0155,9,1,0,1,0.8792,0,0.0
P0155,10,1,0,1,0.5427,0,0.0
P0156,1,1,0,0,0.8756,0,0.0
P0156,2,1,0,0,0.5225,0,0.0
P0156,3,1,0,0,0.551,0,0.0
P0156,4,1,0,0,0.514,0,0.0
P0156,5,1,0,0,0.9784,0,0.0
P0156,6,1,0,0,0.6758,0,0.0
P0156,7,1,0,0,0.5317,0,0.0
P0156,8,1,0,0,0.9919,1,399.36
P0156,9,1,0,0,0.6437,0,0.0
P0156,10,1,0,0,0.5085,0,0.0
P0157,1,0,1,1,0.8068,1,837.01
P0157,2,0,1,1,0.9761,1,564.72
P0157,3,0,1,1,0.8849,0,0.0
P0157,4,0,1,1,0.5449,0,0.0
P0157,5,0,1,1,0.6526,2,1685.57
P0157,6,0,1,1,0.516,1,1113.38
P0157,7,0,1,1,0.7669,0,0.0
P0157,8,0,1,1,0.9834,0,0.0
P0157,9,0,1,1,0.7395,0,0.0
P0157,10,0,1,1,0.5214,0,0.0
P0158,1,0,1,0,0.834,0,0.0
P0158,2,0,1,0,0.7008,0,0.0
P0158,3,0,1,0,0.5111,0,0.0
P0158,4,0,1,0,0.5194,0,0.0
P0158,5,0,1,0,0.9404,0,0.0
P0158,6,0,1,0,0.8873,0,0.0
P0158,7,0,1,0,0.7691,0,0.0
P0158,8,0,1,0,0.9061,0,0.0
P0158,9,0,1,0,0.7811,0,0.0
P0158,10,0,1,0,0.5851,0,0.0
P0159,1,1,1,0,0.5762,0,0.0
P0159,2,1,1,0,0.5644,0,0.0
P0159,3,1,1,0,0.874,0,0.0
P0159,4,1,1,0,0.7725,0,0.0
P0159,5,1,1,0,0.9149,0,0.0
P0159,6,1,1,0,0.586,0,0.0
P0159,7,1,1,0,0.6334,1,758.23
P0159,8,1,1,0,0.8441,0,0.0
P0159,9,1,1,0,0.7476,1,910.82
P0159,10,1,1,0,0.8948,0,0.0
P0160,1,1,0,1,0.5955,0,0.0
P0160,2,1,0,1,0.9701,1,767.71
P0160,3,1,0,1,0.6624,0,0.0
P0160,4,1,0,1,0.6359,0,0.0
P0160,5,1,0,1,0.8552,0,0.0
P0160,6,1,0,1,0.5002,0,0.0
P0160,7,1,0,1,0.7888,0,0.0
P0160,8,1,0,1,0.9358,0,0.0
P0160,9,1,0,1,0.5183,0,0.0
P0160,10,1,0,1,0.9264,0,0.0
P0161,1,0,0,1,0.9523,0,0.0
P0161,2,0,0,1,0.8672,0,0.0
P0161,3,0,0,1,0.5408,0,0.0
P0161,4,0,0,1,0.8018,1,743.68
P0161,5,0,0,1,0.6891,0,0.0
P0161,6,0,0,1,0.9115,0,0.0
P0161,7,0,0,1,0.535,0,0.0
P0161,8,0,0,1,0.8112,0,0.0
P0161,9,0,0,1,0.9107,0,0.0
P0161,10,0,0,1,0.9624,0,0.0
P0162,1,0,1,0,0.6196,0,0.0
P0162,2,0,1,0,0.8977,0,0.0
P0162,3,0,1,0,0.7146,0,0.0
P0162,4,0,1,0,0.7745,0,0.0
P0162,5,0,1,0,0.6586,0,0.0
P0162,6,0,1,0,0.7427,0,0.0
P0162,7,0,1,0,0.5695,1,984.17
P0162,8,0,1,0,0.9029,0,0.0
P0162,9,0,1,0,0.924,0,0.0
P0162,10,0,1,0,0.6769,0,0.0
P0163,1,1,0,0,0.7115,0,0.0
P0163,2,1,0,0,0.7333,1,709.05
P0163,3,1,0,0,0.6264,0,0.0
P0163,4,1,0,0,0.5088,0,0.0
P0163,5,1,0,0,0.6364,0,0.0
P0163,6,1,0,0,0.8256,0,0.0
P0163,7,1,0,0,0.8767,0,0.0
P0163,8,1,0,0,0.5957,0,0.0
P0163,9,1,0,0,0.8816,1,871.45
P0163,10,1,0,0,0.8904,0,0.0
P0164,1,0,0,0,0.7961,0,0.0
P0164,2,0,0,0,0.7356,0,0.0
P0164,3,0,0,0,0.5992,0,0.0
P0164,4,0,0,0,0.5112,0,0.0
P0164,5,0,0,0,0.9191,0,0.0
P0164,6,0,0,0,0.6787,0,0.0
P0164,7,0,0,0,0.9931,0,0.0
P0164,8,0,0,0,0.9218,0,0.0
P0164,9,0,0,0,0.5499,0,0.0
P0164,10,0,0,0,0.664,0,0.0
P0165,1,0,0,0,0.9777,0,0.0
P0165,2,0,0,0,0.5406,1,920.2
P0165,3,0,0,0,0.8709,0,0.0
P0165,4,0,0,0,0.7615,0,0.0
P0165,5,0,0,0,0.5353,0,0.0
P0165,6,0,0,0,0.7368,1,696.68
P0165,7,0,0,0,0.5151,0,0.0
P0165,8,0,0,0,0.5631,1,384.85
P0165,9,0,0,0,0.9962,3,2513.04
P0165,10,0,0,0,0.577,0,0.0
P0166,1,1,1,0,0.5092,0,0.0
P0166,2,1,1,0,0.9709,0,0.0
P0166,3,1,1,0,0.7694,1,599.1
P0166,4,1,1,0,0.998,0,0.0
P0166,5,1,1,0,0.7499,0,0.0
P0166,6,1,1,0,0.6929,0,0.0
P0166,7,1,1,0,0.5249,1,753.65
P0166,8,1,1,0,0.6505,0,0.0
P0166,9,1,1,0,0.5245,0,0.0
P0166,10,1,1,0,0.7032,2,1872.36
P0167,1,0,1,0,0.7297,0,0.0
P0167,2,0,1,0,0.6333,1,619.94
P0167,3,0,1,0,0.6863,1,602.23
P0167,4,0,1,0,0.6271,1,664.97
P0167,5,0,1,0,0.6806,0,0.0
P0167,6,0,1,0,0.6583,0,0.0
P0167,7,0,1,0,0.7071,0,0.0
P0167,8,0,1,0,0.5168,0,0.0
P0167,9,0,1,0,0.6408,0,0.0
P0167,10,0,1,0,0.9548,0,0.0
P0168,1,1,0,1,0.6833,0,0.0
P0168,2,1,0,1,0.5868,0,0.0
P0168,3,1,0,1,0.6327,0,0.0
P0168,4,1,0,1,0.6269,0,0.0
P0168,5,1,0,1,0.7921,0,0.0
P0168,6,1,0,1,0.9949,0,0.0
P0168,7,1,0,1,0.5674,0,0.0
P0168,8,1,0,1,0.6707,0,0.0
P0168,9,1,0,1,0.7471,0,0.0
P0168,10,1,0,1,0.8525,0,0.0
P0169,1,0,1,1,0.583,1,622.97
P0169,2,0,1,1,0.8059,0,0.0
P0169,3,0,1,1,0.6675,0,0.0
P0169,4,0,1,1,0.8746,0,0.0
P0169,5,0,1,1,0.6387,0,0.0
P0169,6,0,1,1,0.856,0,0.0
P0169,7,0,1,1,0.6424,1,1043.73
P0169,8,0,1,1,0.5739,0,0.0
P0169,9,0,1,1,0.6821,0,0.0
P0169,10,0,1,1,0.5544,0,0.0
P0170,1,0,1,0,0.5801,0,0.0
P0170,2,0,1,0,0.5447,0,0.0
P0170,3,0,1,0,0.6364,0,0.0
P0170,4,0,1,0,0.9635,1,388.57
P0170,5,0,1,0,0.8965,1,397.85
P0170,6,0,1,0,0.74,0,0.0
P0170,7,0,1,0,0.7578,0,0.0
P0170,8,0,1,0,0.5324,0,0.0
P0170,9,0,1,0,0.5299,0,0.0
P0170,10,0,1,0,0.8574,0,0.0
P0171,1,1,0,0,0.9886,1,1082.0
P0171,2,1,0,0,0.5064,0,0.0
P0171,3,1,0,0,0.993,0,0.0
P0171,4,1,0,0,0.6303,0,0.0
P0171,5,1,0,0,0.5193,0,0.0
P0171,6,1,0,0,0.778,0,0.0
P0171,7,1,0,0,0.9244,0,0.0
P0171,8,1,0,0,0.8839,0,0.0
P0171,9,1,0,0,0.9503,0,0.0
P0171,10,1,0,0,0.8475,0,0.0
P0172,1,0,0,1,0.98,0,0.0
P0172,2,0,0,1,0.7706,0,0.0
P0172,3,0,0,1,0.9928,0,0.0
P0172,4,0,0,1,0.8282,0,0.0
P0172,5,0,0,1,0.9631,0,0.0
P0172,6,0,0,1,0.8735,0,0.0
P0172,7,0,0,1,0.7267,0,0.0
P0172,8,0,0,1,0.6204,0,0.0
P0172,9,0,0,1,0.6443,1,1107.6
P0172,10,0,0,1,0.8166,0,0.0
P0173,1,0,1,0,0.7517,0,0.0
P0173,2,0,1,0,0.9997,0,0.0
P0173,3,0,1,0,0.6606,0,0.0
P0173,4,0,1,0,0.7462,0,0.0
P0173,5,0,1,0,0.892,0,0.0
P0173,6,0,1,0,0.916,0,0.0
P0173,7,0,1,0,0.8911,0,0.0
P0173,8,0,1,0,0.7071,0,0.0
P0173,9,0,1,0,0.6521,0,0.0
P0173,10,0,1,0,0.8705,0,0.0
P0174,1,0,0,1,0.963,0,0.0
P0174,2,0,0,1,0.7495,0,0.0
P0174,3,0,0,1,0.934,0,0.0
P0174,4,0,0,1,0.915,0,0.0
P0174,5,0,0,1,0.8024,1,711.26
P0174,6,0,0,1,0.5524,0,0.0
P0174,7,0,0,1,0.8733,0,0.0
P0174,8,0,0,1,0.8741,0,0.0
P0174,9,0,0,1,0.6383,0,0.0
P0174,10,0,0,1,0.8577,0,0.0
P0175,1,0,1,0,0.5672,0,0.0
P0175,2,0,1,0,0.6145,0,0.0
P0175,3,0,1,0,0.7944,0,0.0
P0175,4,0,1,0,0.741,1,668.74
P0175,5,0,1,0,0.6236,0,0.0
P0175,6,0,1,0,0.9859,0,0.0
P0175,7,0,1,0,0.8547,0,0.0
P0175,8,0,1,0,0.8384,1,578.63
P0175,9,0,1,0,0.9707,0,0.0
P0175,10,0,1,0,0.7983,0,0.0
P0176,1,0,0,1,0.9101,0,0.0
P0176,2,0,0,1,0.6382,0,0.0
P0176,3,0,0,1,0.8131,0,0.0
P0176,4,0,0,1,0.7113,0,0.0
P0176,5,0,0,1,0.8733,1,513.83
P0176,6,0,0,1,0.9831,0,0.0
P0176,7,0,0,1,0.9422,0,0.0
P0176,8,0,0,1,0.6818,0,0.0
P0176,9,0,0,1,0.6139,0,0.0
P0176,10,0,0,1,0.9501,0,0.0
P0177,1,0,1,0,0.9083,0,0.0
P0177,2,0,1,0,0.5988,0,0.0
P0177,3,0,1,0,0.5303,0,0.0
P0177,4,0,1,0,0.8292,0,0.0
P0177,5,0,1,0,0.72,1,1076.63
P0177,6,0,1,0,0.5906,0,0.0
P0177,7,0,1,0,0.6687,0,0.0
P0177,8,0,1,0,0.8255,0,0.0
P0177,9,0,1,0,0.7047,0,0.0
P0177,10,0,1,0,0.5143,0,0.0
P0178,1,0,1,1,0.9158,0,0.0
P0178,2,0,1,1,0.5056,0,0.0
P0178,3,0,1,1,0.7247,0,0.0
P0178,4,0,1,1,0.6743,0,0.0
P0178,5,0,1,1,0.7658,0,0.0
P0178,6,0,1,1,0.8006,0,0.0
P0178,7,0,1,1,0.8934,2,2833.27
P0178,8,0,1,1,0.6906,0,0.0
P0178,9,0,1,1,0.9094,0,0.0
P0178,10,0,1,1,0.5907,1,1128.19
P0179,1,0,1,0,0.6855,0,0.0
P0179,2,0,1,0,0.7344,1,910.93
P0179,3,0,1,0,0.5552,0,0.0
P0179,4,0,1,0,0.7261,3,2757.85
P0179,5,0,1,0,0.6604,0,0.0
P0179,6,0,1,0,0.928,2,2553.22
P0179,7,0,1,0,0.668,0,0.0
P0179,8,0,1,0,0.9295,0,0.0
P0179,9,0,1,0,0.6711,0,0.0
P0179,10,0,1,0,0.7955,0,0.0
P0180,1,1,1,1,0.764,0,0.0
P0180,2,1,1,1,0.9872,1,1076.47
P0180,3,1,1,1,0.5576,0,0.0
P0180,4,1,1,1,0.6825,0,0.0
P0180,5,1,1,1,0.8376,0,0.0
P0180,6,1,1,1,0.8152,1,1033.85
P0180,7,1,1,1,0.888,0,0.0
P0180,8,1,1,1,0.7261,0,0.0
P0180,9,1,1,1,0.518,0,0.0
P0180,10,1,1,1,0.9982,2,1744.93
P0181,1,0,0,0,0.8021,0,0.0
P0181,2,0,0,0,0.9129,1,536.67
P0181,3,0,0,0,0.7332,0,0.0
P0181,4,0,0,0,0.5355,0,0.0
P0181,5,0,0,0,0.8022,1,746.94
P0181,6,0,0,0,0.7494,1,1209.89
P0181,7,0,0,0,0.5365,0,0.0
P0181,8,0,0,0,0.7465,0,0.0
P0181,9,0,0,0,0.5753,0,0.0
P0181,10,0,0,0,0.9406,0,0.0
P0182,1,1,1,1,0.7158,0,0.0
P0182,2,1,1,1,0.8327,1,1030.94
P0182,3,1,1,1,0.9706,1,1074.6
P0182,4,1,1,1,0.7566,1,987.85
P0182,5,1,1,1,0.8483,3,3245.52
P0182,6,1,1,1,0.8772,0,0.0
P0182,7,1,1,1,0.6633,1,1330.92
P0182,8,1,1,1,0.6095,2,1977.92
P0182,9,1,1,1,0.995,0,0.0
P0182,10,1,1,1,0.6242,0,0.0
P0183,1,1,0,0,0.5141,2,833.17
P0183,2,1,0,0,0.5171,0,0.0
P0183,3,1,0,0,0.5038,0,0.0
P0183,4,1,0,0,0.6089,0,0.0
P0183,5,1,0,0,0.7786,0,0.0
P0183,6,1,0,0,0.5935,1,833.27
P0183,7,1,0,0,0.8117,0,0.0
P0183,8,1,0,0,0.8293,0,0.0
P0183,9,1,0,0,0.8257,0,0.0
P0183,10,1,0,0,0.656,0,0.0
P0184,1,0,0,0,0.5761,0,0.0
P0184,2,0,0,0,0.793,1,928.54
P0184,3,0,0,0,0.7601,0,0.0
P0184,4,0,0,0,0.6589,0,0.0
P0184,5,0,0,0,0.6987,0,0.0
P0184,6,0,0,0,0.7123,0,0.0
P0184,7,0,0,0,0.5926,0,0.0
P0184,8,0,0,0,0.7377,0,0.0
P0184,9,0,0,0,0.6469,1,1360.46
P0184,10,0,0,0,0.5862,0,0.0
P0185,1,0,1,1,0.7425,1,1929.41
P0185,2,0,1,1,0.6431,1,984.93
P0185,3,0,1,1,0.8853,0,0.0
P0185,4,0,1,1,0.6829,0,0.0
P0185,5,0,1,1,0.9162,0,0.0
P0185,6,0,1,1,0.537,0,0.0
P0185,7,0,1,1,0.6185,0,0.0
P0185,8,0,1,1,0.8843,0,0.0
P0185,9,0,1,1,0.9344,0,0.0
P0185,10,0,1,1,0.7957,0,0.0
P0186,1,0,0,0,0.773,0,0.0
P0186,2,0,0,0,0.6925,0,0.0
P0186,3,0,0,0,0.5562,0,0.0
P0186,4,0,0,0,0.7292,0,0.0
P0186,5,0,0,0,0.6221,0,0.0
P0186,6,0,0,0,0.9096,0,0.0
P0186,7,0,0,0,0.8919,0,0.0
P0186,8,0,0,0,0.6358,0,0.0
P0186,9,0,0,0,0.8152,0,0.0
P0186,10,0,0,0,0.5613,0,0.0
P0187,1,0,0,1,0.9789,0,0.0
P0187,2,0,0,1,0.9777,1,682.01
P0187,3,0,0,1,0.8024,0,0.0
P0187,4,0,0,1,0.7454,0,0.0
P0187,5,0,0,1,0.5203,0,0.0
P0187,6,0,0,1,0.5429,0,0.0
P0187,7,0,0,1,0.8237,0,0.0
P0187,8,0,0,1,0.8891,0,0.0
P0187,9,0,0,1,0.9301,0,0.0
P0187,10,0,0,1,0.9273,0,0.0
P0188,1,1,1,0,0.8164,0,0.0
P0188,2,1,1,0,0.566,0,0.0
P0188,3,1,1,0,0.5071,1,703.94
P0188,4,1,1,0,0.9693,1,306.54
P0188,5,1,1,0,0.7038,0,0.0
P0188,6,1,1,0,0.6389,1,696.24
P0188,7,1,1,0,0.8584,1,688.06
P0188,8,1,1,0,0.9095,1,579.64
P0188,9,1,1,0,0.8781,0,0.0
P0188,10,1,1,0,0.8772,0,0.0
P0189,1,0,1,0,0.56,0,0.0
P0189,2,0,1,0,0.6628,0,0.0
P0189,3,0,1,0,0.7573,0,0.0
P0189,4,0,1,0,0.7399,1,285.52
P0189,5,0,1,0,0.9484,0,0.0
P0189,6,0,1,0,0.7978,1,517.31
P0189,7,0,1,0,0.7979,1,1180.36
P0189,8,0,1,0,0.9775,0,0.0
P0189,9,0,1,0,0.7141,1,977.63
P0189,10,0,1,0,0.8447,0,0.0
P0190,1,1,0,0,0.8054,0,0.0
P0190,2,1,0,0,0.6203,2,951.19
P0190,3,1,0,0,0.8159,0,0.0
P0190,4,1,0,0,0.7374,0,0.0
P0190,5,1,0,0,0.5823,0,0.0
P0190,6,1,0,0,0.5318,1,1256.03
P0190,7,1,0,0,0.5188,0,0.0
P0190,8,1,0,0,0.6324,0,0.0
P0190,9,1,0,0,0.7992,0,0.0
P0190,10,1,0,0,0.619,0,0.0
P0191,1,0,0,0,0.9848,0,0.0
P0191,2,0,0,0,0.7847,0,0.0
P0191,3,0,0,0,0.6432,0,0.0
P0191,4,0,0,0,0.9999,2,1757.63
P0191,5,0,0,0,0.5523,1,583.38
P0191,6,0,0,0,0.8652,1,622.15
P0191,7,0,0,0,0.7069,0,0.0
P0191,8,0,0,0,0.8208,0,0.0
P0191,9,0,0,0,0.6191,0,0.0
P0191,10,0,0,0,0.6107,0,0.0
P0192,1,1,0,1,0.849,1,2187.1
P0192,2,1,0,1,0.5084,0,0.0
P0192,3,1,0,1,0.7661,0,0.0
P0192,4,1,0,1,0.9596,0,0.0
P0192,5,1,0,1,0.6324,0,0.0
P0192,6,1,0,1,0.98,0,0.0
P0192,7,1,0,1,0.544,0,0.0
P0192,8,1,0,1,0.7585,0,0.0
P0192,9,1,0,1,0.6257,0,0.0
P0192,10,1,0,1,0.9351,1,760.79
P0193,1,0,1,1,0.9217,0,0.0
P0193,2,0,1,1,0.5865,0,0.0
P0193,3,0,1,1,0.5831,0,0.0
P0193,4,0,1,1,0.9259,0,0.0
P0193,5,0,1,1,0.5614,1,366.33
P0193,6,0,1,1,0.9498,0,0.0
P0193,7,0,1,1,0.8989,0,0.0
P0193,8,0,1,1,0.5285,0,0.0
P0193,9,0,1,1,0.9381,0,0.0
P0193,10,0,1,1,0.7456,1,920.26
P0194,1,0,1,1,0.8196,0,0.0
P0194,2,0,1,1,0.6547,0,0.0
P0194,3,0,1,1,0.6857,0,0.0
P0194,4,0,1,1,0.8918,0,0.0
P0194,5,0,1,1,0.7952,0,0.0
P0194,6,0,1,1,0.514,0,0.0
P0194,7,0,1,1,0.6938,0,0.0
P0194,8,0,1,1,0.6671,0,0.0
P0194,9,0,1,1,0.5142,0,0.0
P0194,10,0,1,1,0.9481,0,0.0
P0195,1,1,1,1,0.8016,0,0.0
P0195,2,1,1,1,0.6468,0,0.0
P0195,3,1,1,1,0.6377,0,0.0
P0195,4,1,1,1,0.7368,0,0.0
P0195,5,1,1,1,0.6369,0,0.0
P0195,6,1,1,1,0.7458,0,0.0
P0195,7,1,1,1,0.7877,0,0.0
P0195,8,1,1,1,0.8619,0,0.0
P0195,9,1,1,1,0.7478,1,1286.83
P0195,10,1,1,1,0.9046,0,0.0
P0196,1,0,0,0,0.5418,0,0.0
P0196,2,0,0,0,0.8166,0,0.0
P0196,3,0,0,0,0.6408,0,0.0
P0196,4,0,0,0,0.629,0,0.0
P0196,5,0,0,0,0.7041,0,0.0
P0196,6,0,0,0,0.5019,0,0.0
P0196,7,0,0,0,0.5254,0,0.0
P0196,8,0,0,0,0.9991,0,0.0
P0196,9,0,0,0,0.876,0,0.0
P0196,10,0,0,0,0.9222,0,0.0
P0197,1,1,0,1,0.7226,1,1073.18
P0197,2,1,0,1,0.8106,1,1186.18
P0197,3,1,0,1,0.5318,1,1274.77
P0197,4,1,0,1,0.9796,0,0.0
P0197,5,1,0,1,0.9063,0,0.0
P0197,6,1,0,1,0.6644,0,0.0
P0197,7,1,0,1,0.5132,0,0.0
P0197,8,1,0,1,0.5835,1,480.54
P0197,9,1,0,1,0.5068,0,0.0
P0197,10,1,0,1,0.6912,0,0.0
P0198,1,0,0,0,0.7539,0,0.0
P0198,2,0,0,0,0.9077,1,540.87
P0198,3,0,0,0,0.7841,0,0.0
P0198,4,0,0,0,0.6284,0,0.0
P0198,5,0,0,0,0.8131,0,0.0
P0198,6,0,0,0,0.855,0,0.0
P0198,7,0,0,0,0.7944,0,0.0
P0198,8,0,0,0,0.9665,0,0.0
P0198,9,0,0,0,0.9075,0,0.0
P0198,10,0,0,0,0.6504,0,0.0
P0199,1,1,0,0,0.5253,0,0.0
P0199,2,1,0,0,0.5574,1,673.97
P0199,3,1,0,0,0.8861,0,0.0
P0199,4,1,0,0,0.7411,0,0.0
P0199,5,1,0,0,0.7841,0,0.0
P0199,6,1,0,0,0.736,0,0.0
P0199,7,1,0,0,0.9011,0,0.0
P0199,8,1,0,0,0.8016,0,0.0
P0199,9,1,0,0,0.7429,0,0.0
P0199,10,1,0,0,0.6821,0,0.0
P0200,1,0,1,1,0.8063,0,0.0
P0200,2,0,1,1,0.6515,0,0.0
P0200,3,0,1,1,0.6094,0,0.0
P0200,4,0,1,1,0.6212,0,0.0
P0200,5,0,1,1,0.6229,0,0.0
P0200,6,0,1,1,0.5786,0,0.0
P0200,7,0,1,1,0.9934,0,0.0
P0200,8,0,1,1,0.5472,0,0.0
P0200,9,0,1,1,0.8222,0,0.0
P0200,10,0,1,1,0.749,0,0.0
P0201,1,0,1,0,0.5788,0,0.0
P0201,2,0,1,0,0.6456,0,0.0
P0201,3,0,1,0,0.5937,0,0.0
P0201,4,0,1,0,0.6639,0,0.0
P0201,5,0,1,0,0.9815,0,0.0
P0201,6,0,1,0,0.6587,0,0.0
P0201,7,0,1,0,0.7744,0,0.0
P0201,8,0,1,0,0.804,0,0.0
P0201,9,0,1,0,0.7486,0,0.0
P0201,10,0,1,0,0.5973,0,0.0
P0202,1,0,1,1,0.8722,0,0.0
P0202,2,0,1,1,0.5503,1,772.27
P0202,3,0,1,1,0.887,0,0.0
P0202,4,0,1,1,0.5181,0,0.0
P0202,5,0,1,1,0.981,1,604.48
P0202,6,0,1,1,0.6969,0,0.0
P0202,7,0,1,1,0.6339,0,0.0
P0202,8,0,1,1,0.7976,0,0.0
P0202,9,0,1,1,0.5726,0,0.0
P0202,10,0,1,1,0.9353,0,0.0
P0203,1,1,0,1,0.7756,0,0.0
P0203,2,1,0,1,0.5666,0,0.0
P0203,3,1,0,1,0.9646,0,0.0
P0203,4,1,0,1,0.694,0,0.0
P0203,5,1,0,1,0.6261,0,0.0
P0203,6,1,0,1,0.6191,0,0.0
P0203,7,1,0,1,0.5721,0,0.0
P0203,8,1,0,1,0.5639,0,0.0
P0203,9,1,0,1,0.8097,1,954.58
P0203,10,1,0,1,0.6598,2,1983.1
P0204,1,0,1,0,0.9784,1,660.06
P0204,2,0,1,0,0.5327,0,0.0
P0204,3,0,1,0,0.6035,0,0.0
P0204,4,0,1,0,0.8472,0,0.0
P0204,5,0,1,0,0.7933,0,0.0
P0204,6,0,1,0,0.993,0,0.0
P0204,7,0,1,0,0.9535,0,0.0
P0204,8,0,1,0,0.9093,0,0.0
P0204,9,0,1,0,0.534,0,0.0
P0204,10,0,1,0,0.7718,0,0.0
P0205,1,0,0,0,0.5787,0,0.0
P0205,2,0,0,0,0.9052,0,0.0
P0205,3,0,0,0,0.5742,0,0.0
P0205,4,0,0,0,0.7277,0,0.0
P0205,5,0,0,0,0.677,1,625.96
P0205,6,0,0,0,0.5909,0,0.0
P0205,7,0,0,0,0.8983,0,0.0
P0205,8,0,0,0,0.7606,0,0.0
P0205,9,0,0,0,0.8385,0,0.0
P0205,10,0,0,0,0.986,0,0.0
P0206,1,0,1,1,0.9333,1,429.64
P0206,2,0,1,1,0.6636,0,0.0
P0206,3,0,1,1,0.6066,0,0.0
P0206,4,0,1,1,0.8461,0,0.0
P0206,5,0,1,1,0.8757,0,0.0
P0206,6,0,1,1,0.836,0,0.0
P0206,7,0,1,1,0.7885,1,741.93
P0206,8,0,1,1,0.9443,0,0.0
P0206,9,0,1,1,0.9768,0,0.0
P0206,10,0,1,1,0.649,0,0.0
P0207,1,1,1,0,0.8129,1,1274.79
P0207,2,1,1,0,0.8939,1,928.11
P0207,3,1,1,0,0.6033,1,404.59
P0207,4,1,1,0,0.8309,0,0.0
P0207,5,1,1,0,0.5023,0,0.0
P0207,6,1,1,0,0.8913,0,0.0
P0207,7,1,1,0,0.5028,0,0.0
P0207,8,1,1,0,0.5527,1,492.4
P0207,9,1,1,0,0.5382,0,0.0
P0207,10,1,1,0,0.7866,1,1145.79
P0208,1,0,0,1,0.7203,0,0.0
P0208,2,0,0,1,0.5458,1,756.21
P0208,3,0,0,1,0.7466,0,0.0
P0208,4,0,0,1,0.6708,0,0.0
P0208,5,0,0,1,0.9362,0,0.0
P0208,6,0,0,1,0.7186,0,0.0
P0208,7,0,0,1,0.5398,0,0.0
P0208,8,0,0,1,0.5613,0,0.0
P0208,9,0,0,1,0.8445,0,0.0
P0208,10,0,0,1,0.8389,0,0.0
P0209,1,0,1,0,0.8374,0,0.0
P0209,2,0,1,0,0.9454,1,368.51
P0209,3,0,1,0,0.5693,1,700.29
P0209,4,0,1,0,0.9035,2,1862.07
P0209,5,0,1,0,0.658,0,0.0
P0209,6,0,1,0,0.8344,0,0.0
P0209,7,0,1,0,0.866,0,0.0
P0209,8,0,1,0,0.6379,0,0.0
P0209,9,0,1,0,0.6164,0,0.0
P0209,10,0,1,0,0.5471,0,0.0
P0210,1,1,1,0,0.888,1,606.79
P0210,2,1,1,0,0.5715,0,0.0
P0210,3,1,1,0,0.9481,1,650.49
P0210,4,1,1,0,0.5822,0,0.0
P0210,5,1,1,0,0.5738,1,3062.31
P0210,6,1,1,0,0.5776,1,579.88
P0210,7,1,1,0,0.6265,0,0.0
P0210,8,1,1,0,0.5206,0,0.0
P0210,9,1,1,0,0.9581,1,1340.25
P0210,10,1,1,0,0.7659,2,1771.59
P0211,1,0,0,0,0.9038,0,0.0
P0211,2,0,0,0,0.591,0,0.0
P0211,3,0,0,0,0.5973,0,0.0
P0211,4,0,0,0,0.5244,0,0.0
P0211,5,0,0,0,0.9815,0,0.0
P0211,6,0,0,0,0.8392,0,0.0
P0211,7,0,0,0,0.6795,0,0.0
P0211,8,0,0,0,0.6853,0,0.0
P0211,9,0,0,0,0.5168,0,0.0
P0211,10,0,0,0,0.7331,0,0.0
P0212,1,0,0,0,0.7335,0,0.0
P0212,2,0,0,0,0.7289,0,0.0
P0212,3,0,0,0,0.5577,0,0.0
P0212,4,0,0,0,0.8818,0,0.0
P0212,5,0,0,0,0.9815,1,664.88
P0212,6,0,0,0,0.8498,1,519.82
P0212,7,0,0,0,0.8079,0,0.0
P0212,8,0,0,0,0.8535,0,0.0
P0212,9,0,0,0,0.5835,0,0.0
P0212,10,0,0,0,0.9142,0,0.0
P0213,1,1,0,0,0.6085,0,0.0
P0213,2,1,0,0,0.5395,0,0.0
P0213,3,1,0,0,0.704,2,1731.24
P0213,4,1,0,0,0.5501,0,0.0
P0213,5,1,0,0,0.8122,0,0.0
P0213,6,1,0,0,0.6647,0,0.0
P0213,7,1,0,0,0.9223,1,620.97
P0213,8,1,0,0,0.8694,0,0.0
P0213,9,1,0,0,0.8076,1,1383.84
P0213,10,1,0,0,0.6022,1,343.83
P0214,1,0,0,0,0.6039,0,0.0
P0214,2,0,0,0,0.853,0,0.0
P0214,3,0,0,0,0.7203,0,0.0
P0214,4,0,0,0,0.8094,0,0.0
P0214,5,0,0,0,0.8914,0,0.0
P0214,6,0,0,0,0.8121,0,0.0
P0214,7,0,0,0,0.9049,0,0.0
P0214,8,0,0,0,0.7347,1,492.82
P0214,9,0,0,0,0.6068,0,0.0
P0214,10,0,0,0,0.5269,0,0.0
P0215,1,0,1,0,0.8072,1,1681.15
P0215,2,0,1,0,0.7292,0,0.0
P0215,3,0,1,0,0.5897,0,0.0
P0215,4,0,1,0,0.7411,0,0.0
P0215,5,0,1,0,0.8401,0,0.0
P0215,6,0,1,0,0.8145,1,832.05
P0215,7,0,1,0,0.6051,1,708.86
P0215,8,0,1,0,0.6049,0,0.0
P0215,9,0,1,0,0.894,2,1290.62
P0215,10,0,1,0,0.9156,0,0.0
P0216,1,0,1,1,0.7756,3,2718.86
P0216,2,0,1,1,0.9943,0,0.0
P0216,3,0,1,1,0.9085,0,0.0
P0216,4,0,1,1,0.6297,0,0.0
P0216,5,0,1,1,0.8233,0,0.0
P0216,6,0,1,1,0.7117,0,0.0
P0216,7,0,1,1,0.523,0,0.0
P0216,8,0,1,1,0.616,0,0.0
P0216,9,0,1,1,0.774,2,1663.4
P0216,10,0,1,1,0.5977,0,0.0
P0217,1,0,0,0,0.8726,0,0.0
P0217,2,0,0,0,0.9944,0,0.0
P0217,3,0,0,0,0.5809,0,0.0
P0217,4,0,0,0,0.7538,0,0.0
P0217,5,0,0,0,0.7982,0,0.0
P0217,6,0,0,0,0.6157,0,0.0
P0217,7,0,0,0,0.9014,0,0.0
P0217,8,0,0,0,0.6599,0,0.0
P0217,9,0,0,0,0.7675,0,0.0
P0217,10,0,0,0,0.716,0,0.0
P0218,1,1,1,0,0.5633,0,0.0
P0218,2,1,1,0,0.5466,1,499.55
P0218,3,1,1,0,0.638,1,489.68
P0218,4,1,1,0,0.6575,0,0.0
P0218,5,1,1,0,0.6865,0,0.0
P0218,6,1,1,0,0.6874,0,0.0
P0218,7,1,1,0,0.8761,0,0.0
P0218,8,1,1,0,0.7041,0,0.0
P0218,9,1,1,0,0.8044,0,0.0
P0218,10,1,1,0,0.574,0,0.0
P0219,1,1,1,0,0.5238,0,0.0
P0219,2,1,1,0,0.5158,0,0.0
P0219,3,1,1,0,0.5485,0,0.0
P0219,4,1,1,0,0.9842,0,0.0
P0219,5,1,1,0,0.9777,0,0.0
P0219,6,1,1,0,0.6519,0,0.0
P0219,7,1,1,0,0.696,0,0.0
P0219,8,1,1,0,0.9349,0,0.0
P0219,9,1,1,0,0.7991,0,0.0
P0219,10,1,1,0,0.543,0,0.0
P0220,1,1,0,1,0.5612,0,0.0
P0220,2,1,0,1,0.9175,0,0.0
P0220,3,1,0,1,0.9237,0,0.0
P0220,4,1,0,1,0.8452,0,0.0
P0220,5,1,0,1,0.7628,1,1182.36
P0220,6,1,0,1,0.8599,0,0.0
P0220,7,1,0,1,0.795,2,2334.88
P0220,8,1,0,1,0.5423,0,0.0
P0220,9,1,0,1,0.993,0,0.0
P0220,10,1,0,1,0.9385,2,1982.45
P0221,1,0,0,0,0.8963,0,0.0
P0221,2,0,0,0,0.7475,0,0.0
P0221,3,0,0,0,0.6948,0,0.0
P0221,4,0,0,0,0.6472,0,0.0
P0221,5,0,0,0,0.6618,0,0.0
P0221,6,0,0,0,0.9848,0,0.0
P0221,7,0,0,0,0.5312,0,0.0
P0221,8,0,0,0,0.5736,0,0.0
P0221,9,0,0,0,0.7561,0,0.0
P0221,10,0,0,0,0.9771,1,636.77
P0222,1,1,1,0,0.5466,0,0.0
P0222,2,1,1,0,0.5043,0,0.0
P0222,3,1,1,0,0.7654,0,0.0
P0222,4,1,1,0,0.726,0,0.0
P0222,5,1,1,0,0.8538,1,505.84
P0222,6,1,1,0,0.6343,0,0.0
P0222,7,1,1,0,0.8605,0,0.0
P0222,8,1,1,0,0.5029,0,0.0
P0222,9,1,1,0,0.6596,0,0.0
P0222,10,1,1,0,0.5622,0,0.0
P0223,1,1,0,1,0.5633,0,0.0
P0223,2,1,0,1,0.9311,0,0.0
P0223,3,1,0,1,0.7938,1,644.57
P0223,4,1,0,1,0.8508,0,0.0
P0223,5,1,0,1,0.7663,0,0.0
P0223,6,1,0,1,0.8001,1,828.72
P0223,7,1,0,1,0.7063,0,0.0
P0223,8,1,0,1,0.8218,0,0.0
P0223,9,1,0,1,0.6417,0,0.0
P0223,10,1,0,1,0.6756,1,1065.15
P0224,1,1,1,0,0.6808,0,0.0
P0224,2,1,1,0,0.9261,0,0.0
P0224,3,1,1,0,0.9485,0,0.0
P0224,4,1,1,0,0.8415,1,836.93
P0224,5,1,1,0,0.9214,1,459.27
P0224,6,1,1,0,0.6139,0,0.0
P0224,7,1,1,0,0.709,0,0.0
P0224,8,1,1,0,0.7532,0,0.0
P0224,9,1,1,0,0.9089,0,0.0
P0224,10,1,1,0,0.644,0,0.0
P0225,1,1,1,0,0.7461,1,576.26
P0225,2,1,1,0,0.748,0,0.0
P0225,3,1,1,0,0.9197,1,586.12
P0225,4,1,1,0,0.7012,1,846.2
P0225,5,1,1,0,0.7002,0,0.0
P0225,6,1,1,0,0.9935,0,0.0
P0225,7,1,1,0,0.8031,0,0.0
P0225,8,1,1,0,0.9389,0,0.0
P0225,9,1,1,0,0.9506,0,0.0
P0225,10,1,1,0,0.9044,0,0.0
P0226,1,1,0,0,0.8249,0,0.0
P0226,2,1,0,0,0.6916,0,0.0
P0226,3,1,0,0,0.6453,0,0.0
P0226,4,1,0,0,0.8179,0,0.0
P0226,5,1,0,0,0.6584,0,0.0
P0226,6,1,0,0,0.748,0,0.0
P0226,7,1,0,0,0.6677,0,0.0
P0226,8,1,0,0,0.6352,1,703.3
P0226,9,1,0,0,0.8655,0,0.0
P0226,10,1,0,0,0.7266,1,739.44
P0227,1,0,1,1,0.9537,0,0.0
P0227,2,0,1,1,0.8928,0,0.0
P0227,3,0,1,1,0.5737,1,386.53
P0227,4,0,1,1,0.8341,0,0.0
P0227,5,0,1,1,0.5969,0,0.0
P0227,6,0,1,1,0.8377,0,0.0
P0227,7,0,1,1,0.5084,0,0.0
P0227,8,0,1,1,0.6515,0,0.0
P0227,9,0,1,1,0.6199,0,0.0
P0227,10,0,1,1,0.5084,0,0.0
P0228,1,0,0,0,0.5477,0,0.0
P0228,2,0,0,0,0.7136,0,0.0
P0228,3,0,0,0,0.7358,0,0.0
P0228,4,0,0,0,0.9632,0,0.0
P0228,5,0,0,0,0.9109,0,0.0
P0228,6,0,0,0,0.6468,0,0.0
P0228,7,0,0,0,0.9439,0,0.0
P0228,8,0,0,0,0.832,0,0.0
P0228,9,0,0,0,0.9992,0,0.0
P0228,10,0,0,0,0.567,0,0.0
P0229,1,0,1,0,0.5537,0,0.0
P0229,2,0,1,0,0.7719,0,0.0
P0229,3,0,1,0,0.5007,0,0.0
P0229,4,0,1,0,0.576,1,725.63
P0229,5,0,1,0,0.6318,0,0.0
P0229,6,0,1,0,0.9965,0,0.0
P0229,7,0,1,0,0.8364,1,601.8
P0229,8,0,1,0,0.6532,1,884.58
P0229,9,0,1,0,0.9925,0,0.0
P0229,10,0,1,0,0.5377,0,0.0
P0230,1,0,1,1,0.8217,0,0.0
P0230,2,0,1,1,0.6427,0,0.0
P0230,3,0,1,1,0.5454,0,0.0
P0230,4,0,1,1,0.6822,1,595.6
P0230,5,0,1,1,0.7234,0,0.0
P0230,6,0,1,1,0.5617,0,0.0
P0230,7,0,1,1,0.5285,1,1213.54
P0230,8,0,1,1,0.5727,1,989.28
P0230,9,0,1,1,0.6553,1,709.32
P0230,10,0,1,1,0.5747,0,0.0
P0231,1,0,0,1,0.9444,0,0.0
P0231,2,0,0,1,0.8989,0,0.0
P0231,3,0,0,1,0.9285,0,0.0
P0231,4,0,0,1,0.9783,0,0.0
P0231,5,0,0,1,0.7216,0,0.0
P0231,6,0,0,1,0.9426,1,650.08
P0231,7,0,0,1,0.7875,0,0.0
P0231,8,0,0,1,0.5268,1,671.11
P0231,9,0,0,1,0.7307,0,0.0
P0231,10,0,0,1,0.9907,1,696.62
P0232,1,0,0,0,0.6794,0,0.0
P0232,2,0,0,0,0.5948,0,0.0
P0232,3,0,0,0,0.8869,0,0.0
P0232,4,0,0,0,0.8156,0,0.0
P0232,5,0,0,0,0.6788,0,0.0
P0232,6,0,0,0,0.9622,0,0.0
P0232,7,0,0,0,0.8062,0,0.0
P0232,8,0,0,0,0.8199,0,0.0
P0232,9,0,0,0,0.8104,0,0.0
P0232,10,0,0,0,0.5762,0,0.0
P0233,1,1,0,0,0.8234,0,0.0
P0233,2,1,0,0,0.7687,1,1659.9
P0233,3,1,0,0,0.8356,0,0.0
P0233,4,1,0,0,0.6167,0,0.0
P0233,5,1,0,0,0.7443,0,0.0
P0233,6,1,0,0,0.9441,0,0.0
P0233,7,1,0,0,0.9381,0,0.0
P0233,8,1,0,0,0.6009,0,0.0
P0233,9,1,0,0,0.804,0,0.0
P0233,10,1,0,0,0.6604,0,0.0
P0234,1,0,0,0,0.9951,0,0.0
P0234,2,0,0,0,0.6791,0,0.0
P0234,3,0,0,0,0.5594,0,0.0
P0234,4,0,0,0,0.6765,0,0.0
P0234,5,0,0,0,0.6374,0,0.0
P0234,6,0,0,0,0.6339,0,0.0
P0234,7,0,0,0,0.5871,0,0.0
P0234,8,0,0,0,0.5107,0,0.0
P0234,9,0,0,0,0.9002,0,0.0
P0234,10,0,0,0,0.8918,0,0.0
P0235,1,0,0,1,0.9465,0,0.0
P0235,2,0,0,1,0.9537,0,0.0
P0235,3,0,0,1,0.9251,0,0.0
P0235,4,0,0,1,0.7465,0,0.0
P0235,5,0,0,1,0.9914,0,0.0
P0235,6,0,0,1,0.9627,0,0.0
P0235,7,0,0,1,0.7668,0,0.0
P0235,8,0,0,1,0.8478,0,0.0
P0235,9,0,0,1,0.9764,1,607.14
P0235,10,0,0,1,0.8309,0,0.0
P0236,1,0,1,1,0.8215,0,0.0
P0236,2,0,1,1,0.5327,0,0.0
P0236,3,0,1,1,0.6248,0,0.0
P0236,4,0,1,1,0.9539,1,1359.73
P0236,5,0,1,1,0.6809,0,0.0
P0236,6,0,1,1,0.9254,0,0.0
P0236,7,0,1,1,0.9277,1,1335.74
P0236,8,0,1,1,0.5997,0,0.0
P0236,9,0,1,1,0.8303,0,0.0
P0236,10,0,1,1,0.9029,0,0.0
P0237,1,0,0,1,0.7333,1,1036.11
P0237,2,0,0,1,0.7281,0,0.0
P0237,3,0,0,1,0.6662,0,0.0
P0237,4,0,0,1,0.7761,0,0.0
P0237,5,0,0,1,0.9716,0,0.0
P0237,6,0,0,1,0.8441,0,0.0
P0237,7,0,0,1,0.8791,1,937.57
P0237,8,0,0,1,0.5643,0,0.0
P0237,9,0,0,1,0.5853,1,1086.52
P0237,10,0,0,1,0.5034,0,0.0
P0238,1,1,1,0,0.6233,0,0.0
P0238,2,1,1,0,0.5554,0,0.0
P0238,3,1,1,0,0.8556,1,671.97
P0238,4,1,1,0,0.622,0,0.0
P0238,5,1,1,0,0.8937,0,0.0
P0238,6,1,1,0,0.9781,0,0.0
P0238,7,1,1,0,0.6415,0,0.0
P0238,8,1,1,0,0.615,0,0.0
P0238,9,1,1,0,0.7856,0,0.0
P0238,10,1,1,0,0.9826,4,3407.24
P0239,1,0,0,1,0.7225,0,0.0
P0239,2,0,0,1,0.5226,0,0.0
P0239,3,0,0,1,0.6406,0,0.0
P0239,4,0,0,1,0.7765,1,819.61
P0239,5,0,0,1,0.6882,0,0.0
P0239,6,0,0,1,0.8585,0,0.0
P0239,7,0,0,1,0.7757,0,0.0
P0239,8,0,0,1,0.9976,0,0.0
P0239,9,0,0,1,0.7594,1,597.07
P0239,10,0,0,1,0.6445,0,0.0
P0240,1,0,1,0,0.6862,0,0.0
P0240,2,0,1,0,0.6939,0,0.0
P0240,3,0,1,0,0.6404,0,0.0
P0240,4,0,1,0,0.9093,0,0.0
P0240,5,0,1,0,0.8112,0,0.0
P0240,6,0,1,0,0.5966,0,0.0
P0240,7,0,1,0,0.8993,0,0.0
P0240,8,0,1,0,0.7693,0,0.0
P0240,9,0,1,0,0.9328,0,0.0
P0240,10,0,1,0,0.5519,0,0.0
P0241,1,1,0,0,0.7693,1,602.96
P0241,2,1,0,0,0.9825,1,890.43
P0241,3,1,0,0,0.5105,0,0.0
P0241,4,1,0,0,0.5569,0,0.0
P0241,5,1,0,0,0.7128,0,0.0
P0241,6,1,0,0,0.7012,1,990.71
P0241,7,1,0,0,0.7788,0,0.0
P0241,8,1,0,0,0.8435,0,0.0
P0241,9,1,0,0,0.897,1,1077.8
P0241,10,1,0,0,0.6636,0,0.0
P0242,1,0,1,1,0.9357,2,1748.42
P0242,2,0,1,1,0.8813,0,0.0
P0242,3,0,1,1,0.557,0,0.0
P0242,4,0,1,1,0.6133,0,0.0
P0242,5,0,1,1,0.5316,0,0.0
P0242,6,0,1,1,0.7728,0,0.0
P0242,7,0,1,1,0.988,1,304.35
P0242,8,0,1,1,0.8692,0,0.0
P0242,9,0,1,1,0.542,0,0.0
P0242,10,0,1,1,0.8781,0,0.0
P0243,1,1,1,0,0.9341,1,249.24
P0243,2,1,1,0,0.5096,1,667.22
P0243,3,1,1,0,0.8628,1,660.41
P0243,4,1,1,0,0.7956,0,0.0
P0243,5,1,1,0,0.8001,0,0.0
P0243,6,1,1,0,0.6373,0,0.0
P0243,7,1,1,0,0.8387,1,600.53
P0243,8,1,1,0,0.8564,0,0.0
P0243,9,1,1,0,0.8079,1,337.6
P0243,10,1,1,0,0.8331,1,913.06
P0244,1,0,0,0,0.9618,0,0.0
P0244,2,0,0,0,0.8521,0,0.0
P0244,3,0,0,0,0.5139,0,0.0
P0244,4,0,0,0,0.9155,1,901.64
P0244,5,0,0,0,0.8606,0,0.0
P0244,6,0,0,0,0.7483,0,0.0
P0244,7,0,0,0,0.5431,1,415.54
P0244,8,0,0,0,0.8133,0,0.0
P0244,9,0,0,0,0.5943,0,0.0
P0244,10,0,0,0,0.9938,0,0.0
P0245,1,1,0,0,0.598,0,0.0
P0245,2,1,0,0,0.591,0,0.0
P0245,3,1,0,0,0.7269,0,0.0
P0245,4,1,0,0,0.5624,1,784.69
P0245,5,1,0,0,0.5434,1,416.53
P0245,6,1,0,0,0.9854,0,0.0
P0245,7,1,0,0,0.6844,1,1182.58
P0245,8,1,0,0,0.9055,1,598.31
P0245,9,1,0,0,0.662,0,0.0
P0245,10,1,0,0,0.7683,0,0.0
P0246,1,0,0,0,0.679,0,0.0
P0246,2,0,0,0,0.9863,0,0.0
P0246,3,0,0,0,0.7719,0,0.0
P0246,4,0,0,0,0.8507,0,0.0
P0246,5,0,0,0,0.737,0,0.0
P0246,6,0,0,0,0.8796,0,0.0
P0246,7,0,0,0,0.9866,0,0.0
P0246,8,0,0,0,0.5326,0,0.0
P0246,9,0,0,0,0.9943,0,0.0
P0246,10,0,0,0,0.6133,0,0.0
P0247,1,0,1,0,0.9298,0,0.0
P0247,2,0,1,0,0.6108,0,0.0
P0247,3,0,1,0,0.6095,0,0.0
P0247,4,0,1,0,0.8096,0,0.0
P0247,5,0,1,0,0.8315,0,0.0
P0247,6,0,1,0,0.9302,0,0.0
P0247,7,0,1,0,0.9481,0,0.0
P0247,8,0,1,0,0.5495,0,0.0
P0247,9,0,1,0,0.5295,0,0.0
P0247,10,0,1,0,0.9952,0,0.0
P0248,1,0,0,0,0.8113,0,0.0
P0248,2,0,0,0,0.5229,0,0.0
P0248,3,0,0,0,0.8186,0,0.0
P0248,4,0,0,0,0.8585,0,0.0
P0248,5,0,0,0,0.5317,0,0.0
P0248,6,0,0,0,0.9758,0,0.0
P0248,7,0,0,0,0.6594,0,0.0
P0248,8,0,0,0,0.5326,0,0.0
P0248,9,0,0,0,0.9131,0,0.0
P0248,10,0,0,0,0.6872,0,0.0
P0249,1,0,0,0,0.5998,0,0.0
P0249,2,0,0,0,0.6892,0,0.0
P0249,3,0,0,0,0.913,0,0.0
P0249,4,0,0,0,0.8512,0,0.0
P0249,5,0,0,0,0.77,0,0.0
P0249,6,0,0,0,0.9401,0,0.0
P0249,7,0,0,0,0.8811,0,0.0
P0249,8,0,0,0,0.9003,0,0.0
P0249,9,0,0,0,0.5534,0,0.0
P0249,10,0,0,0,0.623,2,1568.04
P0250,1,0,0,0,0.9498,1,432.9
P0250,2,0,0,0,0.8218,0,0.0
P0250,3,0,0,0,0.9393,0,0.0
P0250,4,0,0,0,0.8321,2,1496.64
P0250,5,0,0,0,0.6944,0,0.0
P0250,6,0,0,0,0.7645,0,0.0
P0250,7,0,0,0,0.5724,0,0.0
P0250,8,0,0,0,0.5061,0,0.0
P0250,9,0,0,0,0.9216,0,0.0
P0250,10,0,0,0,0.7789,0,0.0
P0251,1,0,1,0,0.6833,0,0.0
P0251,2,0,1,0,0.9607,0,0.0
P0251,3,0,1,0,0.7316,0,0.0
P0251,4,0,1,0,0.662,1,1826.21
P0251,5,0,1,0,0.6543,0,0.0
P0251,6,0,1,0,0.6738,0,0.0
P0251,7,0,1,0,0.8175,0,0.0
P0251,8,0,1,0,0.86,0,0.0
P0251,9,0,1,0,0.5532,0,0.0
P0251,10,0,1,0,0.7942,1,1049.18
P0252,1,0,1,1,0.6798,0,0.0
P0252,2,0,1,1,0.7218,0,0.0
P0252,3,0,1,1,0.785,0,0.0
P0252,4,0,1,1,0.5317,0,0.0
P0252,5,0,1,1,0.5332,0,0.0
P0252,6,0,1,1,0.8142,1,1395.64
P0252,7,0,1,1,0.7922,0,0.0
P0252,8,0,1,1,0.7337,0,0.0
P0252,9,0,1,1,0.9177,0,0.0
P0252,10,0,1,1,0.9149,0,0.0
P0253,1,1,1,1,0.9506,0,0.0
P0253,2,1,1,1,0.7434,1,864.1
P0253,3,1,1,1,0.6564,1,886.93
P0253,4,1,1,1,0.9677,0,0.0
P0253,5,1,1,1,0.6519,0,0.0
P0253,6,1,1,1,0.5073,1,950.04
P0253,7,1,1,1,0.9067,1,919.0
P0253,8,1,1,1,0.975,0,0.0
P0253,9,1,1,1,0.5184,1,713.93
P0253,10,1,1,1,0.8376,0,0.0
P0254,1,1,1,1,0.9854,0,0.0
P0254,2,1,1,1,0.6166,0,0.0
P0254,3,1,1,1,0.5769,1,1185.89
P0254,4,1,1,1,0.5413,0,0.0
P0254,5,1,1,1,0.8066,1,899.77
P0254,6,1,1,1,0.6894,0,0.0
P0254,7,1,1,1,0.8266,0,0.0
P0254,8,1,1,1,0.844,0,0.0
P0254,9,1,1,1,0.998,1,526.3
P0254,10,1,1,1,0.8707,0,0.0
P0255,1,0,0,0,0.6753,0,0.0
P0255,2,0,0,0,0.9706,1,628.18
P0255,3,0,0,0,0.995,0,0.0
P0255,4,0,0,0,0.5296,0,0.0
P0255,5,0,0,0,0.6322,0,0.0
P0255,6,0,0,0,0.721,1,421.98
P0255,7,0,0,0,0.5604,0,0.0
P0255,8,0,0,0,0.9482,0,0.0
P0255,9,0,0,0,0.5919,1,555.72
P0255,10,0,0,0,0.8764,0,0.0
P0256,1,1,1,0,0.9735,1,899.79
P0256,2,1,1,0,0.5515,0,0.0
P0256,3,1,1,0,0.6542,2,1579.47
P0256,4,1,1,0,0.8182,0,0.0
P0256,5,1,1,0,0.9881,0,0.0
P0256,6,1,1,0,0.8835,1,708.81
P0256,7,1,1,0,0.8902,1,704.5
P0256,8,1,1,0,0.9736,0,0.0
P0256,9,1,1,0,0.6135,1,480.9
P0256,10,1,1,0,0.6211,0,0.0
P0257,1,1,0,0,0.5681,0,0.0
P0257,2,1,0,0,0.9112,0,0.0
P0257,3,1,0,0,0.8844,0,0.0
P0257,4,1,0,0,0.7007,0,0.0
P0257,5,1,0,0,0.6993,0,0.0
P0257,6,1,0,0,0.6696,0,0.0
P0257,7,1,0,0,0.9039,0,0.0
P0257,8,1,0,0,0.7806,0,0.0
P0257,9,1,0,0,0.8313,0,0.0
P0257,10,1,0,0,0.9933,2,753.19
P0258,1,0,1,0,0.7002,0,0.0
P0258,2,0,1,0,0.836,0,0.0
P0258,3,0,1,0,0.7605,0,0.0
P0258,4,0,1,0,0.9456,1,767.53
P0258,5,0,1,0,0.6123,0,0.0
P0258,6,0,1,0,0.5353,0,0.0
P0258,7,0,1,0,0.6337,0,0.0
P0258,8,0,1,0,0.7048,0,0.0
P0258,9,0,1,0,0.8445,0,0.0
P0258,10,0,1,0,0.5141,0,0.0
P0259,1,0,0,0,0.9338,1,279.34
P0259,2,0,0,0,0.5151,0,0.0
P0259,3,0,0,0,0.8814,1,778.38
P0259,4,0,0,0,0.7949,0,0.0
P0259,5,0,0,0,0.7297,0,0.0
P0259,6,0,0,0,0.7497,0,0.0
P0259,7,0,0,0,0.5069,1,850.96
P0259,8,0,0,0,0.936,0,0.0
P0259,9,0,0,0,0.7314,0,0.0
P0259,10,0,0,0,0.9207,0,0.0
P0260,1,0,0,0,0.8456,0,0.0
P0260,2,0,0,0,0.9729,0,0.0
P0260,3,0,0,0,0.7034,0,0.0
P0260,4,0,0,0,0.6005,0,0.0
P0260,5,0,0,0,0.6693,0,0.0
P0260,6,0,0,0,0.5946,0,0.0
P0260,7,0,0,0,0.6779,1,660.77
P0260,8,0,0,0,0.5369,0,0.0
P0260,9,0,0,0,0.6995,0,0.0
P0260,10,0,0,0,0.9797,0,0.0
P0261,1,0,1,0,0.5954,0,0.0
P0261,2,0,1,0,0.7662,0,0.0
P0261,3,0,1,0,0.7236,0,0.0
P0261,4,0,1,0,0.8502,0,0.0
P0261,5,0,1,0,0.8385,0,0.0
P0261,6,0,1,0,0.5914,0,0.0
P0261,7,0,1,0,0.5944,0,0.0
P0261,8,0,1,0,0.5626,0,0.0
P0261,9,0,1,0,0.5483,0,0.0
P0261,10,0,1,0,0.5088,1,447.99
P0262,1,1,0,0,0.7172,0,0.0
P0262,2,1,0,0,0.5445,1,882.84
P0262,3,1,0,0,0.535,0,0.0
P0262,4,1,0,0,0.5904,0,0.0
P0262,5,1,0,0,0.5731,0,0.0
P0262,6,1,0,0,0.7754,2,1097.0
P0262,7,1,0,0,0.9391,0,0.0
P0262,8,1,0,0,0.9206,0,0.0
P0262,9,1,0,0,0.6113,0,0.0
P0262,10,1,0,0,0.9809,1,838.98
P0263,1,0,1,0,0.8321,0,0.0
P0263,2,0,1,0,0.6851,0,0.0
P0263,3,0,1,0,0.6479,0,0.0
P0263,4,0,1,0,0.7636,0,0.0
P0263,5,0,1,0,0.5786,0,0.0
P0263,6,0,1,0,0.5586,0,0.0
P0263,7,0,1,0,0.5636,0,0.0
P0263,8,0,1,0,0.5775,0,0.0
P0263,9,0,1,0,0.6197,0,0.0
P0263,10,0,1,0,0.9093,0,0.0
P0264,1,0,1,1,0.7383,1,731.31
P0264,2,0,1,1,0.6477,0,0.0
P0264,3,0,1,1,0.8311,1,1154.27
P0264,4,0,1,1,0.6706,1,1194.92
P0264,5,0,1,1,0.8769,0,0.0
P0264,6,0,1,1,0.6332,0,0.0
P0264,7,0,1,1,0.8666,0,0.0
P0264,8,0,1,1,0.9294,0,0.0
P0264,9,0,1,1,0.6506,0,0.0
P0264,10,0,1,1,0.8275,1,494.33
P0265,1,1,0,0,0.824,0,0.0
P0265,2,1,0,0,0.7539,1,665.78
P0265,3,1,0,0,0.6685,0,0.0
P0265,4,1,0,0,0.5472,0,0.0
P0265,5,1,0,0,0.9964,0,0.0
P0265,6,1,0,0,0.9917,0,0.0
P0265,7,1,0,0,0.9504,0,0.0
P0265,8,1,0,0,0.9114,0,0.0
P0265,9,1,0,0,0.527,2,1601.59
P0265,10,1,0,0,0.716,0,0.0
P0266,1,0,0,0,0.5532,0,0.0
P0266,2,0,0,0,0.6274,0,0.0
P0266,3,0,0,0,0.6167,0,0.0
P0266,4,0,0,0,0.5841,0,0.0
P0266,5,0,0,0,0.9663,0,0.0
P0266,6,0,0,0,0.9465,0,0.0
P0266,7,0,0,0,0.6408,0,0.0
P0266,8,0,0,0,0.8173,0,0.0
P0266,9,0,0,0,0.8236,0,0.0
P0266,10,0,0,0,0.8407,0,0.0
P0267,1,0,1,0,0.8844,0,0.0
P0267,2,0,1,0,0.5677,0,0.0
P0267,3,0,1,0,0.7959,0,0.0
P0267,4,0,1,0,0.5345,0,0.0
P0267,5,0,1,0,0.9527,1,756.14
P0267,6,0,1,0,0.9486,0,0.0
P0267,7,0,1,0,0.8689,0,0.0
P0267,8,0,1,0,0.598,0,0.0
P0267,9,0,1,0,0.6973,0,0.0
P0267,10,0,1,0,0.8969,0,0.0
P0268,1,1,0,1,0.8985,0,0.0
P0268,2,1,0,1,0.6407,0,0.0
P0268,3,1,0,1,0.9004,0,0.0
P0268,4,1,0,1,0.9134,2,1269.3
P0268,5,1,0,1,0.9167,0,0.0
P0268,6,1,0,1,0.6681,0,0.0
P0268,7,1,0,1,0.9033,1,1067.28
P0268,8,1,0,1,0.7712,0,0.0
P0268,9,1,0,1,0.9883,0,0.0
P0268,10,1,0,1,0.8794,0,0.0
P0269,1,1,0,0,0.9638,0,0.0
P0269,2,1,0,0,0.7266,0,0.0
P0269,3,1,0,0,0.7585,0,0.0
P0269,4,1,0,0,0.8041,0,0.0
P0269,5,1,0,0,0.8331,1,1133.78
P0269,6,1,0,0,0.6814,1,544.98
P0269,7,1,0,0,0.6078,0,0.0
P0269,8,1,0,0,0.8508,0,0.0
P0269,9,1,0,0,0.5475,0,0.0
P0269,10,1,0,0,0.636,0,0.0
P0270,1,0,0,1,0.5925,0,0.0
P0270,2,0,0,1,0.5157,0,0.0
P0270,3,0,0,1,0.9939,0,0.0
P0270,4,0,0,1,0.8589,0,0.0
P0270,5,0,0,1,0.541,0,0.0
P0270,6,0,0,1,0.9813,0,0.0
P0270,7,0,0,1,0.886,1,659.54
P0270,8,0,0,1,0.7296,0,0.0
P0270,9,0,0,1,0.8879,1,786.79
P0270,10,0,0,1,0.6905,0,0.0
P0271,1,0,0,0,0.8991,0,0.0
P0271,2,0,0,0,0.8978,0,0.0
P0271,3,0,0,0,0.5334,0,0.0
P0271,4,0,0,0,0.5959,0,0.0
P0271,5,0,0,0,0.5894,1,353.43
P0271,6,0,0,0,0.8854,1,595.51
P0271,7,0,0,0,0.6318,0,0.0
P0271,8,0,0,0,0.8884,0,0.0
P0271,9,0,0,0,0.5929,0,0.0
P0271,10,0,0,0,0.5917,0,0.0
P0272,1,0,1,0,0.9195,1,1453.73
P0272,2,0,1,0,0.9807,0,0.0
P0272,3,0,1,0,0.9465,0,0.0
P0272,4,0,1,0,0.617,0,0.0
P0272,5,0,1,0,0.8616,0,0.0
P0272,6,0,1,0,0.9828,0,0.0
P0272,7,0,1,0,0.9859,0,0.0
P0272,8,0,1,0,0.9017,0,0.0
P0272,9,0,1,0,0.6937,0,0.0
P0272,10,0,1,0,0.9718,0,0.0
P0273,1,0,1,1,0.8515,0,0.0
P0273,2,0,1,1,0.7571,0,0.0
P0273,3,0,1,1,0.8144,0,0.0
P0273,4,0,1,1,0.7865,1,1393.82
P0273,5,0,1,1,0.6368,0,0.0
P0273,6,0,1,1,0.7936,0,0.0
P0273,7,0,1,1,0.6022,0,0.0
P0273,8,0,1,1,0.9719,0,0.0
P0273,9,0,1,1,0.6475,0,0.0
P0273,10,0,1,1,0.5882,0,0.0
P0274,1,0,0,0,0.6857,1,734.4
P0274,2,0,0,0,0.822,0,0.0
P0274,3,0,0,0,0.9696,0,0.0
P0274,4,0,0,0,0.9962,0,0.0
P0274,5,0,0,0,0.6817,1,487.12
P0274,6,0,0,0,0.6853,0,0.0
P0274,7,0,0,0,0.92,0,0.0
P0274,8,0,0,0,0.6726,0,0.0
P0274,9,0,0,0,0.8779,0,0.0
P0274,10,0,0,0,0.7615,0,0.0
P0275,1,0,0,0,0.7243,0,0.0
P0275,2,0,0,0,0.6487,0,0.0
P0275,3,0,0,0,0.598,0,0.0
P0275,4,0,0,0,0.5165,0,0.0
P0275,5,0,0,0,0.9091,0,0.0
P0275,6,0,0,0,0.6448,0,0.0
P0275,7,0,0,0,0.9251,0,0.0
P0275,8,0,0,0,0.6838,0,0.0
P0275,9,0,0,0,0.814,0,0.0
P0275,10,0,0,0,0.6519,0,0.0
P0276,1,0,1,1,0.569,0,0.0
P0276,2,0,1,1,0.8171,0,0.0
P0276,3,0,1,1,0.7106,0,0.0
P0276,4,0,1,1,0.9206,0,0.0
P0276,5,0,1,1,0.8331,0,0.0
P0276,6,0,1,1,0.8576,0,0.0
P0276,7,0,1,1,0.7895,0,0.0
P0276,8,0,1,1,0.9417,0,0.0
P0276,9,0,1,1,0.7577,0,0.0
P0276,10,0,1,1,0.655,0,0.0
P0277,1,0,0,0,0.6867,0,0.0
P0277,2,0,0,0,0.8519,0,0.0
P0277,3,0,0,0,0.9875,0,0.0
P0277,4,0,0,0,0.7772,0,0.0
P0277,5,0,0,0,0.9168,0,0.0
P0277,6,0,0,0,0.7688,0,0.0
P0277,7,0,0,0,0.9233,0,0.0
P0277,8,0,0,0,0.7423,0,0.0
P0277,9,0,0,0,0.7773,0,0.0
P0277,10,0,0,0,0.5877,0,0.0
P0278,1,0,1,1,0.8327,0,0.0
P0278,2,0,1,1,0.6401,0,0.0
P0278,3,0,1,1,0.7427,0,0.0
P0278,4,0,1,1,0.5328,0,0.0
P0278,5,0,1,1,0.899,0,0.0
P0278,6,0,1,1,0.7424,0,0.0
P0278,7,0,1,1,0.8822,0,0.0
P0278,8,0,1,1,0.945,0,0.0
P0278,9,0,1,1,0.6586,0,0.0
P0278,10,0,1,1,0.5914,0,0.0
P0279,1,0,0,0,0.7738,0,0.0
P0279,2,0,0,0,0.7699,0,0.0
P0279,3,0,0,0,0.8998,0,0.0
P0279,4,0,0,0,0.8396,0,0.0
P0279,5,0,0,0,0.8907,0,0.0
P0279,6,0,0,0,0.9887,0,0.0
P0279,7,0,0,0,0.8824,0,0.0
P0279,8,0,0,0,0.5949,0,0.0
P0279,9,0,0,0,0.8337,0,0.0
P0279,10,0,0,0,0.5341,0,0.0
P0280,1,1,0,1,0.8941,0,0.0
P0280,2,1,0,1,0.7962,0,0.0
P0280,3,1,0,1,0.6579,0,0.0
P0280,4,1,0,1,0.9903,0,0.0
P0280,5,1,0,1,0.5673,0,0.0
P0280,6,1,0,1,0.5358,0,0.0
P0280,7,1,0,1,0.8467,0,0.0
P0280,8,1,0,1,0.8296,0,0.0
P0280,9,1,0,1,0.674,0,0.0
P0280,10,1,0,1,0.7502,0,0.0
P0281,1,0,0,1,0.7733,1,1143.06
P0281,2,0,0,1,0.6215,1,370.71
P0281,3,0,0,1,0.8935,0,0.0
P0281,4,0,0,1,0.6802,0,0.0
P0281,5,0,0,1,0.6187,0,0.0
P0281,6,0,0,1,0.5233,0,0.0
P0281,7,0,0,1,0.6161,0,0.0
P0281,8,0,0,1,0.8234,0,0.0
P0281,9,0,0,1,0.6519,0,0.0
P0281,10,0,0,1,0.6775,0,0.0
P0282,1,0,1,0,0.8486,0,0.0
P0282,2,0,1,0,0.6687,0,0.0
P0282,3,0,1,0,0.8334,0,0.0
P0282,4,0,1,0,0.7931,0,0.0
P0282,5,0,1,0,0.6997,0,0.0
P0282,6,0,1,0,0.5648,0,0.0
P0282,7,0,1,0,0.9394,0,0.0
P0282,8,0,1,0,0.7263,0,0.0
P0282,9,0,1,0,0.7918,0,0.0
P0282,10,0,1,0,0.603,0,0.0
P0283,1,0,1,1,0.8083,0,0.0
P0283,2,0,1,1,0.737,0,0.0
P0283,3,0,1,1,0.9421,0,0.0
P0283,4,0,1,1,0.666,0,0.0
P0283,5,0,1,1,0.925,0,0.0
P0283,6,0,1,1,0.9722,0,0.0
P0283,7,0,1,1,0.7137,0,0.0
P0283,8,0,1,1,0.5122,1,1510.35
P0283,9,0,1,1,0.6623,0,0.0
P0283,10,0,1,1,0.8321,0,0.0
P0284,1,0,0,0,0.7836,0,0.0
P0284,2,0,0,0,0.6935,0,0.0
P0284,3,0,0,0,0.7155,0,0.0
P0284,4,0,0,0,0.699,0,0.0
P0284,5,0,0,0,0.9697,0,0.0
P0284,6,0,0,0,0.8474,0,0.0
P0284,7,0,0,0,0.9293,0,0.0
P0284,8,0,0,0,0.8198,0,0.0
P0284,9,0,0,0,0.6148,1,685.68
P0284,10,0,0,0,0.6213,2,1062.8
P0285,1,1,1,1,0.656,0,0.0
P0285,2,1,1,1,0.7574,1,793.62
P0285,3,1,1,1,0.9028,0,0.0
P0285,4,1,1,1,0.5684,0,0.0
P0285,5,1,1,1,0.5351,0,0.0
P0285,6,1,1,1,0.6348,1,885.2
P0285,7,1,1,1,0.678,0,0.0
P0285,8,1,1,1,0.781,0,0.0
P0285,9,1,1,1,0.9173,0,0.0
P0285,10,1,1,1,0.6427,2,2158.49
P0286,1,1,0,0,0.8311,1,659.71
P0286,2,1,0,0,0.5146,0,0.0
P0286,3,1,0,0,0.5199,0,0.0
P0286,4,1,0,0,0.7757,1,911.04
P0286,5,1,0,0,0.6961,0,0.0
P0286,6,1,0,0,0.8429,0,0.0
P0286,7,1,0,0,0.5542,0,0.0
P0286,8,1,0,0,0.514,0,0.0
P0286,9,1,0,0,0.776,0,0.0
P0286,10,1,0,0,0.5674,0,0.0
P0287,1,0,1,0,0.8584,0,0.0
P0287,2,0,1,0,0.6873,0,0.0
P0287,3,0,1,0,0.7838,0,0.0
P0287,4,0,1,0,0.5833,0,0.0
P0287,5,0,1,0,0.9223,0,0.0
P0287,6,0,1,0,0.9286,0,0.0
P0287,7,0,1,0,0.5968,1,361.73
P0287,8,0,1,0,0.7375,0,0.0
P0287,9,0,1,0,0.6558,1,635.68
P0287,10,0,1,0,0.6621,0,0.0
P0288,1,0,0,1,0.8896,1,1857.01
P0288,2,0,0,1,0.8052,0,0.0
P0288,3,0,0,1,0.5921,0,0.0
P0288,4,0,0,1,0.9727,0,0.0
P0288,5,0,0,1,0.6326,0,0.0
P0288,6,0,0,1,0.5823,0,0.0
P0288,7,0,0,1,0.9098,0,0.0
P0288,8,0,0,1,0.8561,0,0.0
P0288,9,0,0,1,0.9777,0,0.0
P0288,10,0,0,1,0.7266,0,0.0
P0289,1,1,1,1,0.7394,2,2431.98
P0289,2,1,1,1,0.9304,0,0.0
P0289,3,1,1,1,0.8292,1,1541.57
P0289,4,1,1,1,0.7757,0,0.0
P0289,5,1,1,1,0.8996,0,0.0
P0289,6,1,1,1,0.719,0,0.0
P0289,7,1,1,1,0.7584,0,0.0
P0289,8,1,1,1,0.5457,0,0.0
P0289,9,1,1,1,0.6565,0,0.0
P0289,10,1,1,1,0.687,0,0.0
P0290,1,0,0,0,0.6853,1,393.48
P0290,2,0,0,0,0.758,0,0.0
P0290,3,0,0,0,0.8703,0,0.0
P0290,4,0,0,0,0.9104,0,0.0
P0290,5,0,0,0,0.5052,0,0.0
P0290,6,0,0,0,0.9458,0,0.0
P0290,7,0,0,0,0.8553,0,0.0
P0290,8,0,0,0,0.6495,1,464.28
P0290,9,0,0,0,0.8947,0,0.0
P0290,10,0,0,0,0.9809,0,0.0
P0291,1,0,0,0,0.6232,0,0.0
P0291,2,0,0,0,0.5993,0,0.0
P0291,3,0,0,0,0.9745,1,538.0
P0291,4,0,0,0,0.8018,1,931.99
P0291,5,0,0,0,0.6785,0,0.0
P0291,6,0,0,0,0.6271,0,0.0
P0291,7,0,0,0,0.9185,0,0.0
P0291,8,0,0,0,0.6403,0,0.0
P0291,9,0,0,0,0.8226,1,781.51
P0291,10,0,0,0,0.5003,0,0.0
P0292,1,0,1,1,0.5077,1,681.51
P0292,2,0,1,1,0.5248,0,0.0
P0292,3,0,1,1,0.8144,3,5567.72
P0292,4,0,1,1,0.7822,1,928.02
P0292,5,0,1,1,0.6953,0,0.0
P0292,6,0,1,1,0.6649,0,0.0
P0292,7,0,1,1,0.9569,0,0.0
P0292,8,0,1,1,0.8088,1,1218.15
P0292,9,0,1,1,0.9419,0,0.0
P0292,10,0,1,1,0.5127,0,0.0
P0293,1,0,1,0,0.7899,0,0.0
P0293,2,0,1,0,0.609,0,0.0
P0293,3,0,1,0,0.9683,0,0.0
P0293,4,0,1,0,0.7808,0,0.0
P0293,5,0,1,0,0.567,0,0.0
P0293,6,0,1,0,0.7075,0,0.0
P0293,7,0,1,0,0.9695,0,0.0
P0293,8,0,1,0,0.5452,0,0.0
P0293,9,0,1,0,0.799,0,0.0
P0293,10,0,1,0,0.9538,0,0.0
P0294,1,0,1,1,0.5054,0,0.0
P0294,2,0,1,1,0.5601,1,588.79
P0294,3,0,1,1,0.5391,0,0.0
P0294,4,0,1,1,0.5033,0,0.0
P0294,5,0,1,1,0.6753,1,1613.46
P0294,6,0,1,1,0.6643,0,0.0
P0294,7,0,1,1,0.8167,0,0.0
P0294,8,0,1,1,0.7291,0,0.0
P0294,9,0,1,1,0.7133,1,918.43
P0294,10,0,1,1,0.7662,0,0.0
P0295,1,0,0,1,0.6684,0,0.0
P0295,2,0,0,1,0.6942,0,0.0
P0295,3,0,0,1,0.5617,0,0.0
P0295,4,0,0,1,0.9709,0,0.0
P0295,5,0,0,1,0.5231,0,0.0
P0295,6,0,0,1,0.8154,0,0.0
P0295,7,0,0,1,0.8159,1,526.24
P0295,8,0,0,1,0.9482,0,0.0
P0295,9,0,0,1,0.9513,1,734.14
P0295,10,0,0,1,0.6045,0,0.0
P0296,1,0,1,1,0.7097,0,0.0
P0296,2,0,1,1,0.9916,0,0.0
P0296,3,0,1,1,0.5426,0,0.0
P0296,4,0,1,1,0.8379,0,0.0
P0296,5,0,1,1,0.9119,0,0.0
P0296,6,0,1,1,0.8977,0,0.0
P0296,7,0,1,1,0.6659,0,0.0
P0296,8,0,1,1,0.658,1,574.13
P0296,9,0,1,1,0.8097,0,0.0
P0296,10,0,1,1,0.9487,1,1085.49
P0297,1,0,1,1,0.7273,1,3100.98
P0297,2,0,1,1,0.9338,0,0.0
P0297,3,0,1,1,0.6061,0,0.0
P0297,4,0,1,1,0.7414,0,0.0
P0297,5,0,1,1,0.9157,0,0.0
P0297,6,0,1,1,0.6247,0,0.0
P0297,7,0,1,1,0.6671,0,0.0
P0297,8,0,1,1,0.5688,1,1077.44
P0297,9,0,1,1,0.8487,1,915.55
P0297,10,0,1,1,0.5071,0,0.0
P0298,1,0,1,0,0.8482,1,640.34
P0298,2,0,1,0,0.9923,1,606.97
P0298,3,0,1,0,0.9585,0,0.0
P0298,4,0,1,0,0.6855,1,1026.46
P0298,5,0,1,0,0.6956,1,687.82
P0298,6,0,1,0,0.5863,0,0.0
P0298,7,0,1,0,0.6745,1,818.85
P0298,8,0,1,0,0.7183,1,750.31
P0298,9,0,1,0,0.7297,0,0.0
P0298,10,0,1,0,0.803,0,0.0
P0299,1,0,1,0,0.6216,0,0.0
P0299,2,0,1,0,0.8155,0,0.0
P0299,3,0,1,0,0.5755,0,0.0
P0299,4,0,1,0,0.6626,0,0.0
P0299,5,0,1,0,0.894,0,0.0
P0299,6,0,1,0,0.8789,0,0.0
P0299,7,0,1,0,0.9808,0,0.0
P0299,8,0,1,0,0.5738,0,0.0
P0299,9,0,1,0,0.8728,1,763.61
P0299,10,0,1,0,0.5547,1,1133.82
P0300,1,1,0,0,0.7732,0,0.0
P0300,2,1,0,0,0.5072,0,0.0
P0300,3,1,0,0,0.7817,0,0.0
P0300,4,1,0,0,0.995,0,0.0
P0300,5,1,0,0,0.8136,0,0.0
P0300,6,1,0,0,0.8489,0,0.0
P0300,7,1,0,0,0.9995,0,0.0
P0300,8,1,0,0,0.7089,1,891.12
P0300,9,1,0,0,0.8059,0,0.0
P0300,10,1,0,0,0.86,0,0.0
P0301,1,0,1,1,0.5767,0,0.0
P0301,2,0,1,1,0.6915,0,0.0
P0301,3,0,1,1,0.6023,0,0.0
P0301,4,0,1,1,0.9734,1,700.58
P0301,5,0,1,1,0.7014,0,0.0
P0301,6,0,1,1,0.742,0,0.0
P0301,7,0,1,1,0.831,1,893.55
P0301,8,0,1,1,0.7883,0,0.0
P0301,9,0,1,1,0.7643,0,0.0
P0301,10,0,1,1,0.9535,1,1152.56
P0302,1,1,0,0,0.597,0,0.0
P0302,2,1,0,0,0.5921,0,0.0
P0302,3,1,0,0,0.9023,0,0.0
P0302,4,1,0,0,0.9806,0,0.0
P0302,5,1,0,0,0.8747,0,0.0
P0302,6,1,0,0,0.9013,0,0.0
P0302,7,1,0,0,0.7879,0,0.0
P0302,8,1,0,0,0.5298,0,0.0
P0302,9,1,0,0,0.7768,0,0.0
P0302,10,1,0,0,0.9451,0,0.0
P0303,1,0,0,1,0.7548,0,0.0
P0303,2,0,0,1,0.8269,0,0.0
P0303,3,0,0,1,0.6052,0,0.0
P0303,4,0,0,1,0.5105,0,0.0
P0303,5,0,0,1,0.5207,0,0.0
P0303,6,0,0,1,0.6795,0,0.0
P0303,7,0,0,1,0.9608,0,0.0
P0303,8,0,0,1,0.6047,0,0.0
P0303,9,0,0,1,0.6486,0,0.0
P0303,10,0,0,1,0.8242,0,0.0
P0304,1,1,1,1,0.5183,0,0.0
P0304,2,1,1,1,0.7024,0,0.0
P0304,3,1,1,1,0.7424,0,0.0
P0304,4,1,1,1,0.6283,0,0.0
P0304,5,1,1,1,0.6288,0,0.0
P0304,6,1,1,1,0.5133,0,0.0
P0304,7,1,1,1,0.688,1,837.09
P0304,8,1,1,1,0.8144,0,0.0
P0304,9,1,1,1,0.9997,1,549.92
P0304,10,1,1,1,0.9795,0,0.0
P0305,1,0,0,0,0.9255,0,0.0
P0305,2,0,0,0,0.5433,0,0.0
P0305,3,0,0,0,0.7861,0,0.0
P0305,4,0,0,0,0.7131,0,0.0
P0305,5,0,0,0,0.5821,0,0.0
P0305,6,0,0,0,0.911,0,0.0
P0305,7,0,0,0,0.7034,0,0.0
P0305,8,0,0,0,0.9872,0,0.0
P0305,9,0,0,0,0.7249,0,0.0
P0305,10,0,0,0,0.7859,0,0.0
P0306,1,1,1,1,0.7977,0,0.0
P0306,2,1,1,1,0.8269,1,790.3
P0306,3,1,1,1,0.9109,0,0.0
P0306,4,1,1,1,0.8353,2,1253.78
P0306,5,1,1,1,0.5811,0,0.0
P0306,6,1,1,1,0.9607,0,0.0
P0306,7,1,1,1,0.935,0,0.0
P0306,8,1,1,1,0.9514,0,0.0
P0306,9,1,1,1,0.8099,0,0.0
P0306,10,1,1,1,0.7776,1,976.26
P0307,1,1,0,1,0.5426,0,0.0
P0307,2,1,0,1,0.7551,1,664.48
P0307,3,1,0,1,0.7925,0,0.0
P0307,4,1,0,1,0.9669,0,0.0
P0307,5,1,0,1,0.5292,0,0.0
P0307,6,1,0,1,0.9239,0,0.0
P0307,7,1,0,1,0.9951,0,0.0
P0307,8,1,0,1,0.7631,0,0.0
P0307,9,1,0,1,0.7803,1,883.37
P0307,10,1,0,1,0.6591,0,0.0
P0308,1,1,0,0,0.9365,1,1269.73
P0308,2,1,0,0,0.8363,0,0.0
P0308,3,1,0,0,0.8422,0,0.0
P0308,4,1,0,0,0.524,0,0.0
P0308,5,1,0,0,0.7013,0,0.0
P0308,6,1,0,0,0.6117,0,0.0
P0308,7,1,0,0,0.9954,0,0.0
P0308,8,1,0,0,0.5044,0,0.0
P0308,9,1,0,0,0.7391,0,0.0
P0308,10,1,0,0,0.5762,0,0.0
P0309,1,1,0,1,0.7618,0,0.0
P0309,2,1,0,1,0.89,0,0.0
P0309,3,1,0,1,0.6372,0,0.0
P0309,4,1,0,1,0.8952,0,0.0
P0309,5,1,0,1,0.5563,0,0.0
P0309,6,1,0,1,0.9847,0,0.0
P0309,7,1,0,1,0.9056,0,0.0
P0309,8,1,0,1,0.8682,0,0.0
P0309,9,1,0,1,0.7747,0,0.0
P0309,10,1,0,1,0.9957,0,0.0
P0310,1,1,1,0,0.7731,0,0.0
P0310,2,1,1,0,0.524,0,0.0
P0310,3,1,1,0,0.737,1,889.32
P0310,4,1,1,0,0.6732,0,0.0
P0310,5,1,1,0,0.7958,0,0.0
P0310,6,1,1,0,0.554,0,0.0
P0310,7,1,1,0,0.5273,0,0.0
P0310,8,1,1,0,0.5273,0,0.0
P0310,9,1,1,0,0.9087,0,0.0
P0310,10,1,1,0,0.7543,0,0.0
P0311,1,0,0,1,0.5087,0,0.0
P0311,2,0,0,1,0.7338,0,0.0
P0311,3,0,0,1,0.8028,0,0.0
P0311,4,0,0,1,0.7932,0,0.0
P0311,5,0,0,1,0.9624,1,816.87
P0311,6,0,0,1,0.5895,0,0.0
P0311,7,0,0,1,0.8977,1,898.33
P0311,8,0,0,1,0.824,0,0.0
P0311,9,0,0,1,0.6812,0,0.0
P0311,10,0,0,1,0.6751,0,0.0
P0312,1,0,1,1,0.5253,0,0.0
P0312,2,0,1,1,0.787,0,0.0
P0312,3,0,1,1,0.5067,0,0.0
P0312,4,0,1,1,0.8753,1,1210.64
P0312,5,0,1,1,0.5324,0,0.0
P0312,6,0,1,1,0.5938,0,0.0
P0312,7,0,1,1,0.6166,0,0.0
P0312,8,0,1,1,0.9186,0,0.0
P0312,9,0,1,1,0.8661,0,0.0
P0312,10,0,1,1,0.7121,0,0.0
P0313,1,1,0,0,0.5865,0,0.0
P0313,2,1,0,0,0.7204,0,0.0
P0313,3,1,0,0,0.8841,1,446.01
P0313,4,1,0,0,0.5097,1,825.98
P0313,5,1,0,0,0.5551,1,893.13
P0313,6,1,0,0,0.6258,0,0.0
P0313,7,1,0,0,0.9944,1,308.0
P0313,8,1,0,0,0.8694,0,0.0
P0313,9,1,0,0,0.8842,0,0.0
P0313,10,1,0,0,0.8053,0,0.0
P0314,1,1,1,0,0.9189,1,1251.76
P0314,2,1,1,0,0.9361,0,0.0
P0314,3,1,1,0,0.8111,0,0.0
P0314,4,1,1,0,0.8164,0,0.0
P0314,5,1,1,0,0.7453,0,0.0
P0314,6,1,1,0,0.9513,1,618.1
P0314,7,1,1,0,0.9761,0,0.0
P0314,8,1,1,0,0.9057,0,0.0
P0314,9,1,1,0,0.7876,0,0.0
P0314,10,1,1,0,0.8239,0,0.0
P0315,1,0,1,1,0.685,0,0.0
P0315,2,0,1,1,0.6273,0,0.0
P0315,3,0,1,1,0.7387,0,0.0
P0315,4,0,1,1,0.9865,0,0.0
P0315,5,0,1,1,0.6772,0,0.0
P0315,6,0,1,1,0.73,0,0.0
P0315,7,0,1,1,0.596,0,0.0
P0315,8,0,1,1,0.9269,0,0.0
P0315,9,0,1,1,0.9949,1,1111.17
P0315,10,0,1,1,0.7859,0,0.0
P0316,1,0,0,0,0.8805,0,0.0
P0316,2,0,0,0,0.8527,1,367.32
P0316,3,0,0,0,0.8323,0,0.0
P0316,4,0,0,0,0.8845,0,0.0
P0316,5,0,0,0,0.5237,0,0.0
P0316,6,0,0,0,0.9391,0,0.0
P0316,7,0,0,0,0.9074,0,0.0
P0316,8,0,0,0,0.7374,0,0.0
P0316,9,0,0,0,0.9182,1,487.98
P0316,10,0,0,0,0.9306,0,0.0
P0317,1,0,0,1,0.7538,0,0.0
P0317,2,0,0,1,0.518,0,0.0
P0317,3,0,0,1,0.9233,1,1305.81
P0317,4,0,0,1,0.6915,0,0.0
P0317,5,0,0,1,0.7565,0,0.0
P0317,6,0,0,1,0.7289,0,0.0
P0317,7,0,0,1,0.7686,0,0.0
P0317,8,0,0,1,0.7761,0,0.0
P0317,9,0,0,1,0.5958,0,0.0
P0317,10,0,0,1,0.5689,0,0.0
P0318,1,0,1,1,0.591,0,0.0
P0318,2,0,1,1,0.6217,0,0.0
P0318,3,0,1,1,0.821,0,0.0
P0318,4,0,1,1,0.9148,0,0.0
P0318,5,0,1,1,0.5207,0,0.0
P0318,6,0,1,1,0.6473,0,0.0
P0318,7,0,1,1,0.9335,0,0.0
P0318,8,0,1,1,0.958,0,0.0
P0318,9,0,1,1,0.8393,0,0.0
P0318,10,0,1,1,0.7083,0,0.0
P0319,1,0,0,0,0.5612,0,0.0
P0319,2,0,0,0,0.597,0,0.0
P0319,3,0,0,0,0.7864,0,0.0
P0319,4,0,0,0,0.8419,0,0.0
P0319,5,0,0,0,0.961,0,0.0
P0319,6,0,0,0,0.9733,0,0.0
P0319,7,0,0,0,0.5275,0,0.0
P0319,8,0,0,0,0.8511,0,0.0
P0319,9,0,0,0,0.8002,0,0.0
P0319,10,0,0,0,0.7404,0,0.0
P0320,1,0,1,1,0.5152,0,0.0
P0320,2,0,1,1,0.8854,1,712.41
P0320,3,0,1,1,0.6966,0,0.0
P0320,4,0,1,1,0.7811,0,0.0
P0320,5,0,1,1,0.5622,1,738.96
P0320,6,0,1,1,0.5939,0,0.0
P0320,7,0,1,1,0.5341,0,0.0
P0320,8,0,1,1,0.9382,0,0.0
P0320,9,0,1,1,0.6611,0,0.0
P0320,10,0,1,1,0.8004,0,0.0
P0321,1,0,1,0,0.8701,0,0.0
P0321,2,0,1,0,0.984,0,0.0
P0321,3,0,1,0,0.7081,0,0.0
P0321,4,0,1,0,0.8694,0,0.0
P0321,5,0,1,0,0.8024,0,0.0
P0321,6,0,1,0,0.8647,0,0.0
P0321,7,0,1,0,0.8254,0,0.0
P0321,8,0,1,0,0.9005,0,0.0
P0321,9,0,1,0,0.552,0,0.0
P0321,10,0,1,0,0.6912,0,0.0
P0322,1,1,1,0,0.9912,0,0.0
P0322,2,1,1,0,0.784,1,713.3
P0322,3,1,1,0,0.9054,1,839.0
P0322,4,1,1,0,0.8205,0,0.0
P0322,5,1,1,0,0.7127,0,0.0
P0322,6,1,1,0,0.9975,0,0.0
P0322,7,1,1,0,0.8135,0,0.0
P0322,8,1,1,0,0.7244,1,719.2
P0322,9,1,1,0,0.7069,0,0.0
P0322,10,1,1,0,0.8669,0,0.0
P0323,1,0,0,1,0.739,0,0.0
P0323,2,0,0,1,0.707,0,0.0
P0323,3,0,0,1,0.5977,0,0.0
P0323,4,0,0,1,0.638,0,0.0
P0323,5,0,0,1,0.8229,0,0.0
P0323,6,0,0,1,0.9561,0,0.0
P0323,7,0,0,1,0.6413,0,0.0
P0323,8,0,0,1,0.7378,0,0.0
P0323,9,0,0,1,0.6401,0,0.0
P0323,10,0,0,1,0.6306,1,387.13
P0324,1,0,0,0,0.6885,0,0.0
P0324,2,0,0,0,0.8361,0,0.0
P0324,3,0,0,0,0.6155,0,0.0
P0324,4,0,0,0,0.6589,0,0.0
P0324,5,0,0,0,0.7489,0,0.0
P0324,6,0,0,0,0.8431,0,0.0
P0324,7,0,0,0,0.68,0,0.0
P0324,8,0,0,0,0.8933,0,0.0
P0324,9,0,0,0,0.6775,1,417.05
P0324,10,0,0,0,0.5661,0,0.0
P0325,1,1,1,0,0.5388,0,0.0
P0325,2,1,1,0,0.8637,0,0.0
P0325,3,1,1,0,0.9182,1,511.05
P0325,4,1,1,0,0.6261,1,588.44
P0325,5,1,1,0,0.6921,0,0.0
P0325,6,1,1,0,0.701,1,508.44
P0325,7,1,1,0,0.5886,0,0.0
P0325,8,1,1,0,0.6926,0,0.0
P0325,9,1,1,0,0.6443,1,701.03
P0325,10,1,1,0,0.9584,0,0.0
P0326,1,0,0,1,0.841,0,0.0
P0326,2,0,0,1,0.5737,0,0.0
P0326,3,0,0,1,0.8602,1,501.26
P0326,4,0,0,1,0.8528,0,0.0
P0326,5,0,0,1,0.5166,0,0.0
P0326,6,0,0,1,0.7143,0,0.0
P0326,7,0,0,1,0.9823,0,0.0
P0326,8,0,0,1,0.7577,0,0.0
P0326,9,0,0,1,0.9533,0,0.0
P0326,10,0,0,1,0.5104,0,0.0
P0327,1,1,0,0,0.8004,0,0.0
P0327,2,1,0,0,0.8415,0,0.0
P0327,3,1,0,0,0.7372,1,443.04
P0327,4,1,0,0,0.7949,0,0.0
P0327,5,1,0,0,0.9083,0,0.0
P0327,6,1,0,0,0.7854,0,0.0
P0327,7,1,0,0,0.6646,0,0.0
P0327,8,1,0,0,0.9714,0,0.0
P0327,9,1,0,0,0.5048,1,692.71
P0327,10,1,0,0,0.8315,0,0.0
P0328,1,0,0,0,0.9886,0,0.0
P0328,2,0,0,0,0.5837,0,0.0
P0328,3,0,0,0,0.8416,0,0.0
P0328,4,0,0,0,0.619,0,0.0
P0328,5,0,0,0,0.7977,0,0.0
P0328,6,0,0,0,0.7737,0,0.0
P0328,7,0,0,0,0.6019,0,0.0
P0328,8,0,0,0,0.8088,0,0.0
P0328,9,0,0,0,0.523,0,0.0
P0328,10,0,0,0,0.6511,0,0.0
P0329,1,0,0,1,0.9446,1,386.07
P0329,2,0,0,1,0.8602,0,0.0
P0329,3,0,0,1,0.9265,0,0.0
P0329,4,0,0,1,0.8091,0,0.0
P0329,5,0,0,1,0.5828,1,627.96
P0329,6,0,0,1,0.6898,0,0.0
P0329,7,0,0,1,0.6233,0,0.0
P0329,8,0,0,1,0.7028,1,1643.36
P0329,9,0,0,1,0.6277,0,0.0
P0329,10,0,0,1,0.6481,0,0.0
P0330,1,0,1,0,0.536,0,0.0
P0330,2,0,1,0,0.6341,1,619.03
P0330,3,0,1,0,0.5367,0,0.0
P0330,4,0,1,0,0.6441,0,0.0
P0330,5,0,1,0,0.736,1,768.22
P0330,6,0,1,0,0.5905,0,0.0
P0330,7,0,1,0,0.8619,0,0.0
P0330,8,0,1,0,0.8948,0,0.0
P0330,9,0,1,0,0.834,0,0.0
P0330,10,0,1,0,0.6347,0,0.0
P0331,1,0,0,1,0.8364,0,0.0
P0331,2,0,0,1,0.9598,0,0.0
P0331,3,0,0,1,0.7615,1,468.69
P0331,4,0,0,1,0.5702,0,0.0
P0331,5,0,0,1,0.7773,0,0.0
P0331,6,0,0,1,0.8546,0,0.0
P0331,7,0,0,1,0.8689,1,519.47
P0331,8,0,0,1,0.5494,0,0.0
P0331,9,0,0,1,0.892,0,0.0
P0331,10,0,0,1,0.6645,0,0.0
P0332,1,0,1,1,0.7985,1,1277.67
P0332,2,0,1,1,0.794,0,0.0
P0332,3,0,1,1,0.6964,1,633.98
P0332,4,0,1,1,0.8588,1,875.51
P0332,5,0,1,1,0.9382,1,289.78
P0332,6,0,1,1,0.7809,0,0.0
P0332,7,0,1,1,0.7104,0,0.0
P0332,8,0,1,1,0.5406,1,709.56
P0332,9,0,1,1,0.7772,0,0.0
P0332,10,0,1,1,0.8184,0,0.0
P0333,1,0,0,0,0.8024,0,0.0
P0333,2,0,0,0,0.8983,0,0.0
P0333,3,0,0,0,0.9611,0,0.0
P0333,4,0,0,0,0.5099,0,0.0
P0333,5,0,0,0,0.8922,1,1240.43
P0333,6,0,0,0,0.8885,0,0.0
P0333,7,0,0,0,0.5338,0,0.0
P0333,8,0,0,0,0.7345,0,0.0
P0333,9,0,0,0,0.7327,0,0.0
P0333,10,0,0,0,0.8385,0,0.0
P0334,1,0,0,0,0.5034,0,0.0
P0334,2,0,0,0,0.7285,0,0.0
P0334,3,0,0,0,0.6491,0,0.0
P0334,4,0,0,0,0.6475,1,653.84
P0334,5,0,0,0,0.7496,0,0.0
P0334,6,0,0,0,0.6651,0,0.0
P0334,7,0,0,0,0.834,0,0.0
P0334,8,0,0,0,0.9254,0,0.0
P0334,9,0,0,0,0.5002,0,0.0
P0334,10,0,0,0,0.9017,0,0.0
P0335,1,0,0,0,0.5815,0,0.0
P0335,2,0,0,0,0.7674,0,0.0
P0335,3,0,0,0,0.7051,0,0.0
P0335,4,0,0,0,0.6621,0,0.0
P0335,5,0,0,0,0.9586,0,0.0
P0335,6,0,0,0,0.8073,0,0.0
P0335,7,0,0,0,0.6404,0,0.0
P0335,8,0,0,0,0.5026,2,1486.87
P0335,9,0,0,0,0.7388,1,722.6
P0335,10,0,0,0,0.7586,0,0.0
P0336,1,1,0,0,0.9898,0,0.0
P0336,2,1,0,0,0.6219,0,0.0
P0336,3,1,0,0,0.9669,0,0.0
P0336,4,1,0,0,0.5412,0,0.0
P0336,5,1,0,0,0.5633,1,828.03
P0336,6,1,0,0,0.7917,0,0.0
P0336,7,1,0,0,0.7115,0,0.0
P0336,8,1,0,0,0.8533,0,0.0
P0336,9,1,0,0,0.6524,0,0.0
P0336,10,1,0,0,0.9853,0,0.0
P0337,1,0,1,0,0.548,0,0.0
P0337,2,0,1,0,0.585,0,0.0
P0337,3,0,1,0,0.513,0,0.0
P0337,4,0,1,0,0.8578,0,0.0
P0337,5,0,1,0,0.6,0,0.0
P0337,6,0,1,0,0.5669,0,0.0
P0337,7,0,1,0,0.7712,0,0.0
P0337,8,0,1,0,0.52,1,1379.67
P0337,9,0,1,0,0.5079,0,0.0
P0337,10,0,1,0,0.8712,0,0.0
P0338,1,1,0,0,0.639,0,0.0
P0338,2,1,0,0,0.641,0,0.0
P0338,3,1,0,0,0.6895,0,0.0
P0338,4,1,0,0,0.5802,0,0.0
P0338,5,1,0,0,0.5895,0,0.0
P0338,6,1,0,0,0.5843,0,0.0
P0338,7,1,0,0,0.6694,1,323.29
P0338,8,1,0,0,0.9759,1,574.13
P0338,9,1,0,0,0.7066,0,0.0
P0338,10,1,0,0,0.7993,0,0.0
P0339,1,0,0,0,0.9923,0,0.0
P0339,2,0,0,0,0.6546,0,0.0
P0339,3,0,0,0,0.6463,1,616.27
P0339,4,0,0,0,0.5312,1,576.7
P0339,5,0,0,0,0.9713,0,0.0
P0339,6,0,0,0,0.77,0,0.0
P0339,7,0,0,0,0.9157,0,0.0
P0339,8,0,0,0,0.5079,0,0.0
P0339,9,0,0,0,0.8116,0,0.0
P0339,10,0,0,0,0.5379,0,0.0
P0340,1,0,0,0,0.5832,0,0.0
P0340,2,0,0,0,0.6671,0,0.0
P0340,3,0,0,0,0.9155,0,0.0
P0340,4,0,0,0,0.8764,0,0.0
P0340,5,0,0,0,0.7591,0,0.0
P0340,6,0,0,0,0.5093,0,0.0
P0340,7,0,0,0,0.9264,0,0.0
P0340,8,0,0,0,0.6696,0,0.0
P0340,9,0,0,0,0.9863,0,0.0
P0340,10,0,0,0,0.6068,0,0.0
P0341,1,0,0,0,0.715,0,0.0
P0341,2,0,0,0,0.923,0,0.0
P0341,3,0,0,0,0.9633,0,0.0
P0341,4,0,0,0,0.9318,0,0.0
P0341,5,0,0,0,0.8269,0,0.0
P0341,6,0,0,0,0.8856,0,0.0
P0341,7,0,0,0,0.5405,0,0.0
P0341,8,0,0,0,0.8984,0,0.0
P0341,9,0,0,0,0.9789,0,0.0
P0341,10,0,0,0,0.9312,0,0.0
P0342,1,0,0,1,0.9012,1,1305.18
P0342,2,0,0,1,0.8753,0,0.0
P0342,3,0,0,1,0.7001,0,0.0
P0342,4,0,0,1,0.7131,0,0.0
P0342,5,0,0,1,0.8491,0,0.0
P0342,6,0,0,1,0.9295,0,0.0
P0342,7,0,0,1,0.9604,0,0.0
P0342,8,0,0,1,0.615,0,0.0
P0342,9,0,0,1,0.9564,0,0.0
P0342,10,0,0,1,0.7265,0,0.0
P0343,1,0,1,0,0.7654,1,890.72
P0343,2,0,1,0,0.8525,0,0.0
P0343,3,0,1,0,0.6571,0,0.0
P0343,4,0,1,0,0.9289,0,0.0
P0343,5,0,1,0,0.8976,0,0.0
P0343,6,0,1,0,0.654,1,582.97
P0343,7,0,1,0,0.8996,0,0.0
P0343,8,0,1,0,0.9178,0,0.0
P0343,9,0,1,0,0.8062,0,0.0
P0343,10,0,1,0,0.9711,0,0.0
P0344,1,1,0,1,0.5039,1,657.67
P0344,2,1,0,1,0.7765,0,0.0
P0344,3,1,0,1,0.9555,0,0.0
P0344,4,1,0,1,0.8775,2,1893.93
P0344,5,1,0,1,0.7495,1,754.66
P0344,6,1,0,1,0.7976,0,0.0
P0344,7,1,0,1,0.5133,0,0.0
P0344,8,1,0,1,0.8861,0,0.0
P0344,9,1,0,1,0.988,0,0.0
P0344,10,1,0,1,0.8047,0,0.0
P0345,1,0,1,0,0.6936,0,0.0
P0345,2,0,1,0,0.5588,0,0.0
P0345,3,0,1,0,0.8591,0,0.0
P0345,4,0,1,0,0.5208,0,0.0
P0345,5,0,1,0,0.9647,0,0.0
P0345,6,0,1,0,0.605,0,0.0
P0345,7,0,1,0,0.7945,0,0.0
P0345,8,0,1,0,0.7188,1,1635.08
P0345,9,0,1,0,0.7398,0,0.0
P0345,10,0,1,0,0.6627,0,0.0
P0346,1,1,0,1,0.7561,1,1158.47
P0346,2,1,0,1,0.7181,0,0.0
P0346,3,1,0,1,0.9782,0,0.0
P0346,4,1,0,1,0.975,0,0.0
P0346,5,1,0,1,0.7658,1,1065.24
P0346,6,1,0,1,0.7544,0,0.0
P0346,7,1,0,1,0.6817,0,0.0
P0346,8,1,0,1,0.8579,1,827.61
P0346,9,1,0,1,0.9679,0,0.0
P0346,10,1,0,1,0.8941,0,0.0
P0347,1,0,0,0,0.7855,0,0.0
P0347,2,0,0,0,0.748,0,0.0
P0347,3,0,0,0,0.5814,0,0.0
P0347,4,0,0,0,0.5816,0,0.0
P0347,5,0,0,0,0.9839,0,0.0
P0347,6,0,0,0,0.8791,0,0.0
P0347,7,0,0,0,0.683,0,0.0
P0347,8,0,0,0,0.9008,0,0.0
P0347,9,0,0,0,0.8334,0,0.0
P0347,10,0,0,0,0.7845,0,0.0
P0348,1,0,1,0,0.516,0,0.0
P0348,2,0,1,0,0.8641,2,1836.56
P0348,3,0,1,0,0.5716,0,0.0
P0348,4,0,1,0,0.7979,0,0.0
P0348,5,0,1,0,0.7555,1,622.2
P0348,6,0,1,0,0.9836,1,814.41
P0348,7,0,1,0,0.7846,0,0.0
P0348,8,0,1,0,0.9847,1,489.81
P0348,9,0,1,0,0.778,0,0.0
P0348,10,0,1,0,0.7259,0,0.0
P0349,1,1,0,0,0.7016,0,0.0
P0349,2,1,0,0,0.6972,0,0.0
P0349,3,1,0,0,0.7035,0,0.0
P0349,4,1,0,0,0.6027,0,0.0
P0349,5,1,0,0,0.8383,1,664.76
P0349,6,1,0,0,0.7912,0,0.0
P0349,7,1,0,0,0.6554,0,0.0
P0349,8,1,0,0,0.8837,0,0.0
P0349,9,1,0,0,0.8182,0,0.0
P0349,10,1,0,0,0.5454,0,0.0
P0350,1,0,0,1,0.5695,0,0.0
P0350,2,0,0,1,0.8154,0,0.0
P0350,3,0,0,1,0.9316,0,0.0
P0350,4,0,0,1,0.8646,0,0.0
P0350,5,0,0,1,0.975,0,0.0
P0350,6,0,0,1,0.5524,0,0.0
P0350,7,0,0,1,0.6202,0,0.0
P0350,8,0,0,1,0.5826,0,0.0
P0350,9,0,0,1,0.5064,0,0.0
P0350,10,0,0,1,0.5041,0,0.0
P0351,1,0,1,0,0.9418,0,0.0
P0351,2,0,1,0,0.5036,0,0.0
P0351,3,0,1,0,0.9107,0,0.0
P0351,4,0,1,0,0.8276,0,0.0
P0351,5,0,1,0,0.9576,0,0.0
P0351,6,0,1,0,0.7262,0,0.0
P0351,7,0,1,0,0.9311,1,765.47
P0351,8,0,1,0,0.7745,0,0.0
P0351,9,0,1,0,0.8173,1,466.08
P0351,10,0,1,0,0.6059,0,0.0
P0352,1,0,0,0,0.9394,0,0.0
P0352,2,0,0,0,0.6228,0,0.0
P0352,3,0,0,0,0.8759,1,431.02
P0352,4,0,0,0,0.659,1,1031.22
P0352,5,0,0,0,0.7356,0,0.0
P0352,6,0,0,0,0.5416,0,0.0
P0352,7,0,0,0,0.6589,1,311.87
P0352,8,0,0,0,0.8177,0,0.0
P0352,9,0,0,0,0.7169,0,0.0
P0352,10,0,0,0,0.7993,0,0.0
P0353,1,0,0,0,0.7543,0,0.0
P0353,2,0,0,0,0.6033,0,0.0
P0353,3,0,0,0,0.7485,0,0.0
P0353,4,0,0,0,0.7353,1,564.42
P0353,5,0,0,0,0.5049,0,0.0
P0353,6,0,0,0,0.626,0,0.0
P0353,7,0,0,0,0.5087,1,1258.58
P0353,8,0,0,0,0.6827,0,0.0
P0353,9,0,0,0,0.5215,0,0.0
P0353,10,0,0,0,0.8363,0,0.0
P0354,1,0,0,0,0.7488,0,0.0
P0354,2,0,0,0,0.7641,0,0.0
P0354,3,0,0,0,0.691,0,0.0
P0354,4,0,0,0,0.5907,0,0.0
P0354,5,0,0,0,0.6207,0,0.0
P0354,6,0,0,0,0.8036,0,0.0
P0354,7,0,0,0,0.9132,0,0.0
P0354,8,0,0,0,0.5065,0,0.0
P0354,9,0,0,0,0.5741,0,0.0
P0354,10,0,0,0,0.5141,0,0.0
P0355,1,1,1,0,0.8102,0,0.0
P0355,2,1,1,0,0.8404,0,0.0
P0355,3,1,1,0,0.6914,1,770.46
P0355,4,1,1,0,0.8705,1,258.24
P0355,5,1,1,0,0.7314,1,798.15
P0355,6,1,1,0,0.6166,0,0.0
P0355,7,1,1,0,0.858,0,0.0
P0355,8,1,1,0,0.9354,0,0.0
P0355,9,1,1,0,0.8531,1,655.85
P0355,10,1,1,0,0.5869,0,0.0
P0356,1,0,0,0,0.7187,0,0.0
P0356,2,0,0,0,0.5823,0,0.0
P0356,3,0,0,0,0.7375,0,0.0
P0356,4,0,0,0,0.9866,2,1286.37
P0356,5,0,0,0,0.5935,0,0.0
P0356,6,0,0,0,0.8071,0,0.0
P0356,7,0,0,0,0.7594,0,0.0
P0356,8,0,0,0,0.5185,0,0.0
P0356,9,0,0,0,0.8043,1,695.0
P0356,10,0,0,0,0.5868,0,0.0
P0357,1,1,0,1,0.7367,1,1134.24
P0357,2,1,0,1,0.7787,0,0.0
P0357,3,1,0,1,0.599,0,0.0
P0357,4,1,0,1,0.5927,0,0.0
P0357,5,1,0,1,0.7227,0,0.0
P0357,6,1,0,1,0.5869,0,0.0
P0357,7,1,0,1,0.7767,1,441.05
P0357,8,1,0,1,0.5322,0,0.0
P0357,9,1,0,1,0.9883,0,0.0
P0357,10,1,0,1,0.57,0,0.0
P0358,1,1,1,0,0.8211,1,418.46
P0358,2,1,1,0,0.9855,0,0.0
P0358,3,1,1,0,0.8104,1,625.12
P0358,4,1,1,0,0.9409,0,0.0
P0358,5,1,1,0,0.9926,1,429.32
P0358,6,1,1,0,0.8092,0,0.0
P0358,7,1,1,0,0.9451,0,0.0
P0358,8,1,1,0,0.5966,0,0.0
P0358,9,1,1,0,0.8241,0,0.0
P0358,10,1,1,0,0.5348,0,0.0
P0359,1,0,1,0,0.6439,0,0.0
P0359,2,0,1,0,0.5202,0,0.0
P0359,3,0,1,0,0.6841,0,0.0
P0359,4,0,1,0,0.6608,0,0.0
P0359,5,0,1,0,0.625,0,0.0
P0359,6,0,1,0,0.7594,0,0.0
P0359,7,0,1,0,0.6276,1,1393.08
P0359,8,0,1,0,0.6905,0,0.0
P0359,9,0,1,0,0.8756,0,0.0
P0359,10,0,1,0,0.9827,1,734.7
P0360,1,1,1,0,0.9667,0,0.0
P0360,2,1,1,0,0.8552,0,0.0
P0360,3,1,1,0,0.813,0,0.0
P0360,4,1,1,0,0.9099,1,1412.49
P0360,5,1,1,0,0.735,0,0.0
P0360,6,1,1,0,0.8327,0,0.0
P0360,7,1,1,0,0.5445,2,1681.09
P0360,8,1,1,0,0.7352,1,797.68
P0360,9,1,1,0,0.8611,2,1313.36
P0360,10,1,1,0,0.7338,0,0.0
P0361,1,0,1,1,0.5524,0,0.0
P0361,2,0,1,1,0.6812,0,0.0
P0361,3,0,1,1,0.5165,0,0.0
P0361,4,0,1,1,0.5685,0,0.0
P0361,5,0,1,1,0.9245,0,0.0
P0361,6,0,1,1,0.7008,0,0.0
P0361,7,0,1,1,0.8958,1,850.3
P0361,8,0,1,1,0.6187,0,0.0
P0361,9,0,1,1,0.7845,0,0.0
P0361,10,0,1,1,0.9794,1,952.5
P0362,1,0,0,1,0.851,0,0.0
P0362,2,0,0,1,0.5595,0,0.0
P0362,3,0,0,1,0.8049,0,0.0
P0362,4,0,0,1,0.8861,0,0.0
P0362,5,0,0,1,0.6501,0,0.0
P0362,6,0,0,1,0.6279,0,0.0
P0362,7,0,0,1,0.5469,0,0.0
P0362,8,0,0,1,0.6536,0,0.0
P0362,9,0,0,1,0.9432,0,0.0
P0362,10,0,0,1,0.8826,0,0.0
P0363,1,1,1,0,0.908,0,0.0
P0363,2,1,1,0,0.9554,1,1087.98
P0363,3,1,1,0,0.7213,1,679.78
P0363,4,1,1,0,0.5076,0,0.0
P0363,5,1,1,0,0.9993,1,340.04
P0363,6,1,1,0,0.6976,0,0.0
P0363,7,1,1,0,0.6155,0,0.0
P0363,8,1,1,0,0.5666,0,0.0
P0363,9,1,1,0,0.6558,0,0.0
P0363,10,1,1,0,0.7605,0,0.0
P0364,1,0,1,1,0.7848,0,0.0
P0364,2,0,1,1,0.5718,0,0.0
P0364,3,0,1,1,0.6634,0,0.0
P0364,4,0,1,1,0.9444,0,0.0
P0364,5,0,1,1,0.8626,1,1862.28
P0364,6,0,1,1,0.7394,0,0.0
P0364,7,0,1,1,0.6553,1,786.76
P0364,8,0,1,1,0.6552,0,0.0
P0364,9,0,1,1,0.5241,0,0.0
P0364,10,0,1,1,0.5649,0,0.0
P0365,1,0,0,0,0.6626,0,0.0
P0365,2,0,0,0,0.7474,0,0.0
P0365,3,0,0,0,0.7222,0,0.0
P0365,4,0,0,0,0.7157,0,0.0
P0365,5,0,0,0,0.8641,0,0.0
P0365,6,0,0,0,0.8764,0,0.0
P0365,7,0,0,0,0.7775,0,0.0
P0365,8,0,0,0,0.5905,0,0.0
P0365,9,0,0,0,0.6657,0,0.0
P0365,10,0,0,0,0.9706,1,621.67
P0366,1,1,1,0,0.931,0,0.0
P0366,2,1,1,0,0.7039,0,0.0
P0366,3,1,1,0,0.5246,1,932.79
P0366,4,1,1,0,0.9466,2,913.82
P0366,5,1,1,0,0.7614,0,0.0
P0366,6,1,1,0,0.8842,0,0.0
P0366,7,1,1,0,0.7471,0,0.0
P0366,8,1,1,0,0.9597,0,0.0
P0366,9,1,1,0,0.8434,0,0.0
P0366,10,1,1,0,0.851,0,0.0
P0367,1,0,1,1,0.827,0,0.0
P0367,2,0,1,1,0.5632,0,0.0
P0367,3,0,1,1,0.976,0,0.0
P0367,4,0,1,1,0.5065,1,1772.8
P0367,5,0,1,1,0.6636,0,0.0
P0367,6,0,1,1,0.7814,0,0.0
P0367,7,0,1,1,0.5781,0,0.0
P0367,8,0,1,1,0.8714,1,771.45
P0367,9,0,1,1,0.7112,0,0.0
P0367,10,0,1,1,0.8666,1,1843.21
P0368,1,0,1,0,0.7732,2,938.65
P0368,2,0,1,0,0.5947,0,0.0
P0368,3,0,1,0,0.974,0,0.0
P0368,4,0,1,0,0.7096,0,0.0
P0368,5,0,1,0,0.9072,0,0.0
P0368,6,0,1,0,0.9094,0,0.0
P0368,7,0,1,0,0.8986,0,0.0
P0368,8,0,1,0,0.8106,1,1196.86
P0368,9,0,1,0,0.8742,0,0.0
P0368,10,0,1,0,0.8575,0,0.0
P0369,1,0,0,0,0.8646,0,0.0
P0369,2,0,0,0,0.7034,0,0.0
P0369,3,0,0,0,0.552,0,0.0
P0369,4,0,0,0,0.7572,0,0.0
P0369,5,0,0,0,0.8709,0,0.0
P0369,6,0,0,0,0.8491,0,0.0
P0369,7,0,0,0,0.5508,0,0.0
P0369,8,0,0,0,0.5159,0,0.0
P0369,9,0,0,0,0.7076,0,0.0
P0369,10,0,0,0,0.9904,0,0.0
P0370,1,0,1,1,0.7827,1,934.49
P0370,2,0,1,1,0.545,0,0.0
P0370,3,0,1,1,0.5456,0,0.0
P0370,4,0,1,1,0.7197,0,0.0
P0370,5,0,1,1,0.5406,0,0.0
P0370,6,0,1,1,0.7008,0,0.0
P0370,7,0,1,1,0.885,1,1226.32
P0370,8,0,1,1,0.7316,0,0.0
P0370,9,0,1,1,0.6345,0,0.0
P0370,10,0,1,1,0.8546,0,0.0
P0371,1,0,1,0,0.7846,0,0.0
P0371,2,0,1,0,0.839,0,0.0
P0371,3,0,1,0,0.6733,0,0.0
P0371,4,0,1,0,0.824,0,0.0
P0371,5,0,1,0,0.9213,0,0.0
P0371,6,0,1,0,0.9765,1,888.27
P0371,7,0,1,0,0.9356,1,476.79
P0371,8,0,1,0,0.6641,0,0.0
P0371,9,0,1,0,0.9236,0,0.0
P0371,10,0,1,0,0.5204,0,0.0
P0372,1,0,0,0,0.7224,0,0.0
P0372,2,0,0,0,0.7082,0,0.0
P0372,3,0,0,0,0.8409,0,0.0
P0372,4,0,0,0,0.7408,0,0.0
P0372,5,0,0,0,0.8949,0,0.0
P0372,6,0,0,0,0.6673,0,0.0
P0372,7,0,0,0,0.7548,1,652.26
P0372,8,0,0,0,0.553,0,0.0
P0372,9,0,0,0,0.5251,0,0.0
P0372,10,0,0,0,0.6092,0,0.0
P0373,1,0,1,0,0.8694,0,0.0
P0373,2,0,1,0,0.7143,0,0.0
P0373,3,0,1,0,0.7219,0,0.0
P0373,4,0,1,0,0.6845,0,0.0
P0373,5,0,1,0,0.6608,0,0.0
P0373,6,0,1,0,0.8919,0,0.0
P0373,7,0,1,0,0.6144,0,0.0
P0373,8,0,1,0,0.5741,0,0.0
P0373,9,0,1,0,0.7197,0,0.0
P0373,10,0,1,0,0.7786,0,0.0
P0374,1,0,1,1,0.8961,2,1450.8
P0374,2,0,1,1,0.6257,0,0.0
P0374,3,0,1,1,0.6709,0,0.0
P0374,4,0,1,1,0.512,0,0.0
P0374,5,0,1,1,0.8419,0,0.0
P0374,6,0,1,1,0.5593,0,0.0
P0374,7,0,1,1,0.6962,0,0.0
P0374,8,0,1,1,0.9307,0,0.0
P0374,9,0,1,1,0.7769,0,0.0
P0374,10,0,1,1,0.6239,0,0.0
P0375,1,1,1,0,0.5703,0,0.0
P0375,2,1,1,0,0.7425,1,2138.8
P0375,3,1,1,0,0.5414,0,0.0
P0375,4,1,1,0,0.5731,2,1273.74
P0375,5,1,1,0,0.5021,0,0.0
P0375,6,1,1,0,0.8885,2,1431.63
P0375,7,1,1,0,0.7887,0,0.0
P0375,8,1,1,0,0.5745,0,0.0
P0375,9,1,1,0,0.863,0,0.0
P0375,10,1,1,0,0.8392,0,0.0
P0376,1,0,0,0,0.6032,0,0.0
P0376,2,0,0,0,0.6476,0,0.0
P0376,3,0,0,0,0.6142,0,0.0
P0376,4,0,0,0,0.779,0,0.0
P0376,5,0,0,0,0.834,0,0.0
P0376,6,0,0,0,0.9178,0,0.0
P0376,7,0,0,0,0.5123,0,0.0
P0376,8,0,0,0,0.5051,0,0.0
P0376,9,0,0,0,0.8517,0,0.0
P0376,10,0,0,0,0.7227,0,0.0
P0377,1,0,0,0,0.6451,0,0.0
P0377,2,0,0,0,0.7392,0,0.0
P0377,3,0,0,0,0.6861,0,0.0
P0377,4,0,0,0,0.5225,0,0.0
P0377,5,0,0,0,0.7981,0,0.0
P0377,6,0,0,0,0.6417,1,575.28
P0377,7,0,0,0,0.9625,0,0.0
P0377,8,0,0,0,0.6178,0,0.0
P0377,9,0,0,0,0.8075,0,0.0
P0377,10,0,0,0,0.774,0,0.0
P0378,1,0,0,1,0.9664,0,0.0
P0378,2,0,0,1,0.6723,0,0.0
P0378,3,0,0,1,0.6181,0,0.0
P0378,4,0,0,1,0.7771,0,0.0
P0378,5,0,0,1,0.6538,0,0.0
P0378,6,0,0,1,0.8618,0,0.0
P0378,7,0,0,1,0.7339,0,0.0
P0378,8,0,0,1,0.9702,0,0.0
P0378,9,0,0,1,0.769,0,0.0
P0378,10,0,0,1,0.922,0,0.0
P0379,1,0,0,0,0.5946,1,799.95
P0379,2,0,0,0,0.8856,0,0.0
P0379,3,0,0,0,0.7338,0,0.0
P0379,4,0,0,0,0.8236,0,0.0
P0379,5,0,0,0,0.9901,0,0.0
P0379,6,0,0,0,0.5121,0,0.0
P0379,7,0,0,0,0.7827,0,0.0
P0379,8,0,0,0,0.9953,0,0.0
P0379,9,0,0,0,0.6767,1,822.38
P0379,10,0,0,0,0.7599,0,0.0
P0380,1,0,1,0,0.8492,0,0.0
P0380,2,0,1,0,0.5989,0,0.0
P0380,3,0,1,0,0.6689,0,0.0
P0380,4,0,1,0,0.8331,0,0.0
P0380,5,0,1,0,0.8253,0,0.0
P0380,6,0,1,0,0.8444,0,0.0
P0380,7,0,1,0,0.6934,0,0.0
P0380,8,0,1,0,0.6028,0,0.0
P0380,9,0,1,0,0.9321,0,0.0
P0380,10,0,1,0,0.6888,0,0.0
P0381,1,0,0,0,0.874,0,0.0
P0381,2,0,0,0,0.8376,0,0.0
P0381,3,0,0,0,0.6305,0,0.0
P0381,4,0,0,0,0.8377,0,0.0
P0381,5,0,0,0,0.5534,0,0.0
P0381,6,0,0,0,0.5841,0,0.0
P0381,7,0,0,0,0.6385,0,0.0
P0381,8,0,0,0,0.6335,0,0.0
P0381,9,0,0,0,0.7418,0,0.0
P0381,10,0,0,0,0.5452,1,949.87
P0382,1,0,0,1,0.8002,0,0.0
P0382,2,0,0,1,0.5583,0,0.0
P0382,3,0,0,1,0.8991,0,0.0
P0382,4,0,0,1,0.9039,0,0.0
P0382,5,0,0,1,0.5053,0,0.0
P0382,6,0,0,1,0.9468,0,0.0
P0382,7,0,0,1,0.7769,1,653.38
P0382,8,0,0,1,0.9733,2,1594.57
P0382,9,0,0,1,0.7131,0,0.0
P0382,10,0,0,1,0.9795,0,0.0
P0383,1,0,0,1,0.5833,0,0.0
P0383,2,0,0,1,0.6015,0,0.0
P0383,3,0,0,1,0.9414,0,0.0
P0383,4,0,0,1,0.7296,0,0.0
P0383,5,0,0,1,0.7659,0,0.0
P0383,6,0,0,1,0.821,0,0.0
P0383,7,0,0,1,0.9461,0,0.0
P0383,8,0,0,1,0.7255,0,0.0
P0383,9,0,0,1,0.6261,0,0.0
P0383,10,0,0,1,0.9714,0,0.0
P0384,1,0,1,0,0.6129,0,0.0
P0384,2,0,1,0,0.7037,0,0.0
P0384,3,0,1,0,0.632,1,959.15
P0384,4,0,1,0,0.899,0,0.0
P0384,5,0,1,0,0.9052,0,0.0
P0384,6,0,1,0,0.7083,0,0.0
P0384,7,0,1,0,0.5404,0,0.0
P0384,8,0,1,0,0.709,1,910.19
P0384,9,0,1,0,0.5438,0,0.0
P0384,10,0,1,0,0.5622,0,0.0
P0385,1,0,1,1,0.9793,0,0.0
P0385,2,0,1,1,0.7021,1,1078.89
P0385,3,0,1,1,0.5409,1,880.16
P0385,4,0,1,1,0.5676,0,0.0
P0385,5,0,1,1,0.597,0,0.0
P0385,6,0,1,1,0.6955,0,0.0
P0385,7,0,1,1,0.8138,0,0.0
P0385,8,0,1,1,0.5132,1,969.82
P0385,9,0,1,1,0.7272,0,0.0
P0385,10,0,1,1,0.9837,2,1900.41
P0386,1,1,1,0,0.7427,0,0.0
P0386,2,1,1,0,0.5751,0,0.0
P0386,3,1,1,0,0.6935,0,0.0
P0386,4,1,1,0,0.6038,1,974.16
P0386,5,1,1,0,0.8647,0,0.0
P0386,6,1,1,0,0.8549,2,2196.63
P0386,7,1,1,0,0.5613,0,0.0
P0386,8,1,1,0,0.6437,0,0.0
P0386,9,1,1,0,0.7478,0,0.0
P0386,10,1,1,0,0.6291,0,0.0
P0387,1,0,1,1,0.7962,0,0.0
P0387,2,0,1,1,0.8157,0,0.0
P0387,3,0,1,1,0.6437,0,0.0
P0387,4,0,1,1,0.6444,1,2158.0
P0387,5,0,1,1,0.5965,0,0.0
P0387,6,0,1,1,0.6063,0,0.0
P0387,7,0,1,1,0.8594,0,0.0
P0387,8,0,1,1,0.6908,0,0.0
P0387,9,0,1,1,0.5709,0,0.0
P0387,10,0,1,1,0.501,0,0.0
P0388,1,0,0,0,0.5035,0,0.0
P0388,2,0,0,0,0.8317,0,0.0
P0388,3,0,0,0,0.9622,0,0.0
P0388,4,0,0,0,0.6795,0,0.0
P0388,5,0,0,0,0.7434,0,0.0
P0388,6,0,0,0,0.6395,0,0.0
P0388,7,0,0,0,0.8281,0,0.0
P0388,8,0,0,0,0.6945,0,0.0
P0388,9,0,0,0,0.5497,0,0.0
P0388,10,0,0,0,0.6053,0,0.0
P0389,1,0,1,0,0.8862,0,0.0
P0389,2,0,1,0,0.9703,0,0.0
P0389,3,0,1,0,0.803,0,0.0
P0389,4,0,1,0,0.6577,1,475.41
P0389,5,0,1,0,0.7188,0,0.0
P0389,6,0,1,0,0.8415,1,270.66
P0389,7,0,1,0,0.8257,0,0.0
P0389,8,0,1,0,0.8519,0,0.0
P0389,9,0,1,0,0.5775,0,0.0
P0389,10,0,1,0,0.7821,1,525.7
P0390,1,1,1,1,0.6864,1,765.37
P0390,2,1,1,1,0.6923,0,0.0
P0390,3,1,1,1,0.8623,0,0.0
P0390,4,1,1,1,0.8097,1,601.73
P0390,5,1,1,1,0.8526,0,0.0
P0390,6,1,1,1,0.6533,0,0.0
P0390,7,1,1,1,0.9742,0,0.0
P0390,8,1,1,1,0.5299,0,0.0
P0390,9,1,1,1,0.6166,0,0.0
P0390,10,1,1,1,0.7073,0,0.0
P0391,1,1,1,0,0.7676,0,0.0
P0391,2,1,1,0,0.5526,0,0.0
P0391,3,1,1,0,0.9276,0,0.0
P0391,4,1,1,0,0.5483,1,817.63
P0391,5,1,1,0,0.6087,0,0.0
P0391,6,1,1,0,0.6325,0,0.0
P0391,7,1,1,0,0.6714,0,0.0
P0391,8,1,1,0,0.6488,0,0.0
P0391,9,1,1,0,0.5447,0,0.0
P0391,10,1,1,0,0.6409,0,0.0
P0392,1,0,1,0,0.8076,0,0.0
P0392,2,0,1,0,0.8966,0,0.0
P0392,3,0,1,0,0.6156,0,0.0
P0392,4,0,1,0,0.8545,0,0.0
P0392,5,0,1,0,0.8002,0,0.0
P0392,6,0,1,0,0.9017,0,0.0
P0392,7,0,1,0,0.8574,0,0.0
P0392,8,0,1,0,0.9449,1,1670.15
P0392,9,0,1,0,0.5741,0,0.0
P0392,10,0,1,0,0.9119,0,0.0
P0393,1,1,0,0,0.895,0,0.0
P0393,2,1,0,0,0.6072,0,0.0
P0393,3,1,0,0,0.5454,0,0.0
P0393,4,1,0,0,0.5967,0,0.0
P0393,5,1,0,0,0.797,0,0.0
P0393,6,1,0,0,0.9389,0,0.0
P0393,7,1,0,0,0.7542,0,0.0
P0393,8,1,0,0,0.9851,0,0.0
P0393,9,1,0,0,0.8896,0,0.0
P0393,10,1,0,0,0.6237,0,0.0
P0394,1,0,0,0,0.5216,0,0.0
P0394,2,0,0,0,0.8191,0,0.0
P0394,3,0,0,0,0.8987,0,0.0
P0394,4,0,0,0,0.9356,0,0.0
P0394,5,0,0,0,0.993,0,0.0
P0394,6,0,0,0,0.9945,0,0.0
P0394,7,0,0,0,0.5468,0,0.0
P0394,8,0,0,0,0.8731,0,0.0
P0394,9,0,0,0,0.7205,0,0.0
P0394,10,0,0,0,0.6607,0,0.0
P0395,1,1,0,0,0.6078,0,0.0
P0395,2,1,0,0,0.5299,0,0.0
P0395,3,1,0,0,0.8671,0,0.0
P0395,4,1,0,0,0.8391,0,0.0
P0395,5,1,0,0,0.7845,0,0.0
P0395,6,1,0,0,0.8486,0,0.0
P0395,7,1,0,0,0.9719,2,1861.45
P0395,8,1,0,0,0.9624,0,0.0
P0395,9,1,0,0,0.7925,0,0.0
P0395,10,1,0,0,0.5934,0,0.0
P0396,1,0,0,0,0.7102,0,0.0
P0396,2,0,0,0,0.7692,0,0.0
P0396,3,0,0,0,0.614,0,0.0
P0396,4,0,0,0,0.8928,0,0.0
P0396,5,0,0,0,0.8347,0,0.0
P0396,6,0,0,0,0.7377,0,0.0
P0396,7,0,0,0,0.614,0,0.0
P0396,8,0,0,0,0.5297,0,0.0
P0396,9,0,0,0,0.8699,0,0.0
P0396,10,0,0,0,0.5726,1,782.25
P0397,1,0,0,0,0.9666,0,0.0
P0397,2,0,0,0,0.6029,1,1100.68
P0397,3,0,0,0,0.6826,0,0.0
P0397,4,0,0,0,0.8565,0,0.0
P0397,5,0,0,0,0.6632,0,0.0
P0397,6,0,0,0,0.7818,0,0.0
P0397,7,0,0,0,0.7077,0,0.0
P0397,8,0,0,0,0.8403,0,0.0
P0397,9,0,0,0,0.8005,0,0.0
P0397,10,0,0,0,0.5846,0,0.0
P0398,1,0,0,1,0.7906,0,0.0
P0398,2,0,0,1,0.7213,0,0.0
P0398,3,0,0,1,0.9639,1,1285.79
P0398,4,0,0,1,0.6011,0,0.0
P0398,5,0,0,1,0.6964,0,0.0
P0398,6,0,0,1,0.8037,0,0.0
P0398,7,0,0,1,0.8981,0,0.0
P0398,8,0,0,1,0.5891,0,0.0
P0398,9,0,0,1,0.9636,0,0.0
P0398,10,0,0,1,0.6688,0,0.0
P0399,1,1,0,1,0.9992,0,0.0
P0399,2,1,0,1,0.5921,1,668.81
P0399,3,1,0,1,0.5306,1,211.37
P0399,4,1,0,1,0.8565,0,0.0
P0399,5,1,0,1,0.9548,0,0.0
P0399,6,1,0,1,0.6999,0,0.0
P0399,7,1,0,1,0.8165,0,0.0
P0399,8,1,0,1,0.9263,0,0.0
P0399,9,1,0,1,0.5157,0,0.0
P0399,10,1,0,1,0.8673,0,0.0
P0400,1,0,1,1,0.5641,0,0.0
P0400,2,0,1,1,0.5038,0,0.0
P0400,3,0,1,1,0.8659,0,0.0
P0400,4,0,1,1,0.7149,0,0.0
P0400,5,0,1,1,0.836,0,0.0
P0400,6,0,1,1,0.8939,0,0.0
P0400,7,0,1,1,0.9105,1,1015.3
P0400,8,0,1,1,0.5998,0,0.0
P0400,9,0,1,1,0.9001,1,1180.28
P0400,10,0,1,1,0.6924,0,0.0
P0401,1,0,1,1,0.5429,0,0.0
P0401,2,0,1,1,0.9675,0,0.0
P0401,3,0,1,1,0.9071,0,0.0
P0401,4,0,1,1,0.7496,0,0.0
P0401,5,0,1,1,0.6423,0,0.0
P0401,6,0,1,1,0.7631,0,0.0
P0401,7,0,1,1,0.6418,0,0.0
P0401,8,0,1,1,0.7541,1,1523.58
P0401,9,0,1,1,0.5172,0,0.0
P0401,10,0,1,1,0.9662,0,0.0
P0402,1,0,0,0,0.6447,0,0.0
P0402,2,0,0,0,0.6342,1,412.84
P0402,3,0,0,0,0.7685,0,0.0
P0402,4,0,0,0,0.8052,0,0.0
P0402,5,0,0,0,0.6364,0,0.0
P0402,6,0,0,0,0.9776,0,0.0
P0402,7,0,0,0,0.6168,2,2612.23
P0402,8,0,0,0,0.8062,0,0.0
P0402,9,0,0,0,0.8415,0,0.0
P0402,10,0,0,0,0.8928,0,0.0
P0403,1,1,1,1,0.5316,1,831.2
P0403,2,1,1,1,0.66,0,0.0
P0403,3,1,1,1,0.9276,0,0.0
P0403,4,1,1,1,0.7698,1,704.2
P0403,5,1,1,1,0.5949,1,906.37
P0403,6,1,1,1,0.5937,0,0.0
P0403,7,1,1,1,0.7285,0,0.0
P0403,8,1,1,1,0.8425,0,0.0
P0403,9,1,1,1,0.8693,1,878.34
P0403,10,1,1,1,0.6604,2,989.87
P0404,1,0,0,0,0.5089,0,0.0
P0404,2,0,0,0,0.9854,0,0.0
P0404,3,0,0,0,0.625,0,0.0
P0404,4,0,0,0,0.9242,1,1383.53
P0404,5,0,0,0,0.9015,0,0.0
P0404,6,0,0,0,0.6869,0,0.0
P0404,7,0,0,0,0.5889,0,0.0
P0404,8,0,0,0,0.8514,0,0.0
P0404,9,0,0,0,0.9407,0,0.0
P0404,10,0,0,0,0.6156,0,0.0
P0405,1,1,0,1,0.6545,0,0.0
P0405,2,1,0,1,0.6254,0,0.0
P0405,3,1,0,1,0.8167,0,0.0
P0405,4,1,0,1,0.6426,0,0.0
P0405,5,1,0,1,0.9554,0,0.0
P0405,6,1,0,1,0.8264,0,0.0
P0405,7,1,0,1,0.7964,0,0.0
P0405,8,1,0,1,0.6875,0,0.0
P0405,9,1,0,1,0.7035,0,0.0
P0405,10,1,0,1,0.954,0,0.0
P0406,1,1,1,1,0.5296,1,1313.03
P0406,2,1,1,1,0.6286,0,0.0
P0406,3,1,1,1,0.9581,0,0.0
P0406,4,1,1,1,0.5745,0,0.0
P0406,5,1,1,1,0.8409,1,1029.86
P0406,6,1,1,1,0.9899,0,0.0
P0406,7,1,1,1,0.7529,0,0.0
P0406,8,1,1,1,0.803,0,0.0
P0406,9,1,1,1,0.9251,1,685.07
P0406,10,1,1,1,0.9111,0,0.0
P0407,1,0,1,1,0.7648,0,0.0
P0407,2,0,1,1,0.6675,0,0.0
P0407,3,0,1,1,0.6587,0,0.0
P0407,4,0,1,1,0.9889,0,0.0
P0407,5,0,1,1,0.6178,0,0.0
P0407,6,0,1,1,0.85,1,593.24
P0407,7,0,1,1,0.6223,1,840.97
P0407,8,0,1,1,0.7422,0,0.0
P0407,9,0,1,1,0.5856,0,0.0
P0407,10,0,1,1,0.6128,1,901.82
P0408,1,0,0,1,0.6971,0,0.0
P0408,2,0,0,1,0.6911,0,0.0
P0408,3,0,0,1,0.7924,0,0.0
P0408,4,0,0,1,0.9861,0,0.0
P0408,5,0,0,1,0.9831,1,591.47
P0408,6,0,0,1,0.5459,0,0.0
P0408,7,0,0,1,0.9467,1,702.5
P0408,8,0,0,1,0.7201,0,0.0
P0408,9,0,0,1,0.8779,0,0.0
P0408,10,0,0,1,0.885,0,0.0
P0409,1,1,0,0,0.9544,0,0.0
P0409,2,1,0,0,0.8184,0,0.0
P0409,3,1,0,0,0.6004,0,0.0
P0409,4,1,0,0,0.5691,0,0.0
P0409,5,1,0,0,0.7604,0,0.0
P0409,6,1,0,0,0.7377,0,0.0
P0409,7,1,0,0,0.9765,0,0.0
P0409,8,1,0,0,0.9863,1,537.38
P0409,9,1,0,0,0.8214,0,0.0
P0409,10,1,0,0,0.9944,0,0.0
P0410,1,1,1,0,0.8201,2,1894.58
P0410,2,1,1,0,0.6654,0,0.0
P0410,3,1,1,0,0.7709,1,670.53
P0410,4,1,1,0,0.7079,0,0.0
P0410,5,1,1,0,0.7118,0,0.0
P0410,6,1,1,0,0.8948,0,0.0
P0410,7,1,1,0,0.7927,0,0.0
P0410,8,1,1,0,0.8507,1,874.6
P0410,9,1,1,0,0.792,0,0.0
P0410,10,1,1,0,0.6413,0,0.0
P0411,1,1,0,1,0.7184,0,0.0
P0411,2,1,0,1,0.7129,0,0.0
P0411,3,1,0,1,0.6031,0,0.0
P0411,4,1,0,1,0.6317,0,0.0
P0411,5,1,0,1,0.8309,0,0.0
P0411,6,1,0,1,0.5419,0,0.0
P0411,7,1,0,1,0.5447,2,1191.85
P0411,8,1,0,1,0.7177,0,0.0
P0411,9,1,0,1,0.8524,0,0.0
P0411,10,1,0,1,0.9016,1,1322.83
P0412,1,0,0,0,0.894,0,0.0
P0412,2,0,0,0,0.7338,0,0.0
P0412,3,0,0,0,0.847,1,990.27
P0412,4,0,0,0,0.666,0,0.0
P0412,5,0,0,0,0.6257,0,0.0
P0412,6,0,0,0,0.6174,0,0.0
P0412,7,0,0,0,0.9036,0,0.0
P0412,8,0,0,0,0.5624,1,667.28
P0412,9,0,0,0,0.5703,0,0.0
P0412,10,0,0,0,0.5756,0,0.0
P0413,1,0,0,1,0.8734,0,0.0
P0413,2,0,0,1,0.977,0,0.0
P0413,3,0,0,1,0.5802,0,0.0
P0413,4,0,0,1,0.7847,0,0.0
P0413,5,0,0,1,0.6025,0,0.0
P0413,6,0,0,1,0.9005,0,0.0
P0413,7,0,0,1,0.7623,1,594.01
P0413,8,0,0,1,0.9937,1,1290.49
P0413,9,0,0,1,0.6804,0,0.0
P0413,10,0,0,1,0.5031,0,0.0
P0414,1,0,0,1,0.665,0,0.0
P0414,2,0,0,1,0.5256,0,0.0
P0414,3,0,0,1,0.9324,0,0.0
P0414,4,0,0,1,0.7517,1,843.06
P0414,5,0,0,1,0.9098,0,0.0
P0414,6,0,0,1,0.8081,0,0.0
P0414,7,0,0,1,0.9061,0,0.0
P0414,8,0,0,1,0.6045,0,0.0
P0414,9,0,0,1,0.7909,0,0.0
P0414,10,0,0,1,0.5413,0,0.0
P0415,1,0,1,0,0.7682,0,0.0
P0415,2,0,1,0,0.9837,0,0.0
P0415,3,0,1,0,0.7386,0,0.0
P0415,4,0,1,0,0.736,0,0.0
P0415,5,0,1,0,0.8983,0,0.0
P0415,6,0,1,0,0.8729,1,620.93
P0415,7,0,1,0,0.607,0,0.0
P0415,8,0,1,0,0.9756,0,0.0
P0415,9,0,1,0,0.6226,0,0.0
P0415,10,0,1,0,0.5643,0,0.0
P0416,1,0,0,0,0.654,0,0.0
P0416,2,0,0,0,0.7127,0,0.0
P0416,3,0,0,0,0.5264,1,706.64
P0416,4,0,0,0,0.5069,0,0.0
P0416,5,0,0,0,0.9898,0,0.0
P0416,6,0,0,0,0.6661,0,0.0
P0416,7,0,0,0,0.8123,0,0.0
P0416,8,0,0,0,0.553,0,0.0
P0416,9,0,0,0,0.8196,0,0.0
P0416,10,0,0,0,0.9717,0,0.0
P0417,1,0,1,0,0.9615,0,0.0
P0417,2,0,1,0,0.714,0,0.0
P0417,3,0,1,0,0.7561,0,0.0
P0417,4,0,1,0,0.7021,0,0.0
P0417,5,0,1,0,0.946,0,0.0
P0417,6,0,1,0,0.9468,0,0.0
P0417,7,0,1,0,0.5119,0,0.0
P0417,8,0,1,0,0.9336,0,0.0
P0417,9,0,1,0,0.704,0,0.0
P0417,10,0,1,0,0.6158,0,0.0
P0418,1,0,1,1,0.7608,0,0.0
P0418,2,0,1,1,0.9796,0,0.0
P0418,3,0,1,1,0.8735,0,0.0
P0418,4,0,1,1,0.8031,1,432.8
P0418,5,0,1,1,0.661,0,0.0
P0418,6,0,1,1,0.7698,0,0.0
P0418,7,0,1,1,0.8333,0,0.0
P0418,8,0,1,1,0.9043,0,0.0
P0418,9,0,1,1,0.5569,0,0.0
P0418,10,0,1,1,0.7444,1,688.92
P0419,1,0,0,0,0.8307,0,0.0
P0419,2,0,0,0,0.581,0,0.0
P0419,3,0,0,0,0.5992,0,0.0
P0419,4,0,0,0,0.555,0,0.0
P0419,5,0,0,0,0.7755,0,0.0
P0419,6,0,0,0,0.5584,0,0.0
P0419,7,0,0,0,0.8795,0,0.0
P0419,8,0,0,0,0.9244,0,0.0
P0419,9,0,0,0,0.5121,0,0.0
P0419,10,0,0,0,0.8511,1,675.34
P0420,1,0,1,1,0.8829,1,950.46
P0420,2,0,1,1,0.6358,0,0.0
P0420,3,0,1,1,0.743,0,0.0
P0420,4,0,1,1,0.9982,0,0.0
P0420,5,0,1,1,0.8258,0,0.0
P0420,6,0,1,1,0.6424,0,0.0
P0420,7,0,1,1,0.5881,1,1356.51
P0420,8,0,1,1,0.8041,0,0.0
P0420,9,0,1,1,0.7029,0,0.0
P0420,10,0,1,1,0.7801,0,0.0
P0421,1,0,0,1,0.5073,0,0.0
P0421,2,0,0,1,0.6314,0,0.0
P0421,3,0,0,1,0.8055,0,0.0
P0421,4,0,0,1,0.7208,0,0.0
P0421,5,0,0,1,0.8622,1,434.5
P0421,6,0,0,1,0.6605,1,939.28
P0421,7,0,0,1,0.7882,0,0.0
P0421,8,0,0,1,0.5772,0,0.0
P0421,9,0,0,1,0.9226,0,0.0
P0421,10,0,0,1,0.7291,0,0.0
P0422,1,1,0,0,0.59,0,0.0
P0422,2,1,0,0,0.76,0,0.0
P0422,3,1,0,0,0.6924,0,0.0
P0422,4,1,0,0,0.8694,0,0.0
P0422,5,1,0,0,0.9556,0,0.0
P0422,6,1,0,0,0.9283,0,0.0
P0422,7,1,0,0,0.5902,0,0.0
P0422,8,1,0,0,0.6147,0,0.0
P0422,9,1,0,0,0.6127,0,0.0
P0422,10,1,0,0,0.8326,0,0.0
P0423,1,0,1,0,0.8524,0,0.0
P0423,2,0,1,0,0.5324,0,0.0
P0423,3,0,1,0,0.8969,0,0.0
P0423,4,0,1,0,0.5063,0,0.0
P0423,5,0,1,0,0.7782,0,0.0
P0423,6,0,1,0,0.7779,0,0.0
P0423,7,0,1,0,0.9139,0,0.0
P0423,8,0,1,0,0.7329,0,0.0
P0423,9,0,1,0,0.6192,0,0.0
P0423,10,0,1,0,0.555,0,0.0
P0424,1,0,0,1,0.8031,1,713.51
P0424,2,0,0,1,0.5472,1,937.17
P0424,3,0,0,1,0.6583,0,0.0
P0424,4,0,0,1,0.7367,0,0.0
P0424,5,0,0,1,0.6882,0,0.0
P0424,6,0,0,1,0.8319,0,0.0
P0424,7,0,0,1,0.7165,0,0.0
P0424,8,0,0,1,0.7561,0,0.0
P0424,9,0,0,1,0.993,0,0.0
P0424,10,0,0,1,0.5673,0,0.0
P0425,1,0,0,0,0.5151,1,433.15
P0425,2,0,0,0,0.5339,0,0.0
P0425,3,0,0,0,0.9344,0,0.0
P0425,4,0,0,0,0.6676,0,0.0
P0425,5,0,0,0,0.8101,0,0.0
P0425,6,0,0,0,0.9663,0,0.0
P0425,7,0,0,0,0.6279,0,0.0
P0425,8,0,0,0,0.6266,0,0.0
P0425,9,0,0,0,0.7021,0,0.0
P0425,10,0,0,0,0.6839,0,0.0
P0426,1,0,0,0,0.7956,0,0.0
P0426,2,0,0,0,0.9137,0,0.0
P0426,3,0,0,0,0.8723,0,0.0
P0426,4,0,0,0,0.756,0,0.0
P0426,5,0,0,0,0.8571,0,0.0
P0426,6,0,0,0,0.6878,0,0.0
P0426,7,0,0,0,0.5844,0,0.0
P0426,8,0,0,0,0.7543,1,336.68
P0426,9,0,0,0,0.9899,0,0.0
P0426,10,0,0,0,0.6435,0,0.0
P0427,1,0,1,1,0.5957,1,1065.58
P0427,2,0,1,1,0.6637,0,0.0
P0427,3,0,1,1,0.6985,0,0.0
P0427,4,0,1,1,0.9696,0,0.0
P0427,5,0,1,1,0.6346,1,325.22
P0427,6,0,1,1,0.8445,0,0.0
P0427,7,0,1,1,0.7394,0,0.0
P0427,8,0,1,1,0.7725,1,1069.18
P0427,9,0,1,1,0.8271,1,923.69
P0427,10,0,1,1,0.6302,0,0.0
P0428,1,0,0,0,0.8592,0,0.0
P0428,2,0,0,0,0.9369,0,0.0
P0428,3,0,0,0,0.9387,0,0.0
P0428,4,0,0,0,0.8614,0,0.0
P0428,5,0,0,0,0.9279,0,0.0
P0428,6,0,0,0,0.6601,0,0.0
P0428,7,0,0,0,0.9629,0,0.0
P0428,8,0,0,0,0.8079,0,0.0
P0428,9,0,0,0,0.7617,0,0.0
P0428,10,0,0,0,0.9263,0,0.0
P0429,1,1,1,1,0.602,0,0.0
P0429,2,1,1,1,0.9801,0,0.0
P0429,3,1,1,1,0.9711,0,0.0
P0429,4,1,1,1,0.5107,1,581.48
P0429,5,1,1,1,0.6194,1,903.76
P0429,6,1,1,1,0.718,1,1433.99
P0429,7,1,1,1,0.5425,0,0.0
P0429,8,1,1,1,0.8403,0,0.0
P0429,9,1,1,1,0.647,1,879.34
P0429,10,1,1,1,0.9906,1,821.92
P0430,1,1,0,1,0.5549,0,0.0
P0430,2,1,0,1,0.6104,0,0.0
P0430,3,1,0,1,0.9682,0,0.0
P0430,4,1,0,1,0.6079,0,0.0
P0430,5,1,0,1,0.8486,0,0.0
P0430,6,1,0,1,0.8918,0,0.0
P0430,7,1,0,1,0.8283,0,0.0
P0430,8,1,0,1,0.7812,1,1466.75
P0430,9,1,0,1,0.57,0,0.0
P0430,10,1,0,1,0.7113,0,0.0
P0431,1,1,0,0,0.7446,0,0.0
P0431,2,1,0,0,0.9424,0,0.0
P0431,3,1,0,0,0.5282,0,0.0
P0431,4,1,0,0,0.6874,0,0.0
P0431,5,1,0,0,0.6117,0,0.0
P0431,6,1,0,0,0.6789,0,0.0
P0431,7,1,0,0,0.7662,0,0.0
P0431,8,1,0,0,0.9948,0,0.0
P0431,9,1,0,0,0.8605,0,0.0
P0431,10,1,0,0,0.5683,0,0.0
P0432,1,1,1,1,0.6343,0,0.0
P0432,2,1,1,1,0.8073,2,3426.93
P0432,3,1,1,1,0.9939,2,2279.81
P0432,4,1,1,1,0.6155,0,0.0
P0432,5,1,1,1,0.535,0,0.0
P0432,6,1,1,1,0.5702,0,0.0
P0432,7,1,1,1,0.7977,0,0.0
P0432,8,1,1,1,0.8859,0,0.0
P0432,9,1,1,1,0.6145,0,0.0
P0432,10,1,1,1,0.7909,0,0.0
P0433,1,1,1,0,0.991,0,0.0
P0433,2,1,1,0,0.6489,1,492.83
P0433,3,1,1,0,0.9036,0,0.0
P0433,4,1,1,0,0.9984,0,0.0
P0433,5,1,1,0,0.9002,0,0.0
P0433,6,1,1,0,0.8055,0,0.0
P0433,7,1,1,0,0.7084,0,0.0
P0433,8,1,1,0,0.5648,1,536.32
P0433,9,1,1,0,0.9077,1,637.83
P0433,10,1,1,0,0.5041,1,531.62
P0434,1,0,1,0,0.8712,0,0.0
P0434,2,0,1,0,0.5873,0,0.0
P0434,3,0,1,0,0.5677,0,0.0
P0434,4,0,1,0,0.5439,0,0.0
P0434,5,0,1,0,0.6757,0,0.0
P0434,6,0,1,0,0.5376,0,0.0
P0434,7,0,1,0,0.5529,1,852.44
P0434,8,0,1,0,0.8343,0,0.0
P0434,9,0,1,0,0.592,0,0.0
P0434,10,0,1,0,0.8386,0,0.0
P0435,1,0,1,0,0.6895,0,0.0
P0435,2,0,1,0,0.9487,0,0.0
P0435,3,0,1,0,0.939,0,0.0
P0435,4,0,1,0,0.5685,0,0.0
P0435,5,0,1,0,0.9819,1,598.29
P0435,6,0,1,0,0.8934,1,783.47
P0435,7,0,1,0,0.652,0,0.0
P0435,8,0,1,0,0.7325,0,0.0
P0435,9,0,1,0,0.6652,0,0.0
P0435,10,0,1,0,0.7848,0,0.0
P0436,1,0,0,1,0.794,0,0.0
P0436,2,0,0,1,0.8611,0,0.0
P0436,3,0,0,1,0.589,0,0.0
P0436,4,0,0,1,0.9937,0,0.0
P0436,5,0,0,1,0.9231,0,0.0
P0436,6,0,0,1,0.841,1,864.18
P0436,7,0,0,1,0.8859,0,0.0
P0436,8,0,0,1,0.5952,0,0.0
P0436,9,0,0,1,0.6576,0,0.0
P0436,10,0,0,1,0.5471,0,0.0
P0437,1,1,0,0,0.6143,1,666.8
P0437,2,1,0,0,0.544,0,0.0
P0437,3,1,0,0,0.6238,0,0.0
P0437,4,1,0,0,0.5379,0,0.0
P0437,5,1,0,0,0.814,0,0.0
P0437,6,1,0,0,0.8827,0,0.0
P0437,7,1,0,0,0.9085,0,0.0
P0437,8,1,0,0,0.6629,0,0.0
P0437,9,1,0,0,0.6238,0,0.0
P0437,10,1,0,0,0.8306,0,0.0
P0438,1,1,1,1,0.7411,0,0.0
P0438,2,1,1,1,0.9252,1,917.47
P0438,3,1,1,1,0.7068,1,1097.38
P0438,4,1,1,1,0.9271,0,0.0
P0438,5,1,1,1,0.6675,0,0.0
P0438,6,1,1,1,0.931,0,0.0
P0438,7,1,1,1,0.6097,1,771.2
P0438,8,1,1,1,0.7789,0,0.0
P0438,9,1,1,1,0.878,1,1639.5
P0438,10,1,1,1,0.7974,1,1187.62
P0439,1,1,0,0,0.8692,0,0.0
P0439,2,1,0,0,0.6334,1,1218.97
P0439,3,1,0,0,0.5758,0,0.0
P0439,4,1,0,0,0.6193,0,0.0
P0439,5,1,0,0,0.8527,0,0.0
P0439,6,1,0,0,0.9735,0,0.0
P0439,7,1,0,0,0.698,0,0.0
P0439,8,1,0,0,0.5618,0,0.0
P0439,9,1,0,0,0.788,0,0.0
P0439,10,1,0,0,0.7967,0,0.0
P0440,1,0,0,1,0.7095,0,0.0
P0440,2,0,0,1,0.7104,0,0.0
P0440,3,0,0,1,0.7178,0,0.0
P0440,4,0,0,1,0.9992,0,0.0
P0440,5,0,0,1,0.7038,0,0.0
P0440,6,0,0,1,0.697,0,0.0
P0440,7,0,0,1,0.9414,0,0.0
P0440,8,0,0,1,0.5332,0,0.0
P0440,9,0,0,1,0.9127,0,0.0
P0440,10,0,0,1,0.6443,0,0.0
P0441,1,0,0,0,0.8111,1,392.66
P0441,2,0,0,0,0.7143,0,0.0
P0441,3,0,0,0,0.6711,0,0.0
P0441,4,0,0,0,0.7986,0,0.0
P0441,5,0,0,0,0.519,0,0.0
P0441,6,0,0,0,0.6906,0,0.0
P0441,7,0,0,0,0.9476,0,0.0
P0441,8,0,0,0,0.5169,0,0.0
P0441,9,0,0,0,0.9628,0,0.0
P0441,10,0,0,0,0.5266,0,0.0
P0442,1,1,1,1,0.9736,1,947.12
P0442,2,1,1,1,0.7413,0,0.0
P0442,3,1,1,1,0.517,0,0.0
P0442,4,1,1,1,0.9063,0,0.0
P0442,5,1,1,1,0.5241,1,1001.7
P0442,6,1,1,1,0.9764,0,0.0
P0442,7,1,1,1,0.5866,0,0.0
P0442,8,1,1,1,0.5858,2,2102.42
P0442,9,1,1,1,0.8705,0,0.0
P0442,10,1,1,1,0.6075,0,0.0
P0443,1,0,0,0,0.7976,0,0.0
P0443,2,0,0,0,0.9592,0,0.0
P0443,3,0,0,0,0.5785,0,0.0
P0443,4,0,0,0,0.7045,0,0.0
P0443,5,0,0,0,0.5493,0,0.0
P0443,6,0,0,0,0.5008,0,0.0
P0443,7,0,0,0,0.6259,0,0.0
P0443,8,0,0,0,0.6614,0,0.0
P0443,9,0,0,0,0.6633,1,599.99
P0443,10,0,0,0,0.9354,0,0.0
P0444,1,0,0,0,0.9258,1,385.76
P0444,2,0,0,0,0.6237,0,0.0
P0444,3,0,0,0,0.6136,1,198.08
P0444,4,0,0,0,0.744,0,0.0
P0444,5,0,0,0,0.9774,1,489.66
P0444,6,0,0,0,0.6725,1,838.78
P0444,7,0,0,0,0.8833,0,0.0
P0444,8,0,0,0,0.71,0,0.0
P0444,9,0,0,0,0.6727,0,0.0
P0444,10,0,0,0,0.5641,0,0.0
P0445,1,0,0,1,0.8403,0,0.0
P0445,2,0,0,1,0.5074,0,0.0
P0445,3,0,0,1,0.5722,0,0.0
P0445,4,0,0,1,0.9601,0,0.0
P0445,5,0,0,1,0.8682,0,0.0
P0445,6,0,0,1,0.9065,0,0.0
P0445,7,0,0,1,0.844,0,0.0
P0445,8,0,0,1,0.5627,0,0.0
P0445,9,0,0,1,0.9356,0,0.0
P0445,10,0,0,1,0.953,0,0.0
P0446,1,0,1,0,0.8102,0,0.0
P0446,2,0,1,0,0.5051,0,0.0
P0446,3,0,1,0,0.6124,0,0.0
P0446,4,0,1,0,0.7063,0,0.0
P0446,5,0,1,0,0.677,0,0.0
P0446,6,0,1,0,0.5222,0,0.0
P0446,7,0,1,0,0.7679,0,0.0
P0446,8,0,1,0,0.9759,1,631.03
P0446,9,0,1,0,0.6004,0,0.0
P0446,10,0,1,0,0.9649,0,0.0
P0447,1,1,1,0,0.6256,0,0.0
P0447,2,1,1,0,0.5635,1,893.7
P0447,3,1,1,0,0.9647,1,1308.87
P0447,4,1,1,0,0.5931,0,0.0
P0447,5,1,1,0,0.9244,1,946.47
P0447,6,1,1,0,0.594,0,0.0
P0447,7,1,1,0,0.9805,0,0.0
P0447,8,1,1,0,0.5427,0,0.0
P0447,9,1,1,0,0.9688,1,1685.78
P0447,10,1,1,0,0.9017,0,0.0
P0448,1,0,1,1,0.6604,0,0.0
P0448,2,0,1,1,0.7392,0,0.0
P0448,3,0,1,1,0.7595,0,0.0
P0448,4,0,1,1,0.5661,0,0.0
P0448,5,0,1,1,0.9282,0,0.0
P0448,6,0,1,1,0.6739,0,0.0
P0448,7,0,1,1,0.9262,0,0.0
P0448,8,0,1,1,0.8724,0,0.0
P0448,9,0,1,1,0.8816,1,990.09
P0448,10,0,1,1,0.539,0,0.0
P0449,1,0,0,0,0.5267,0,0.0
P0449,2,0,0,0,0.8289,0,0.0
P0449,3,0,0,0,0.6242,0,0.0
P0449,4,0,0,0,0.7507,0,0.0
P0449,5,0,0,0,0.6535,0,0.0
P0449,6,0,0,0,0.6862,0,0.0
P0449,7,0,0,0,0.9292,1,492.84
P0449,8,0,0,0,0.5851,0,0.0
P0449,9,0,0,0,0.9867,0,0.0
P0449,10,0,0,0,0.8655,0,0.0
P0450,1,1,1,0,0.5974,1,542.46
P0450,2,1,1,0,0.7386,0,0.0
P0450,3,1,1,0,0.8816,0,0.0
P0450,4,1,1,0,0.7396,1,540.89
P0450,5,1,1,0,0.7283,0,0.0
P0450,6,1,1,0,0.6925,1,1393.07
P0450,7,1,1,0,0.5371,0,0.0
P0450,8,1,1,0,0.6906,0,0.0
P0450,9,1,1,0,0.6577,0,0.0
P0450,10,1,1,0,0.8224,0,0.0
P0451,1,0,1,0,0.9005,0,0.0
P0451,2,0,1,0,0.7374,0,0.0
P0451,3,0,1,0,0.5522,0,0.0
P0451,4,0,1,0,0.7018,0,0.0
P0451,5,0,1,0,0.6818,0,0.0
P0451,6,0,1,0,0.6805,0,0.0
P0451,7,0,1,0,0.6295,0,0.0
P0451,8,0,1,0,0.6201,1,533.47
P0451,9,0,1,0,0.8216,0,0.0
P0451,10,0,1,0,0.9235,0,0.0
P0452,1,0,1,1,0.5268,0,0.0
P0452,2,0,1,1,0.7153,1,665.53
P0452,3,0,1,1,0.7527,0,0.0
P0452,4,0,1,1,0.9345,0,0.0
P0452,5,0,1,1,0.6977,0,0.0
P0452,6,0,1,1,0.9182,0,0.0
P0452,7,0,1,1,0.8508,0,0.0
P0452,8,0,1,1,0.7507,0,0.0
P0452,9,0,1,1,0.5412,0,0.0
P0452,10,0,1,1,0.9545,0,0.0
P0453,1,0,0,0,0.5538,0,0.0
P0453,2,0,0,0,0.5581,1,626.32
P0453,3,0,0,0,0.9339,0,0.0
P0453,4,0,0,0,0.5125,0,0.0
P0453,5,0,0,0,0.7741,0,0.0
P0453,6,0,0,0,0.6704,0,0.0
P0453,7,0,0,0,0.9925,0,0.0
P0453,8,0,0,0,0.9248,0,0.0
P0453,9,0,0,0,0.6492,0,0.0
P0453,10,0,0,0,0.925,0,0.0
P0454,1,1,0,0,0.6291,1,663.17
P0454,2,1,0,0,0.6518,0,0.0
P0454,3,1,0,0,0.6827,0,0.0
P0454,4,1,0,0,0.8005,0,0.0
P0454,5,1,0,0,0.8186,0,0.0
P0454,6,1,0,0,0.6266,0,0.0
P0454,7,1,0,0,0.8625,1,451.58
P0454,8,1,0,0,0.5142,0,0.0
P0454,9,1,0,0,0.5857,0,0.0
P0454,10,1,0,0,0.7511,0,0.0
P0455,1,0,0,0,0.661,0,0.0
P0455,2,0,0,0,0.5004,0,0.0
P0455,3,0,0,0,0.5012,0,0.0
P0455,4,0,0,0,0.5824,0,0.0
P0455,5,0,0,0,0.7505,0,0.0
P0455,6,0,0,0,0.527,0,0.0
P0455,7,0,0,0,0.6427,0,0.0
P0455,8,0,0,0,0.9155,0,0.0
P0455,9,0,0,0,0.737,0,0.0
P0455,10,0,0,0,0.5246,0,0.0
P0456,1,0,0,0,0.9088,0,0.0
P0456,2,0,0,0,0.7255,0,0.0
P0456,3,0,0,0,0.6383,0,0.0
P0456,4,0,0,0,0.9818,0,0.0
P0456,5,0,0,0,0.6987,0,0.0
P0456,6,0,0,0,0.8375,0,0.0
P0456,7,0,0,0,0.7489,0,0.0
P0456,8,0,0,0,0.5271,1,488.97
P0456,9,0,0,0,0.7393,0,0.0
P0456,10,0,0,0,0.6203,0,0.0
P0457,1,1,0,0,0.8646,0,0.0
P0457,2,1,0,0,0.885,0,0.0
P0457,3,1,0,0,0.9182,0,0.0
P0457,4,1,0,0,0.8521,0,0.0
P0457,5,1,0,0,0.518,0,0.0
P0457,6,1,0,0,0.7019,0,0.0
P0457,7,1,0,0,0.5365,0,0.0
P0457,8,1,0,0,0.7202,0,0.0
P0457,9,1,0,0,0.6373,0,0.0
P0457,10,1,0,0,0.5602,0,0.0
P0458,1,0,0,1,0.8901,0,0.0
P0458,2,0,0,1,0.6139,0,0.0
P0458,3,0,0,1,0.5053,0,0.0
P0458,4,0,0,1,0.6328,0,0.0
P0458,5,0,0,1,0.8493,0,0.0
P0458,6,0,0,1,0.6153,0,0.0
P0458,7,0,0,1,0.7179,0,0.0
P0458,8,0,0,1,0.6775,0,0.0
P0458,9,0,0,1,0.9802,0,0.0
P0458,10,0,0,1,0.9859,0,0.0
P0459,1,1,1,1,0.9143,0,0.0
P0459,2,1,1,1,0.895,1,879.64
P0459,3,1,1,1,0.9091,0,0.0
P0459,4,1,1,1,0.555,0,0.0
P0459,5,1,1,1,0.916,0,0.0
P0459,6,1,1,1,0.7562,1,786.29
P0459,7,1,1,1,0.9217,0,0.0
P0459,8,1,1,1,0.7946,0,0.0
P0459,9,1,1,1,0.6244,1,1137.44
P0459,10,1,1,1,0.8249,0,0.0
P0460,1,0,1,1,0.6227,1,1386.21
P0460,2,0,1,1,0.6502,0,0.0
P0460,3,0,1,1,0.9112,1,1007.99
P0460,4,0,1,1,0.85,0,0.0
P0460,5,0,1,1,0.9593,1,826.74
P0460,6,0,1,1,0.5922,0,0.0
P0460,7,0,1,1,0.6957,0,0.0
P0460,8,0,1,1,0.6304,0,0.0
P0460,9,0,1,1,0.9751,0,0.0
P0460,10,0,1,1,0.7633,0,0.0
P0461,1,0,1,0,0.682,0,0.0
P0461,2,0,1,0,0.983,1,695.26
P0461,3,0,1,0,0.7746,0,0.0
P0461,4,0,1,0,0.9959,0,0.0
P0461,5,0,1,0,0.8534,0,0.0
P0461,6,0,1,0,0.9249,1,808.98
P0461,7,0,1,0,0.8433,0,0.0
P0461,8,0,1,0,0.7945,1,694.76
P0461,9,0,1,0,0.7877,0,0.0
P0461,10,0,1,0,0.6087,0,0.0
P0462,1,0,1,0,0.949,1,1028.41
P0462,2,0,1,0,0.5928,0,0.0
P0462,3,0,1,0,0.9174,0,0.0
P0462,4,0,1,0,0.8396,0,0.0
P0462,5,0,1,0,0.9799,0,0.0
P0462,6,0,1,0,0.9029,0,0.0
P0462,7,0,1,0,0.9635,0,0.0
P0462,8,0,1,0,0.8437,1,415.4
P0462,9,0,1,0,0.5322,0,0.0
P0462,10,0,1,0,0.9461,0,0.0
P0463,1,1,1,0,0.6248,0,0.0
P0463,2,1,1,0,0.9526,0,0.0
P0463,3,1,1,0,0.9073,0,0.0
P0463,4,1,1,0,0.8167,1,486.66
P0463,5,1,1,0,0.5372,0,0.0
P0463,6,1,1,0,0.7236,2,1286.87
P0463,7,1,1,0,0.6404,0,0.0
P0463,8,1,1,0,0.7156,0,0.0
P0463,9,1,1,0,0.9474,1,489.56
P0463,10,1,1,0,0.8385,3,5001.55
P0464,1,1,0,0,0.5973,0,0.0
P0464,2,1,0,0,0.7872,0,0.0
P0464,3,1,0,0,0.7942,0,0.0
P0464,4,1,0,0,0.5871,0,0.0
P0464,5,1,0,0,0.6319,0,0.0
P0464,6,1,0,0,0.9225,0,0.0
P0464,7,1,0,0,0.5471,0,0.0
P0464,8,1,0,0,0.8776,0,0.0
P0464,9,1,0,0,0.5982,0,0.0
P0464,10,1,0,0,0.7842,1,525.71
P0465,1,0,1,0,0.8497,1,448.88
P0465,2,0,1,0,0.8465,0,0.0
P0465,3,0,1,0,0.8996,1,760.14
P0465,4,0,1,0,0.9133,0,0.0
P0465,5,0,1,0,0.621,0,0.0
P0465,6,0,1,0,0.6365,0,0.0
P0465,7,0,1,0,0.8584,0,0.0
P0465,8,0,1,0,0.5639,0,0.0
P0465,9,0,1,0,0.7575,0,0.0
P0465,10,0,1,0,0.8859,0,0.0
P0466,1,0,1,0,0.9542,0,0.0
P0466,2,0,1,0,0.5636,1,1485.39
P0466,3,0,1,0,0.9374,0,0.0
P0466,4,0,1,0,0.9227,2,1583.96
P0466,5,0,1,0,0.9682,1,1250.19
P0466,6,0,1,0,0.631,0,0.0
P0466,7,0,1,0,0.7711,0,0.0
P0466,8,0,1,0,0.6025,0,0.0
P0466,9,0,1,0,0.9271,0,0.0
P0466,10,0,1,0,0.6464,0,0.0
P0467,1,0,1,1,0.5368,0,0.0
P0467,2,0,1,1,0.5536,0,0.0
P0467,3,0,1,1,0.5037,0,0.0
P0467,4,0,1,1,0.7418,0,0.0
P0467,5,0,1,1,0.97,1,913.18
P0467,6,0,1,1,0.5975,0,0.0
P0467,7,0,1,1,0.7049,0,0.0
P0467,8,0,1,1,0.7232,0,0.0
P0467,9,0,1,1,0.9144,0,0.0
P0467,10,0,1,1,0.6915,0,0.0
P0468,1,0,0,1,0.9846,0,0.0
P0468,2,0,0,1,0.949,0,0.0
P0468,3,0,0,1,0.5409,0,0.0
P0468,4,0,0,1,0.7618,1,1053.31
P0468,5,0,0,1,0.5713,0,0.0
P0468,6,0,0,1,0.888,0,0.0
P0468,7,0,0,1,0.6451,0,0.0
P0468,8,0,0,1,0.6465,0,0.0
P0468,9,0,0,1,0.9727,0,0.0
P0468,10,0,0,1,0.5948,0,0.0
P0469,1,1,1,0,0.5576,0,0.0
P0469,2,1,1,0,0.9669,0,0.0
P0469,3,1,1,0,0.5057,0,0.0
P0469,4,1,1,0,0.6017,0,0.0
P0469,5,1,1,0,0.9737,0,0.0
P0469,6,1,1,0,0.5264,0,0.0
P0469,7,1,1,0,0.5403,1,378.47
P0469,8,1,1,0,0.7013,2,1566.33
P0469,9,1,1,0,0.5791,0,0.0
P0469,10,1,1,0,0.8109,0,0.0
P0470,1,0,1,0,0.7521,0,0.0
P0470,2,0,1,0,0.5377,0,0.0
P0470,3,0,1,0,0.9365,0,0.0
P0470,4,0,1,0,0.7348,0,0.0
P0470,5,0,1,0,0.7096,0,0.0
P0470,6,0,1,0,0.8453,0,0.0
P0470,7,0,1,0,0.5089,1,960.88
P0470,8,0,1,0,0.9099,1,794.07
P0470,9,0,1,0,0.6101,0,0.0
P0470,10,0,1,0,0.7179,0,0.0
P0471,1,1,1,0,0.6777,0,0.0
P0471,2,1,1,0,0.6625,0,0.0
P0471,3,1,1,0,0.8512,1,850.15
P0471,4,1,1,0,0.8569,0,0.0
P0471,5,1,1,0,0.6858,0,0.0
P0471,6,1,1,0,0.9412,0,0.0
P0471,7,1,1,0,0.5988,0,0.0
P0471,8,1,1,0,0.6374,1,662.84
P0471,9,1,1,0,0.9673,0,0.0
P0471,10,1,1,0,0.9508,0,0.0
P0472,1,1,0,1,0.9085,0,0.0
P0472,2,1,0,1,0.5742,0,0.0
P0472,3,1,0,1,0.7967,0,0.0
P0472,4,1,0,1,0.846,1,1168.53
P0472,5,1,0,1,0.7453,1,854.27
P0472,6,1,0,1,0.5681,1,1631.14
P0472,7,1,0,1,0.6301,0,0.0
P0472,8,1,0,1,0.9125,0,0.0
P0472,9,1,0,1,0.9401,1,1068.19
P0472,10,1,0,1,0.6223,0,0.0
P0473,1,1,1,0,0.9481,0,0.0
P0473,2,1,1,0,0.8737,2,1876.23
P0473,3,1,1,0,0.6599,0,0.0
P0473,4,1,1,0,0.8562,2,1514.5
P0473,5,1,1,0,0.5509,1,974.32
P0473,6,1,1,0,0.8214,0,0.0
P0473,7,1,1,0,0.7085,0,0.0
P0473,8,1,1,0,0.9494,1,1000.99
P0473,9,1,1,0,0.8971,0,0.0
P0473,10,1,1,0,0.7978,1,884.13
P0474,1,0,0,0,0.7341,0,0.0
P0474,2,0,0,0,0.5737,0,0.0
P0474,3,0,0,0,0.8562,0,0.0
P0474,4,0,0,0,0.7574,0,0.0
P0474,5,0,0,0,0.9517,0,0.0
P0474,6,0,0,0,0.9838,1,526.02
P0474,7,0,0,0,0.5109,0,0.0
P0474,8,0,0,0,0.5733,1,468.96
P0474,9,0,0,0,0.9116,0,0.0
P0474,10,0,0,0,0.9857,0,0.0
P0475,1,1,1,0,0.8426,1,1271.02
P0475,2,1,1,0,0.6766,0,0.0
P0475,3,1,1,0,0.9178,0,0.0
P0475,4,1,1,0,0.6006,0,0.0
P0475,5,1,1,0,0.9072,0,0.0
P0475,6,1,1,0,0.9896,0,0.0
P0475,7,1,1,0,0.5902,0,0.0
P0475,8,1,1,0,0.9321,0,0.0
P0475,9,1,1,0,0.7785,0,0.0
P0475,10,1,1,0,0.5695,0,0.0
P0476,1,0,1,0,0.6539,0,0.0
P0476,2,0,1,0,0.972,0,0.0
P0476,3,0,1,0,0.5627,1,377.46
P0476,4,0,1,0,0.5308,0,0.0
P0476,5,0,1,0,0.856,0,0.0
P0476,6,0,1,0,0.799,2,1103.35
P0476,7,0,1,0,0.5468,1,1030.57
P0476,8,0,1,0,0.6841,0,0.0
P0476,9,0,1,0,0.9883,1,206.02
P0476,10,0,1,0,0.791,0,0.0
P0477,1,1,0,1,0.7204,0,0.0
P0477,2,1,0,1,0.6217,1,676.34
P0477,3,1,0,1,0.8712,0,0.0
P0477,4,1,0,1,0.6671,0,0.0
P0477,5,1,0,1,0.5697,0,0.0
P0477,6,1,0,1,0.5629,0,0.0
P0477,7,1,0,1,0.8737,0,0.0
P0477,8,1,0,1,0.9519,0,0.0
P0477,9,1,0,1,0.7651,0,0.0
P0477,10,1,0,1,0.7107,0,0.0
P0478,1,0,0,1,0.5579,0,0.0
P0478,2,0,0,1,0.7297,0,0.0
P0478,3,0,0,1,0.7199,0,0.0
P0478,4,0,0,1,0.7446,0,0.0
P0478,5,0,0,1,0.5613,0,0.0
P0478,6,0,0,1,0.7292,0,0.0
P0478,7,0,0,1,0.7525,1,541.89
P0478,8,0,0,1,0.827,0,0.0
P0478,9,0,0,1,0.7899,0,0.0
P0478,10,0,0,1,0.9823,0,0.0
P0479,1,0,1,1,0.8782,1,408.33
P0479,2,0,1,1,0.9608,0,0.0
P0479,3,0,1,1,0.6591,2,1766.32
P0479,4,0,1,1,0.531,0,0.0
P0479,5,0,1,1,0.5418,0,0.0
P0479,6,0,1,1,0.5891,0,0.0
P0479,7,0,1,1,0.6417,0,0.0
P0479,8,0,1,1,0.567,0,0.0
P0479,9,0,1,1,0.5993,0,0.0
P0479,10,0,1,1,0.7874,0,0.0
P0480,1,0,1,0,0.9571,0,0.0
P0480,2,0,1,0,0.5152,0,0.0
P0480,3,0,1,0,0.717,0,0.0
P0480,4,0,1,0,0.7291,0,0.0
P0480,5,0,1,0,0.7007,0,0.0
P0480,6,0,1,0,0.9543,0,0.0
P0480,7,0,1,0,0.5812,0,0.0
P0480,8,0,1,0,0.7847,1,580.76
P0480,9,0,1,0,0.5811,1,485.34
P0480,10,0,1,0,0.6465,1,406.61
P0481,1,1,1,1,0.6449,1,898.36
P0481,2,1,1,1,0.6878,1,1053.11
P0481,3,1,1,1,0.5176,1,1031.44
P0481,4,1,1,1,0.9905,1,1294.67
P0481,5,1,1,1,0.7453,0,0.0
P0481,6,1,1,1,0.6213,0,0.0
P0481,7,1,1,1,0.7616,1,1037.62
P0481,8,1,1,1,0.8686,1,649.56
P0481,9,1,1,1,0.9284,0,0.0
P0481,10,1,1,1,0.5738,0,0.0
P0482,1,1,0,0,0.6625,0,0.0
P0482,2,1,0,0,0.8754,0,0.0
P0482,3,1,0,0,0.6031,0,0.0
P0482,4,1,0,0,0.9776,0,0.0
P0482,5,1,0,0,0.92,0,0.0
P0482,6,1,0,0,0.6355,0,0.0
P0482,7,1,0,0,0.7956,0,0.0
P0482,8,1,0,0,0.9391,0,0.0
P0482,9,1,0,0,0.8513,0,0.0
P0482,10,1,0,0,0.5678,0,0.0
P0483,1,0,0,0,0.7466,0,0.0
P0483,2,0,0,0,0.921,0,0.0
P0483,3,0,0,0,0.7848,0,0.0
P0483,4,0,0,0,0.7407,0,0.0
P0483,5,0,0,0,0.8325,0,0.0
P0483,6,0,0,0,0.9376,0,0.0
P0483,7,0,0,0,0.6817,0,0.0
P0483,8,0,0,0,0.6939,0,0.0
P0483,9,0,0,0,0.6427,0,0.0
P0483,10,0,0,0,0.7605,0,0.0
P0484,1,0,1,0,0.8787,0,0.0
P0484,2,0,1,0,0.9135,0,0.0
P0484,3,0,1,0,0.5196,0,0.0
P0484,4,0,1,0,0.5975,0,0.0
P0484,5,0,1,0,0.8469,0,0.0
P0484,6,0,1,0,0.6134,0,0.0
P0484,7,0,1,0,0.5204,0,0.0
P0484,8,0,1,0,0.9257,0,0.0
P0484,9,0,1,0,0.8403,0,0.0
P0484,10,0,1,0,0.9749,0,0.0
P0485,1,0,1,0,0.6285,0,0.0
P0485,2,0,1,0,0.7318,1,700.98
P0485,3,0,1,0,0.8358,0,0.0
P0485,4,0,1,0,0.7852,0,0.0
P0485,5,0,1,0,0.6136,0,0.0
P0485,6,0,1,0,0.8134,0,0.0
P0485,7,0,1,0,0.7285,0,0.0
P0485,8,0,1,0,0.865,2,1565.43
P0485,9,0,1,0,0.6593,0,0.0
P0485,10,0,1,0,0.9308,0,0.0
P0486,1,0,0,1,0.5458,0,0.0
P0486,2,0,0,1,0.5929,0,0.0
P0486,3,0,0,1,0.7733,0,0.0
P0486,4,0,0,1,0.6028,0,0.0
P0486,5,0,0,1,0.9909,0,0.0
P0486,6,0,0,1,0.8574,0,0.0
P0486,7,0,0,1,0.9914,2,1719.82
P0486,8,0,0,1,0.7739,0,0.0
P0486,9,0,0,1,0.6913,0,0.0
P0486,10,0,0,1,0.9773,0,0.0
P0487,1,1,0,1,0.5843,1,749.27
P0487,2,1,0,1,0.8854,0,0.0
P0487,3,1,0,1,0.581,0,0.0
P0487,4,1,0,1,0.6537,0,0.0
P0487,5,1,0,1,0.5965,0,0.0
P0487,6,1,0,1,0.5282,0,0.0
P0487,7,1,0,1,0.6562,0,0.0
P0487,8,1,0,1,0.7595,1,2558.46
P0487,9,1,0,1,0.63,0,0.0
P0487,10,1,0,1,0.9161,0,0.0
P0488,1,0,0,1,0.8113,0,0.0
P0488,2,0,0,1,0.9372,0,0.0
P0488,3,0,0,1,0.5443,0,0.0
P0488,4,0,0,1,0.5519,0,0.0
P0488,5,0,0,1,0.8379,0,0.0
P0488,6,0,0,1,0.9892,0,0.0
P0488,7,0,0,1,0.9853,0,0.0
P0488,8,0,0,1,0.6165,0,0.0
P0488,9,0,0,1,0.5703,0,0.0
P0488,10,0,0,1,0.8883,0,0.0
P0489,1,1,1,0,0.5703,0,0.0
P0489,2,1,1,0,0.5676,1,1221.35
P0489,3,1,1,0,0.6119,0,0.0
P0489,4,1,1,0,0.7287,0,0.0
P0489,5,1,1,0,0.6582,0,0.0
P0489,6,1,1,0,0.8228,0,0.0
P0489,7,1,1,0,0.8195,0,0.0
P0489,8,1,1,0,0.7865,0,0.0
P0489,9,1,1,0,0.9638,2,2096.6
P0489,10,1,1,0,0.9899,0,0.0
P0490,1,0,0,0,0.6232,0,0.0
P0490,2,0,0,0,0.818,0,0.0
P0490,3,0,0,0,0.761,0,0.0
P0490,4,0,0,0,0.9769,0,0.0
P0490,5,0,0,0,0.6365,0,0.0
P0490,6,0,0,0,0.6076,0,0.0
P0490,7,0,0,0,0.8406,0,0.0
P0490,8,0,0,0,0.9298,0,0.0
P0490,9,0,0,0,0.7792,0,0.0
P0490,10,0,0,0,0.63,0,0.0
P0491,1,0,0,0,0.5738,0,0.0
P0491,2,0,0,0,0.9274,0,0.0
P0491,3,0,0,0,0.6302,0,0.0
P0491,4,0,0,0,0.8114,0,0.0
P0491,5,0,0,0,0.8336,0,0.0
P0491,6,0,0,0,0.6519,0,0.0
P0491,7,0,0,0,0.8251,0,0.0
P0491,8,0,0,0,0.9314,0,0.0
P0491,9,0,0,0,0.5737,0,0.0
P0491,10,0,0,0,0.9174,0,0.0
P0492,1,0,1,1,0.9131,1,716.01
P0492,2,0,1,1,0.6871,0,0.0
P0492,3,0,1,1,0.9195,0,0.0
P0492,4,0,1,1,0.9175,1,858.6
P0492,5,0,1,1,0.6099,0,0.0
P0492,6,0,1,1,0.5069,0,0.0
P0492,7,0,1,1,0.6491,0,0.0
P0492,8,0,1,1,0.9329,0,0.0
P0492,9,0,1,1,0.6147,0,0.0
P0492,10,0,1,1,0.6977,0,0.0
P0493,1,0,1,0,0.9544,0,0.0
P0493,2,0,1,0,0.9927,0,0.0
P0493,3,0,1,0,0.6281,0,0.0
P0493,4,0,1,0,0.8052,0,0.0
P0493,5,0,1,0,0.9348,0,0.0
P0493,6,0,1,0,0.6575,0,0.0
P0493,7,0,1,0,0.5479,0,0.0
P0493,8,0,1,0,0.9261,0,0.0
P0493,9,0,1,0,0.8524,0,0.0
P0493,10,0,1,0,0.6688,0,0.0
P0494,1,1,1,0,0.7778,0,0.0
P0494,2,1,1,0,0.9979,0,0.0
P0494,3,1,1,0,0.5805,0,0.0
P0494,4,1,1,0,0.9157,1,669.04
P0494,5,1,1,0,0.7564,0,0.0
P0494,6,1,1,0,0.8484,1,503.23
P0494,7,1,1,0,0.527,0,0.0
P0494,8,1,1,0,0.7207,0,0.0
P0494,9,1,1,0,0.8808,0,0.0
P0494,10,1,1,0,0.6646,1,861.33
P0495,1,0,0,0,0.9451,0,0.0
P0495,2,0,0,0,0.5162,1,463.03
P0495,3,0,0,0,0.6036,0,0.0
P0495,4,0,0,0,0.8877,0,0.0
P0495,5,0,0,0,0.5206,0,0.0
P0495,6,0,0,0,0.5126,0,0.0
P0495,7,0,0,0,0.8613,0,0.0
P0495,8,0,0,0,0.8693,1,919.41
P0495,9,0,0,0,0.5189,0,0.0
P0495,10,0,0,0,0.8333,0,0.0
P0496,1,0,1,1,0.7286,1,468.28
P0496,2,0,1,1,0.9295,0,0.0
P0496,3,0,1,1,0.8114,0,0.0
P0496,4,0,1,1,0.8407,0,0.0
P0496,5,0,1,1,0.8066,0,0.0
P0496,6,0,1,1,0.7981,0,0.0
P0496,7,0,1,1,0.8909,0,0.0
P0496,8,0,1,1,0.9868,0,0.0
P0496,9,0,1,1,0.9383,0,0.0
P0496,10,0,1,1,0.6169,0,0.0
P0497,1,1,1,0,0.7777,0,0.0
P0497,2,1,1,0,0.6076,0,0.0
P0497,3,1,1,0,0.5587,1,567.94
P0497,4,1,1,0,0.9597,0,0.0
P0497,5,1,1,0,0.5803,0,0.0
P0497,6,1,1,0,0.683,0,0.0
P0497,7,1,1,0,0.5643,0,0.0
P0497,8,1,1,0,0.7473,0,0.0
P0497,9,1,1,0,0.8802,1,2629.66
P0497,10,1,1,0,0.9294,2,1834.94
P0498,1,0,0,1,0.8488,0,0.0
P0498,2,0,0,1,0.6294,0,0.0
P0498,3,0,0,1,0.8171,0,0.0
P0498,4,0,0,1,0.7096,0,0.0
P0498,5,0,0,1,0.7687,0,0.0
P0498,6,0,0,1,0.8352,2,994.57
P0498,7,0,0,1,0.9291,0,0.0
P0498,8,0,0,1,0.867,0,0.0
P0498,9,0,0,1,0.8744,0,0.0
P0498,10,0,0,1,0.9864,0,0.0
P0499,1,1,0,0,0.9762,1,738.99
P0499,2,1,0,0,0.6067,0,0.0
P0499,3,1,0,0,0.7059,0,0.0
P0499,4,1,0,0,0.6007,1,431.71
P0499,5,1,0,0,0.7008,1,766.28
P0499,6,1,0,0,0.6178,0,0.0
P0499,7,1,0,0,0.8782,0,0.0
P0499,8,1,0,0,0.5403,1,767.37
P0499,9,1,0,0,0.5774,0,0.0
P0499,10,1,0,0,0.788,0,0.0
P0500,1,0,1,0,0.8321,0,0.0
P0500,2,0,1,0,0.9233,0,0.0
P0500,3,0,1,0,0.6851,0,0.0
P0500,4,0,1,0,0.5371,0,0.0
P0500,5,0,1,0,0.5604,0,0.0
P0500,6,0,1,0,0.7905,0,0.0
P0500,7,0,1,0,0.5989,0,0.0
P0500,8,0,1,0,0.8966,0,0.0
P0500,9,0,1,0,0.5656,0,0.0
P0500,10,0,1,0,0.5864,0,0.0
P0501,1,0,0,0,0.5116,0,0.0
P0501,2,0,0,0,0.7931,0,0.0
P0501,3,0,0,0,0.745,0,0.0
P0501,4,0,0,0,0.8552,0,0.0
P0501,5,0,0,0,0.8238,0,0.0
P0501,6,0,0,0,0.9261,0,0.0
P0501,7,0,0,0,0.5346,0,0.0
P0501,8,0,0,0,0.7213,0,0.0
P0501,9,0,0,0,0.9809,0,0.0
P0501,10,0,0,0,0.5445,0,0.0
P0502,1,0,1,1,0.6711,0,0.0
P0502,2,0,1,1,0.6506,1,1443.0
P0502,3,0,1,1,0.759,0,0.0
P0502,4,0,1,1,0.8901,0,0.0
P0502,5,0,1,1,0.7443,0,0.0
P0502,6,0,1,1,0.6228,0,0.0
P0502,7,0,1,1,0.8791,0,0.0
P0502,8,0,1,1,0.6351,0,0.0
P0502,9,0,1,1,0.6446,0,0.0
P0502,10,0,1,1,0.5523,0,0.0
P0503,1,0,1,0,0.8025,0,0.0
P0503,2,0,1,0,0.7369,0,0.0
P0503,3,0,1,0,0.5342,0,0.0
P0503,4,0,1,0,0.6569,0,0.0
P0503,5,0,1,0,0.6084,1,417.92
P0503,6,0,1,0,0.9409,0,0.0
P0503,7,0,1,0,0.943,0,0.0
P0503,8,0,1,0,0.9484,0,0.0
P0503,9,0,1,0,0.9493,0,0.0
P0503,10,0,1,0,0.7388,0,0.0
P0504,1,0,0,1,0.9424,0,0.0
P0504,2,0,0,1,0.5937,0,0.0
P0504,3,0,0,1,0.6536,0,0.0
P0504,4,0,0,1,0.6754,0,0.0
P0504,5,0,0,1,0.6126,0,0.0
P0504,6,0,0,1,0.937,1,1090.94
P0504,7,0,0,1,0.5007,0,0.0
P0504,8,0,0,1,0.8507,0,0.0
P0504,9,0,0,1,0.5209,0,0.0
P0504,10,0,0,1,0.9223,0,0.0
P0505,1,0,0,0,0.9301,0,0.0
P0505,2,0,0,0,0.799,0,0.0
P0505,3,0,0,0,0.8815,0,0.0
P0505,4,0,0,0,0.6724,0,0.0
P0505,5,0,0,0,0.6915,1,1002.18
P0505,6,0,0,0,0.5927,0,0.0
P0505,7,0,0,0,0.6012,0,0.0
P0505,8,0,0,0,0.6131,0,0.0
P0505,9,0,0,0,0.6641,0,0.0
P0505,10,0,0,0,0.9535,0,0.0
P0506,1,1,1,0,0.5392,0,0.0
P0506,2,1,1,0,0.5662,1,1087.4
P0506,3,1,1,0,0.9438,0,0.0
P0506,4,1,1,0,0.846,0,0.0
P0506,5,1,1,0,0.7331,1,829.49
P0506,6,1,1,0,0.6824,0,0.0
P0506,7,1,1,0,0.8518,0,0.0
P0506,8,1,1,0,0.747,1,752.55
P0506,9,1,1,0,0.6282,1,926.39
P0506,10,1,1,0,0.9728,2,1051.09
P0507,1,0,1,0,0.6429,0,0.0
P0507,2,0,1,0,0.7331,0,0.0
P0507,3,0,1,0,0.8116,0,0.0
P0507,4,0,1,0,0.5647,0,0.0
P0507,5,0,1,0,0.5888,0,0.0
P0507,6,0,1,0,0.7116,0,0.0
P0507,7,0,1,0,0.5856,0,0.0
P0507,8,0,1,0,0.572,0,0.0
P0507,9,0,1,0,0.9418,0,0.0
P0507,10,0,1,0,0.5085,0,0.0
P0508,1,1,1,1,0.9567,2,2687.24
P0508,2,1,1,1,0.7568,1,823.54
P0508,3,1,1,1,0.5492,0,0.0
P0508,4,1,1,1,0.6751,1,904.81
P0508,5,1,1,1,0.6824,0,0.0
P0508,6,1,1,1,0.5004,0,0.0
P0508,7,1,1,1,0.6546,0,0.0
P0508,8,1,1,1,0.9562,1,1142.43
P0508,9,1,1,1,0.7996,0,0.0
P0508,10,1,1,1,0.9575,0,0.0
P0509,1,0,0,1,0.6686,0,0.0
P0509,2,0,0,1,0.9345,0,0.0
P0509,3,0,0,1,0.9896,0,0.0
P0509,4,0,0,1,0.9821,0,0.0
P0509,5,0,0,1,0.9239,0,0.0
P0509,6,0,0,1,0.7386,0,0.0
P0509,7,0,0,1,0.8136,0,0.0
P0509,8,0,0,1,0.5747,1,1072.89
P0509,9,0,0,1,0.7342,0,0.0
P0509,10,0,0,1,0.5826,0,0.0
P0510,1,0,0,1,0.8249,0,0.0
P0510,2,0,0,1,0.8853,0,0.0
P0510,3,0,0,1,0.6084,0,0.0
P0510,4,0,0,1,0.525,0,0.0
P0510,5,0,0,1,0.9444,0,0.0
P0510,6,0,0,1,0.534,0,0.0
P0510,7,0,0,1,0.6898,0,0.0
P0510,8,0,0,1,0.8044,2,1044.66
P0510,9,0,0,1,0.7251,2,3142.04
P0510,10,0,0,1,0.9573,1,308.53
P0511,1,0,0,1,0.6449,0,0.0
P0511,2,0,0,1,0.9389,0,0.0
P0511,3,0,0,1,0.5695,0,0.0
P0511,4,0,0,1,0.9537,0,0.0
P0511,5,0,0,1,0.7915,0,0.0
P0511,6,0,0,1,0.7323,0,0.0
P0511,7,0,0,1,0.7044,1,823.65
P0511,8,0,0,1,0.8306,0,0.0
P0511,9,0,0,1,0.751,0,0.0
P0511,10,0,0,1,0.601,0,0.0
P0512,1,0,0,1,0.8437,0,0.0
P0512,2,0,0,1,0.5996,0,0.0
P0512,3,0,0,1,0.87,0,0.0
P0512,4,0,0,1,0.6452,0,0.0
P0512,5,0,0,1,0.7433,0,0.0
P0512,6,0,0,1,0.9002,0,0.0
P0512,7,0,0,1,0.9745,1,564.92
P0512,8,0,0,1,0.9259,0,0.0
P0512,9,0,0,1,0.8097,0,0.0
P0512,10,0,0,1,0.5159,0,0.0
P0513,1,0,0,0,0.619,0,0.0
P0513,2,0,0,0,0.7479,0,0.0
P0513,3,0,0,0,0.8281,0,0.0
P0513,4,0,0,0,0.9402,0,0.0
P0513,5,0,0,0,0.5461,0,0.0
P0513,6,0,0,0,0.6145,0,0.0
P0513,7,0,0,0,0.5943,0,0.0
P0513,8,0,0,0,0.713,0,0.0
P0513,9,0,0,0,0.9117,0,0.0
P0513,10,0,0,0,0.6984,1,447.78
P0514,1,0,0,0,0.502,0,0.0
P0514,2,0,0,0,0.8446,1,982.12
P0514,3,0,0,0,0.6979,0,0.0
P0514,4,0,0,0,0.77,0,0.0
P0514,5,0,0,0,0.6398,0,0.0
P0514,6,0,0,0,0.5302,0,0.0
P0514,7,0,0,0,0.9073,0,0.0
P0514,8,0,0,0,0.8946,0,0.0
P0514,9,0,0,0,0.7592,0,0.0
P0514,10,0,0,0,0.6056,0,0.0
P0515,1,0,0,0,0.9025,0,0.0
P0515,2,0,0,0,0.9865,1,309.3
P0515,3,0,0,0,0.6051,0,0.0
P0515,4,0,0,0,0.6492,0,0.0
P0515,5,0,0,0,0.537,0,0.0
P0515,6,0,0,0,0.9702,0,0.0
P0515,7,0,0,0,0.5966,0,0.0
P0515,8,0,0,0,0.7826,0,0.0
P0515,9,0,0,0,0.7314,0,0.0
P0515,10,0,0,0,0.9016,0,0.0
P0516,1,0,1,0,0.5163,0,0.0
P0516,2,0,1,0,0.8431,0,0.0
P0516,3,0,1,0,0.584,0,0.0
P0516,4,0,1,0,0.8434,0,0.0
P0516,5,0,1,0,0.6348,0,0.0
P0516,6,0,1,0,0.7916,1,649.22
P0516,7,0,1,0,0.5626,0,0.0
P0516,8,0,1,0,0.6907,0,0.0
P0516,9,0,1,0,0.542,1,878.96
P0516,10,0,1,0,0.8799,0,0.0
P0517,1,0,1,0,0.8604,0,0.0
P0517,2,0,1,0,0.6674,0,0.0
P0517,3,0,1,0,0.867,0,0.0
P0517,4,0,1,0,0.7402,0,0.0
P0517,5,0,1,0,0.9992,0,0.0
P0517,6,0,1,0,0.8446,0,0.0
P0517,7,0,1,0,0.6704,0,0.0
P0517,8,0,1,0,0.9701,0,0.0
P0517,9,0,1,0,0.6504,0,0.0
P0517,10,0,1,0,0.8283,0,0.0
P0518,1,0,1,0,0.5537,0,0.0
P0518,2,0,1,0,0.7612,0,0.0
P0518,3,0,1,0,0.5052,0,0.0
P0518,4,0,1,0,0.6327,0,0.0
P0518,5,0,1,0,0.8394,0,0.0
P0518,6,0,1,0,0.55,0,0.0
P0518,7,0,1,0,0.8968,0,0.0
P0518,8,0,1,0,0.7575,0,0.0
P0518,9,0,1,0,0.9411,1,690.87
P0518,10,0,1,0,0.7118,0,0.0
P0519,1,0,1,0,0.5281,0,0.0
P0519,2,0,1,0,0.933,0,0.0
P0519,3,0,1,0,0.5424,0,0.0
P0519,4,0,1,0,0.8191,0,0.0
P0519,5,0,1,0,0.5956,1,655.51
P0519,6,0,1,0,0.7422,0,0.0
P0519,7,0,1,0,0.8139,0,0.0
P0519,8,0,1,0,0.7803,0,0.0
P0519,9,0,1,0,0.588,0,0.0
P0519,10,0,1,0,0.9004,0,0.0
P0520,1,0,1,1,0.532,0,0.0
P0520,2,0,1,1,0.6801,1,1684.26
P0520,3,0,1,1,0.8895,0,0.0
P0520,4,0,1,1,0.5885,0,0.0
P0520,5,0,1,1,0.5607,0,0.0
P0520,6,0,1,1,0.7304,0,0.0
P0520,7,0,1,1,0.5507,0,0.0
P0520,8,0,1,1,0.9206,0,0.0
P0520,9,0,1,1,0.9765,1,849.36
P0520,10,0,1,1,0.9097,0,0.0
P0521,1,0,1,0,0.5602,0,0.0
P0521,2,0,1,0,0.8782,0,0.0
P0521,3,0,1,0,0.9916,1,870.71
P0521,4,0,1,0,0.8147,0,0.0
P0521,5,0,1,0,0.8374,0,0.0
P0521,6,0,1,0,0.784,0,0.0
P0521,7,0,1,0,0.7532,1,652.0
P0521,8,0,1,0,0.7307,0,0.0
P0521,9,0,1,0,0.9509,0,0.0
P0521,10,0,1,0,0.5863,0,0.0
P0522,1,0,0,1,0.8529,0,0.0
P0522,2,0,0,1,0.8256,0,0.0
P0522,3,0,0,1,0.5444,0,0.0
P0522,4,0,0,1,0.6958,0,0.0
P0522,5,0,0,1,0.8446,0,0.0
P0522,6,0,0,1,0.6819,0,0.0
P0522,7,0,0,1,0.7728,0,0.0
P0522,8,0,0,1,0.8428,1,856.08
P0522,9,0,0,1,0.6291,0,0.0
P0522,10,0,0,1,0.9425,0,0.0
P0523,1,0,1,1,0.5197,0,0.0
P0523,2,0,1,1,0.92,1,816.38
P0523,3,0,1,1,0.9455,1,598.08
P0523,4,0,1,1,0.6845,0,0.0
P0523,5,0,1,1,0.6666,0,0.0
P0523,6,0,1,1,0.755,0,0.0
P0523,7,0,1,1,0.78,0,0.0
P0523,8,0,1,1,0.8996,0,0.0
P0523,9,0,1,1,0.8902,1,1204.29
P0523,10,0,1,1,0.5376,0,0.0
P0524,1,0,1,1,0.5632,0,0.0
P0524,2,0,1,1,0.5955,0,0.0
P0524,3,0,1,1,0.6278,0,0.0
P0524,4,0,1,1,0.5752,0,0.0
P0524,5,0,1,1,0.7268,0,0.0
P0524,6,0,1,1,0.504,0,0.0
P0524,7,0,1,1,0.6588,0,0.0
P0524,8,0,1,1,0.9912,0,0.0
P0524,9,0,1,1,0.6521,0,0.0
P0524,10,0,1,1,0.7841,0,0.0
P0525,1,0,0,1,0.9681,1,1369.61
P0525,2,0,0,1,0.959,0,0.0
P0525,3,0,0,1,0.9192,0,0.0
P0525,4,0,0,1,0.8722,0,0.0
P0525,5,0,0,1,0.5676,1,1061.94
P0525,6,0,0,1,0.7383,0,0.0
P0525,7,0,0,1,0.8164,0,0.0
P0525,8,0,0,1,0.7724,0,0.0
P0525,9,0,0,1,0.9026,0,0.0
P0525,10,0,0,1,0.9941,0,0.0
P0526,1,0,0,0,0.6456,0,0.0
P0526,2,0,0,0,0.5513,0,0.0
P0526,3,0,0,0,0.5113,0,0.0
P0526,4,0,0,0,0.8622,0,0.0
P0526,5,0,0,0,0.6773,0,0.0
P0526,6,0,0,0,0.9231,0,0.0
P0526,7,0,0,0,0.5553,1,1235.11
P0526,8,0,0,0,0.7883,0,0.0
P0526,9,0,0,0,0.5898,0,0.0
P0526,10,0,0,0,0.898,0,0.0
P0527,1,0,0,1,0.6186,2,2441.94
P0527,2,0,0,1,0.7115,0,0.0
P0527,3,0,0,1,0.6086,0,0.0
P0527,4,0,0,1,0.7627,0,0.0
P0527,5,0,0,1,0.6337,0,0.0
P0527,6,0,0,1,0.5532,0,0.0
P0527,7,0,0,1,0.9014,0,0.0
P0527,8,0,0,1,0.5828,1,943.25
P0527,9,0,0,1,0.7539,1,749.67
P0527,10,0,0,1,0.8152,0,0.0
P0528,1,0,0,1,0.7582,0,0.0
P0528,2,0,0,1,0.8196,0,0.0
P0528,3,0,0,1,0.5559,0,0.0
P0528,4,0,0,1,0.7154,0,0.0
P0528,5,0,0,1,0.5481,0,0.0
P0528,6,0,0,1,0.9656,1,1007.3
P0528,7,0,0,1,0.5138,0,0.0
P0528,8,0,0,1,0.8106,2,1159.41
P0528,9,0,0,1,0.6241,0,0.0
P0528,10,0,0,1,0.7934,1,1958.22
P0529,1,1,1,0,0.5887,0,0.0
P0529,2,1,1,0,0.6622,0,0.0
P0529,3,1,1,0,0.9773,1,1346.67
P0529,4,1,1,0,0.9519,1,1282.41
P0529,5,1,1,0,0.6021,0,0.0
P0529,6,1,1,0,0.9093,2,1652.56
P0529,7,1,1,0,0.515,0,0.0
P0529,8,1,1,0,0.9823,1,682.65
P0529,9,1,1,0,0.9339,0,0.0
P0529,10,1,1,0,0.6627,0,0.0
P0530,1,1,0,0,0.6352,1,727.7
P0530,2,1,0,0,0.8765,0,0.0
P0530,3,1,0,0,0.8314,0,0.0
P0530,4,1,0,0,0.7891,1,976.1
P0530,5,1,0,0,0.517,0,0.0
P0530,6,1,0,0,0.7,0,0.0
P0530,7,1,0,0,0.9043,1,853.04
P0530,8,1,0,0,0.7335,0,0.0
P0530,9,1,0,0,0.6323,0,0.0
P0530,10,1,0,0,0.9923,0,0.0
P0531,1,1,1,1,0.5,2,1472.41
P0531,2,1,1,1,0.5635,0,0.0
P0531,3,1,1,1,0.8723,0,0.0
P0531,4,1,1,1,0.9604,0,0.0
P0531,5,1,1,1,0.8443,0,0.0
P0531,6,1,1,1,0.684,0,0.0
P0531,7,1,1,1,0.5472,2,2078.76
P0531,8,1,1,1,0.7495,1,622.65
P0531,9,1,1,1,0.8135,0,0.0
P0531,10,1,1,1,0.9461,0,0.0
P0532,1,1,0,0,0.8577,0,0.0
P0532,2,1,0,0,0.5203,0,0.0
P0532,3,1,0,0,0.7857,1,457.45
P0532,4,1,0,0,0.985,1,940.27
P0532,5,1,0,0,0.9809,0,0.0
P0532,6,1,0,0,0.7795,1,682.66
P0532,7,1,0,0,0.5545,0,0.0
P0532,8,1,0,0,0.5437,1,1133.69
P0532,9,1,0,0,0.7279,0,0.0
P0532,10,1,0,0,0.5375,0,0.0
P0533,1,1,0,0,0.9072,0,0.0
P0533,2,1,0,0,0.5754,1,639.16
P0533,3,1,0,0,0.7755,0,0.0
P0533,4,1,0,0,0.5348,0,0.0
P0533,5,1,0,0,0.9665,0,0.0
P0533,6,1,0,0,0.5857,0,0.0
P0533,7,1,0,0,0.8625,0,0.0
P0533,8,1,0,0,0.634,0,0.0
P0533,9,1,0,0,0.6422,0,0.0
P0533,10,1,0,0,0.5323,0,0.0
P0534,1,1,1,1,0.5187,0,0.0
P0534,2,1,1,1,0.9076,1,556.13
P0534,3,1,1,1,0.5877,0,0.0
P0534,4,1,1,1,0.8449,0,0.0
P0534,5,1,1,1,0.7191,1,485.89
P0534,6,1,1,1,0.8204,1,611.48
P0534,7,1,1,1,0.654,1,1076.78
P0534,8,1,1,1,0.571,0,0.0
P0534,9,1,1,1,0.9216,1,982.07
P0534,10,1,1,1,0.5323,0,0.0
P0535,1,1,0,0,0.7399,2,1197.41
P0535,2,1,0,0,0.5937,0,0.0
P0535,3,1,0,0,0.7076,0,0.0
P0535,4,1,0,0,0.995,0,0.0
P0535,5,1,0,0,0.8364,0,0.0
P0535,6,1,0,0,0.656,1,1582.04
P0535,7,1,0,0,0.8119,0,0.0
P0535,8,1,0,0,0.6682,0,0.0
P0535,9,1,0,0,0.8104,1,964.91
P0535,10,1,0,0,0.7907,0,0.0
P0536,1,1,1,0,0.9037,0,0.0
P0536,2,1,1,0,0.9702,0,0.0
P0536,3,1,1,0,0.7961,0,0.0
P0536,4,1,1,0,0.9239,0,0.0
P0536,5,1,1,0,0.6503,0,0.0
P0536,6,1,1,0,0.56,1,607.26
P0536,7,1,1,0,0.9774,0,0.0
P0536,8,1,1,0,0.8436,2,767.45
P0536,9,1,1,0,0.841,2,1026.23
P0536,10,1,1,0,0.8171,0,0.0
P0537,1,1,0,0,0.519,0,0.0
P0537,2,1,0,0,0.7569,1,623.66
P0537,3,1,0,0,0.9542,1,585.43
P0537,4,1,0,0,0.7267,0,0.0
P0537,5,1,0,0,0.7727,0,0.0
P0537,6,1,0,0,0.7886,0,0.0
P0537,7,1,0,0,0.8988,0,0.0
P0537,8,1,0,0,0.6869,0,0.0
P0537,9,1,0,0,0.852,1,441.14
P0537,10,1,0,0,0.9581,0,0.0
P0538,1,0,1,0,0.5117,0,0.0
P0538,2,0,1,0,0.5623,0,0.0
P0538,3,0,1,0,0.9975,0,0.0
P0538,4,0,1,0,0.5174,0,0.0
P0538,5,0,1,0,0.6322,1,773.26
P0538,6,0,1,0,0.9563,0,0.0
P0538,7,0,1,0,0.7305,0,0.0
P0538,8,0,1,0,0.9261,0,0.0
P0538,9,0,1,0,0.944,0,0.0
P0538,10,0,1,0,0.5332,0,0.0
P0539,1,1,0,0,0.5684,1,474.6
P0539,2,1,0,0,0.6405,0,0.0
P0539,3,1,0,0,0.8004,0,0.0
P0539,4,1,0,0,0.9848,0,0.0
P0539,5,1,0,0,0.8492,0,0.0
P0539,6,1,0,0,0.6646,0,0.0
P0539,7,1,0,0,0.5508,0,0.0
P0539,8,1,0,0,0.759,1,1100.34
P0539,9,1,0,0,0.8499,0,0.0
P0539,10,1,0,0,0.6834,0,0.0
P0540,1,0,1,0,0.7955,0,0.0
P0540,2,0,1,0,0.9646,0,0.0
P0540,3,0,1,0,0.6545,1,525.24
P0540,4,0,1,0,0.86,0,0.0
P0540,5,0,1,0,0.6756,1,1037.18
P0540,6,0,1,0,0.9348,0,0.0
P0540,7,0,1,0,0.6545,0,0.0
P0540,8,0,1,0,0.9043,0,0.0
P0540,9,0,1,0,0.8037,0,0.0
P0540,10,0,1,0,0.845,0,0.0
P0541,1,0,0,0,0.86,0,0.0
P0541,2,0,0,0,0.7388,0,0.0
P0541,3,0,0,0,0.623,0,0.0
P0541,4,0,0,0,0.7732,0,0.0
P0541,5,0,0,0,0.7357,0,0.0
P0541,6,0,0,0,0.602,0,0.0
P0541,7,0,0,0,0.7027,0,0.0
P0541,8,0,0,0,0.6319,0,0.0
P0541,9,0,0,0,0.7436,0,0.0
P0541,10,0,0,0,0.9437,0,0.0
P0542,1,1,0,0,0.8781,0,0.0
P0542,2,1,0,0,0.8448,0,0.0
P0542,3,1,0,0,0.6497,1,1032.57
P0542,4,1,0,0,0.9888,0,0.0
P0542,5,1,0,0,0.8148,1,901.65
P0542,6,1,0,0,0.8395,0,0.0
P0542,7,1,0,0,0.5853,0,0.0
P0542,8,1,0,0,0.5169,0,0.0
P0542,9,1,0,0,0.6903,0,0.0
P0542,10,1,0,0,0.9341,0,0.0
P0543,1,0,1,0,0.5117,0,0.0
P0543,2,0,1,0,0.8183,1,593.49
P0543,3,0,1,0,0.7162,0,0.0
P0543,4,0,1,0,0.5816,0,0.0
P0543,5,0,1,0,0.6789,0,0.0
P0543,6,0,1,0,0.9315,0,0.0
P0543,7,0,1,0,0.7518,0,0.0
P0543,8,0,1,0,0.5172,0,0.0
P0543,9,0,1,0,0.6048,0,0.0
P0543,10,0,1,0,0.9932,0,0.0
P0544,1,0,1,0,0.8533,0,0.0
P0544,2,0,1,0,0.7634,0,0.0
P0544,3,0,1,0,0.5911,0,0.0
P0544,4,0,1,0,0.6708,0,0.0
P0544,5,0,1,0,0.5528,0,0.0
P0544,6,0,1,0,0.5361,0,0.0
P0544,7,0,1,0,0.7819,0,0.0
P0544,8,0,1,0,0.604,0,0.0
P0544,9,0,1,0,0.7772,0,0.0
P0544,10,0,1,0,0.8734,0,0.0
P0545,1,0,0,0,0.8025,0,0.0
P0545,2,0,0,0,0.7101,0,0.0
P0545,3,0,0,0,0.5767,0,0.0
P0545,4,0,0,0,0.9846,0,0.0
P0545,5,0,0,0,0.7104,0,0.0
P0545,6,0,0,0,0.956,0,0.0
P0545,7,0,0,0,0.998,1,788.63
P0545,8,0,0,0,0.5336,0,0.0
P0545,9,0,0,0,0.9834,0,0.0
P0545,10,0,0,0,0.9149,0,0.0
P0546,1,0,1,1,0.667,0,0.0
P0546,2,0,1,1,0.5853,0,0.0
P0546,3,0,1,1,0.8141,0,0.0
P0546,4,0,1,1,0.577,0,0.0
P0546,5,0,1,1,0.878,1,963.32
P0546,6,0,1,1,0.7279,0,0.0
P0546,7,0,1,1,0.9922,0,0.0
P0546,8,0,1,1,0.9562,0,0.0
P0546,9,0,1,1,0.5265,0,0.0
P0546,10,0,1,1,0.9507,0,0.0
P0547,1,0,0,0,0.5569,0,0.0
P0547,2,0,0,0,0.6391,0,0.0
P0547,3,0,0,0,0.9453,0,0.0
P0547,4,0,0,0,0.9109,0,0.0
P0547,5,0,0,0,0.5252,0,0.0
P0547,6,0,0,0,0.9451,0,0.0
P0547,7,0,0,0,0.8404,0,0.0
P0547,8,0,0,0,0.6896,0,0.0
P0547,9,0,0,0,0.9769,0,0.0
P0547,10,0,0,0,0.6932,0,0.0
P0548,1,0,0,0,0.9363,0,0.0
P0548,2,0,0,0,0.9262,0,0.0
P0548,3,0,0,0,0.6867,0,0.0
P0548,4,0,0,0,0.5242,0,0.0
P0548,5,0,0,0,0.906,0,0.0
P0548,6,0,0,0,0.9569,0,0.0
P0548,7,0,0,0,0.9318,0,0.0
P0548,8,0,0,0,0.8869,0,0.0
P0548,9,0,0,0,0.6785,0,0.0
P0548,10,0,0,0,0.9356,0,0.0
P0549,1,0,0,0,0.9489,0,0.0
P0549,2,0,0,0,0.5674,0,0.0
P0549,3,0,0,0,0.6361,0,0.0
P0549,4,0,0,0,0.9006,0,0.0
P0549,5,0,0,0,0.6722,1,427.63
P0549,6,0,0,0,0.9072,0,0.0
P0549,7,0,0,0,0.6046,0,0.0
P0549,8,0,0,0,0.8238,0,0.0
P0549,9,0,0,0,0.7587,0,0.0
P0549,10,0,0,0,0.5509,0,0.0
P0550,1,0,0,1,0.7998,1,1231.36
P0550,2,0,0,1,0.5808,1,759.31
P0550,3,0,0,1,0.8517,0,0.0
P0550,4,0,0,1,0.6716,0,0.0
P0550,5,0,0,1,0.5926,0,0.0
P0550,6,0,0,1,0.7231,0,0.0
P0550,7,0,0,1,0.5068,0,0.0
P0550,8,0,0,1,0.5291,0,0.0
P0550,9,0,0,1,0.8781,0,0.0
P0550,10,0,0,1,0.9673,0,0.0
P0551,1,0,1,0,0.9342,0,0.0
P0551,2,0,1,0,0.7124,1,926.67
P0551,3,0,1,0,0.6905,0,0.0
P0551,4,0,1,0,0.665,1,648.96
P0551,5,0,1,0,0.6454,0,0.0
P0551,6,0,1,0,0.8784,0,0.0
P0551,7,0,1,0,0.7922,0,0.0
P0551,8,0,1,0,0.6008,0,0.0
P0551,9,0,1,0,0.7018,0,0.0
P0551,10,0,1,0,0.7823,0,0.0
P0552,1,1,0,0,0.7641,0,0.0
P0552,2,1,0,0,0.6568,0,0.0
P0552,3,1,0,0,0.7884,1,546.79
P0552,4,1,0,0,0.869,0,0.0
P0552,5,1,0,0,0.7222,0,0.0
P0552,6,1,0,0,0.5293,0,0.0
P0552,7,1,0,0,0.9504,0,0.0
P0552,8,1,0,0,0.7476,0,0.0
P0552,9,1,0,0,0.527,0,0.0
P0552,10,1,0,0,0.7347,0,0.0
P0553,1,0,0,0,0.8475,0,0.0
P0553,2,0,0,0,0.8316,0,0.0
P0553,3,0,0,0,0.7528,0,0.0
P0553,4,0,0,0,0.7123,0,0.0
P0553,5,0,0,0,0.8726,1,372.23
P0553,6,0,0,0,0.5503,0,0.0
P0553,7,0,0,0,0.6821,0,0.0
P0553,8,0,0,0,0.875,0,0.0
P0553,9,0,0,0,0.9322,0,0.0
P0553,10,0,0,0,0.7316,0,0.0
P0554,1,1,0,0,0.6266,1,480.51
P0554,2,1,0,0,0.8284,0,0.0
P0554,3,1,0,0,0.5669,0,0.0
P0554,4,1,0,0,0.8812,0,0.0
P0554,5,1,0,0,0.8636,0,0.0
P0554,6,1,0,0,0.8927,0,0.0
P0554,7,1,0,0,0.9087,1,827.0
P0554,8,1,0,0,0.8722,0,0.0
P0554,9,1,0,0,0.6734,0,0.0
P0554,10,1,0,0,0.9616,1,1082.3
P0555,1,1,0,1,0.506,1,1723.36
P0555,2,1,0,1,0.5544,0,0.0
P0555,3,1,0,1,0.7539,0,0.0
P0555,4,1,0,1,0.5836,0,0.0
P0555,5,1,0,1,0.839,0,0.0
P0555,6,1,0,1,0.6737,0,0.0
P0555,7,1,0,1,0.6872,0,0.0
P0555,8,1,0,1,0.945,0,0.0
P0555,9,1,0,1,0.5601,0,0.0
P0555,10,1,0,1,0.7455,1,643.38
P0556,1,0,0,0,0.6012,0,0.0
P0556,2,0,0,0,0.7386,0,0.0
P0556,3,0,0,0,0.5,1,1034.79
P0556,4,0,0,0,0.9128,0,0.0
P0556,5,0,0,0,0.9716,0,0.0
P0556,6,0,0,0,0.8867,0,0.0
P0556,7,0,0,0,0.9572,0,0.0
P0556,8,0,0,0,0.6753,0,0.0
P0556,9,0,0,0,0.6527,0,0.0
P0556,10,0,0,0,0.8932,0,0.0
P0557,1,0,1,0,0.9738,0,0.0
P0557,2,0,1,0,0.9921,0,0.0
P0557,3,0,1,0,0.5476,0,0.0
P0557,4,0,1,0,0.7445,0,0.0
P0557,5,0,1,0,0.5872,0,0.0
P0557,6,0,1,0,0.8938,0,0.0
P0557,7,0,1,0,0.9564,0,0.0
P0557,8,0,1,0,0.8298,0,0.0
P0557,9,0,1,0,0.6807,0,0.0
P0557,10,0,1,0,0.5875,0,0.0
P0558,1,0,0,0,0.7075,0,0.0
P0558,2,0,0,0,0.7906,0,0.0
P0558,3,0,0,0,0.7478,0,0.0
P0558,4,0,0,0,0.7245,0,0.0
P0558,5,0,0,0,0.5013,0,0.0
P0558,6,0,0,0,0.9872,0,0.0
P0558,7,0,0,0,0.8906,0,0.0
P0558,8,0,0,0,0.5432,0,0.0
P0558,9,0,0,0,0.9282,0,0.0
P0558,10,0,0,0,0.6,0,0.0
P0559,1,0,1,1,0.7829,0,0.0
P0559,2,0,1,1,0.9773,1,767.62
P0559,3,0,1,1,0.7011,1,574.19
P0559,4,0,1,1,0.5596,0,0.0
P0559,5,0,1,1,0.878,0,0.0
P0559,6,0,1,1,0.6553,0,0.0
P0559,7,0,1,1,0.6281,0,0.0
P0559,8,0,1,1,0.8437,1,917.89
P0559,9,0,1,1,0.8927,0,0.0
P0559,10,0,1,1,0.6147,0,0.0
P0560,1,0,1,0,0.6225,1,548.68
P0560,2,0,1,0,0.972,0,0.0
P0560,3,0,1,0,0.6244,0,0.0
P0560,4,0,1,0,0.8561,0,0.0
P0560,5,0,1,0,0.5358,0,0.0
P0560,6,0,1,0,0.819,0,0.0
P0560,7,0,1,0,0.9727,0,0.0
P0560,8,0,1,0,0.8576,0,0.0
P0560,9,0,1,0,0.6923,0,0.0
P0560,10,0,1,0,0.7436,0,0.0
P0561,1,0,0,0,0.9403,1,710.91
P0561,2,0,0,0,0.5734,0,0.0
P0561,3,0,0,0,0.6,0,0.0
P0561,4,0,0,0,0.5026,0,0.0
P0561,5,0,0,0,0.6121,0,0.0
P0561,6,0,0,0,0.5646,0,0.0
P0561,7,0,0,0,0.778,0,0.0
P0561,8,0,0,0,0.6835,0,0.0
P0561,9,0,0,0,0.5102,0,0.0
P0561,10,0,0,0,0.5015,0,0.0
P0562,1,1,1,0,0.6119,0,0.0
P0562,2,1,1,0,0.8925,0,0.0
P0562,3,1,1,0,0.9767,0,0.0
P0562,4,1,1,0,0.7957,0,0.0
P0562,5,1,1,0,0.7552,1,724.44
P0562,6,1,1,0,0.5753,0,0.0
P0562,7,1,1,0,0.7312,0,0.0
P0562,8,1,1,0,0.5269,0,0.0
P0562,9,1,1,0,0.56,0,0.0
P0562,10,1,1,0,0.9299,0,0.0
P0563,1,0,1,1,0.6618,0,0.0
P0563,2,0,1,1,0.5835,0,0.0
P0563,3,0,1,1,0.7737,0,0.0
P0563,4,0,1,1,0.5055,0,0.0
P0563,5,0,1,1,0.6368,0,0.0
P0563,6,0,1,1,0.6225,0,0.0
P0563,7,0,1,1,0.6088,1,1731.91
P0563,8,0,1,1,0.6171,0,0.0
P0563,9,0,1,1,0.7526,0,0.0
P0563,10,0,1,1,0.896,0,0.0
P0564,1,1,1,1,0.8756,0,0.0
P0564,2,1,1,1,0.8239,0,0.0
P0564,3,1,1,1,0.5718,0,0.0
P0564,4,1,1,1,0.5848,0,0.0
P0564,5,1,1,1,0.8738,0,0.0
P0564,6,1,1,1,0.5262,0,0.0
P0564,7,1,1,1,0.5337,0,0.0
P0564,8,1,1,1,0.681,0,0.0
P0564,9,1,1,1,0.7607,0,0.0
P0564,10,1,1,1,0.5121,1,779.05
P0565,1,0,0,0,0.8161,0,0.0
P0565,2,0,0,0,0.7288,0,0.0
P0565,3,0,0,0,0.661,0,0.0
P0565,4,0,0,0,0.8137,0,0.0
P0565,5,0,0,0,0.9798,0,0.0
P0565,6,0,0,0,0.6546,0,0.0
P0565,7,0,0,0,0.9573,0,0.0
P0565,8,0,0,0,0.5658,0,0.0
P0565,9,0,0,0,0.6499,0,0.0
P0565,10,0,0,0,0.9047,0,0.0
P0566,1,1,0,1,0.6422,0,0.0
P0566,2,1,0,1,0.8269,0,0.0
P0566,3,1,0,1,0.7884,1,475.79
P0566,4,1,0,1,0.7188,1,450.94
P0566,5,1,0,1,0.5605,0,0.0
P0566,6,1,0,1,0.5754,0,0.0
P0566,7,1,0,1,0.7495,0,0.0
P0566,8,1,0,1,0.8913,0,0.0
P0566,9,1,0,1,0.9436,0,0.0
P0566,10,1,0,1,0.9865,0,0.0
P0567,1,0,0,1,0.8364,0,0.0
P0567,2,0,0,1,0.9382,0,0.0
P0567,3,0,0,1,0.628,0,0.0
P0567,4,0,0,1,0.7525,0,0.0
P0567,5,0,0,1,0.5998,0,0.0
P0567,6,0,0,1,0.5305,0,0.0
P0567,7,0,0,1,0.8878,0,0.0
P0567,8,0,0,1,0.8901,0,0.0
P0567,9,0,0,1,0.7457,0,0.0
P0567,10,0,0,1,0.5193,0,0.0
P0568,1,0,1,0,0.9578,0,0.0
P0568,2,0,1,0,0.6768,0,0.0
P0568,3,0,1,0,0.8145,0,0.0
P0568,4,0,1,0,0.7301,0,0.0
P0568,5,0,1,0,0.7075,0,0.0
P0568,6,0,1,0,0.6519,0,0.0
P0568,7,0,1,0,0.8132,0,0.0
P0568,8,0,1,0,0.7525,0,0.0
P0568,9,0,1,0,0.5047,0,0.0
P0568,10,0,1,0,0.6183,0,0.0
P0569,1,1,0,0,0.9349,0,0.0
P0569,2,1,0,0,0.8429,0,0.0
P0569,3,1,0,0,0.5044,0,0.0
P0569,4,1,0,0,0.8302,0,0.0
P0569,5,1,0,0,0.9153,0,0.0
P0569,6,1,0,0,0.7626,0,0.0
P0569,7,1,0,0,0.7722,0,0.0
P0569,8,1,0,0,0.5169,0,0.0
P0569,9,1,0,0,0.9317,0,0.0
P0569,10,1,0,0,0.6798,0,0.0
P0570,1,0,0,1,0.7003,0,0.0
P0570,2,0,0,1,0.5142,0,0.0
P0570,3,0,0,1,0.847,0,0.0
P0570,4,0,0,1,0.9038,0,0.0
P0570,5,0,0,1,0.7191,0,0.0
P0570,6,0,0,1,0.5829,0,0.0
P0570,7,0,0,1,0.8562,0,0.0
P0570,8,0,0,1,0.7718,1,1143.89
P0570,9,0,0,1,0.6667,0,0.0
P0570,10,0,0,1,0.9688,0,0.0
P0571,1,1,1,1,0.7129,0,0.0
P0571,2,1,1,1,0.7961,0,0.0
P0571,3,1,1,1,0.9484,0,0.0
P0571,4,1,1,1,0.9893,0,0.0
P0571,5,1,1,1,0.7513,0,0.0
P0571,6,1,1,1,0.6754,0,0.0
P0571,7,1,1,1,0.6168,0,0.0
P0571,8,1,1,1,0.8064,2,1427.8
P0571,9,1,1,1,0.7544,1,1190.98
P0571,10,1,1,1,0.7372,0,0.0
P0572,1,0,0,1,0.8037,1,1039.63
P0572,2,0,0,1,0.8464,1,1085.54
P0572,3,0,0,1,0.7761,0,0.0
P0572,4,0,0,1,0.8226,0,0.0
P0572,5,0,0,1,0.6585,1,540.0
P0572,6,0,0,1,0.5625,0,0.0
P0572,7,0,0,1,0.6698,0,0.0
P0572,8,0,0,1,0.9889,0,0.0
P0572,9,0,0,1,0.7082,0,0.0
P0572,10,0,0,1,0.6298,0,0.0
P0573,1,0,1,0,0.8466,0,0.0
P0573,2,0,1,0,0.752,0,0.0
P0573,3,0,1,0,0.9997,0,0.0
P0573,4,0,1,0,0.7543,0,0.0
P0573,5,0,1,0,0.5116,0,0.0
P0573,6,0,1,0,0.9506,0,0.0
P0573,7,0,1,0,0.855,0,0.0
P0573,8,0,1,0,0.7711,2,1972.36
P0573,9,0,1,0,0.9534,0,0.0
P0573,10,0,1,0,0.9401,0,0.0
P0574,1,0,0,0,0.5721,0,0.0
P0574,2,0,0,0,0.6774,0,0.0
P0574,3,0,0,0,0.9502,0,0.0
P0574,4,0,0,0,0.5906,0,0.0
P0574,5,0,0,0,0.5968,0,0.0
P0574,6,0,0,0,0.9344,0,0.0
P0574,7,0,0,0,0.5581,0,0.0
P0574,8,0,0,0,0.7637,0,0.0
P0574,9,0,0,0,0.8599,0,0.0
P0574,10,0,0,0,0.9356,0,0.0
P0575,1,0,0,0,0.6968,0,0.0
P0575,2,0,0,0,0.6092,0,0.0
P0575,3,0,0,0,0.9706,0,0.0
P0575,4,0,0,0,0.9303,0,0.0
P0575,5,0,0,0,0.8008,0,0.0
P0575,6,0,0,0,0.9645,0,0.0
P0575,7,0,0,0,0.5731,0,0.0
P0575,8,0,0,0,0.604,0,0.0
P0575,9,0,0,0,0.9077,0,0.0
P0575,10,0,0,0,0.5971,1,860.25
P0576,1,1,0,0,0.6787,1,1559.75
P0576,2,1,0,0,0.6988,0,0.0
P0576,3,1,0,0,0.947,0,0.0
P0576,4,1,0,0,0.6142,0,0.0
P0576,5,1,0,0,0.9142,0,0.0
P0576,6,1,0,0,0.5078,0,0.0
P0576,7,1,0,0,0.5096,0,0.0
P0576,8,1,0,0,0.6798,1,357.92
P0576,9,1,0,0,0.5607,0,0.0
P0576,10,1,0,0,0.5658,0,0.0
P0577,1,1,0,1,0.5186,0,0.0
P0577,2,1,0,1,0.9224,0,0.0
P0577,3,1,0,1,0.923,0,0.0
P0577,4,1,0,1,0.6755,1,910.85
P0577,5,1,0,1,0.6236,0,0.0
P0577,6,1,0,1,0.7468,1,453.17
P0577,7,1,0,1,0.5561,0,0.0
P0577,8,1,0,1,0.7617,1,862.9
P0577,9,1,0,1,0.9548,0,0.0
P0577,10,1,0,1,0.7339,1,994.98
P0578,1,1,1,0,0.7381,0,0.0
P0578,2,1,1,0,0.9255,0,0.0
P0578,3,1,1,0,0.5874,0,0.0
P0578,4,1,1,0,0.5029,0,0.0
P0578,5,1,1,0,0.9039,0,0.0
P0578,6,1,1,0,0.5057,0,0.0
P0578,7,1,1,0,0.9268,0,0.0
P0578,8,1,1,0,0.7238,1,1236.26
P0578,9,1,1,0,0.5201,0,0.0
P0578,10,1,1,0,0.5938,1,1586.0
P0579,1,0,0,1,0.7022,0,0.0
P0579,2,0,0,1,0.9032,0,0.0
P0579,3,0,0,1,0.996,0,0.0
P0579,4,0,0,1,0.7364,0,0.0
P0579,5,0,0,1,0.7654,0,0.0
P0579,6,0,0,1,0.9268,0,0.0
P0579,7,0,0,1,0.6537,0,0.0
P0579,8,0,0,1,0.5486,0,0.0
P0579,9,0,0,1,0.5787,0,0.0
P0579,10,0,0,1,0.5846,0,0.0
P0580,1,0,0,0,0.7561,1,610.12
P0580,2,0,0,0,0.5942,0,0.0
P0580,3,0,0,0,0.8693,0,0.0
P0580,4,0,0,0,0.5848,0,0.0
P0580,5,0,0,0,0.918,0,0.0
P0580,6,0,0,0,0.546,0,0.0
P0580,7,0,0,0,0.8237,0,0.0
P0580,8,0,0,0,0.9577,1,989.91
P0580,9,0,0,0,0.8763,0,0.0
P0580,10,0,0,0,0.8842,0,0.0
P0581,1,0,1,1,0.8681,1,957.52
P0581,2,0,1,1,0.6767,0,0.0
P0581,3,0,1,1,0.8638,1,375.48
P0581,4,0,1,1,0.6104,0,0.0
P0581,5,0,1,1,0.9964,0,0.0
P0581,6,0,1,1,0.5864,1,797.35
P0581,7,0,1,1,0.5604,1,760.1
P0581,8,0,1,1,0.6177,0,0.0
P0581,9,0,1,1,0.8889,0,0.0
P0581,10,0,1,1,0.5674,0,0.0
P0582,1,0,1,1,0.5189,0,0.0
P0582,2,0,1,1,0.7964,1,862.17
P0582,3,0,1,1,0.92,1,999.55
P0582,4,0,1,1,0.9829,0,0.0
P0582,5,0,1,1,0.9078,0,0.0
P0582,6,0,1,1,0.7506,0,0.0
P0582,7,0,1,1,0.6685,0,0.0
P0582,8,0,1,1,0.7839,0,0.0
P0582,9,0,1,1,0.5787,1,776.1
P0582,10,0,1,1,0.751,0,0.0
P0583,1,0,1,1,0.5439,0,0.0
P0583,2,0,1,1,0.6807,0,0.0
P0583,3,0,1,1,0.8544,0,0.0
P0583,4,0,1,1,0.702,0,0.0
P0583,5,0,1,1,0.7166,0,0.0
P0583,6,0,1,1,0.72,1,741.72
P0583,7,0,1,1,0.5191,0,0.0
P0583,8,0,1,1,0.8626,0,0.0
P0583,9,0,1,1,0.926,1,1362.31
P0583,10,0,1,1,0.557,0,0.0
P0584,1,0,1,1,0.7114,2,950.37
P0584,2,0,1,1,0.5174,0,0.0
P0584,3,0,1,1,0.5562,0,0.0
P0584,4,0,1,1,0.7912,0,0.0
P0584,5,0,1,1,0.9564,0,0.0
P0584,6,0,1,1,0.6297,1,1003.99
P0584,7,0,1,1,0.7587,0,0.0
P0584,8,0,1,1,0.9397,0,0.0
P0584,9,0,1,1,0.5433,0,0.0
P0584,10,0,1,1,0.6222,0,0.0
P0585,1,1,1,0,0.7355,0,0.0
P0585,2,1,1,0,0.6124,0,0.0
P0585,3,1,1,0,0.6038,0,0.0
P0585,4,1,1,0,0.52,0,0.0
P0585,5,1,1,0,0.8558,0,0.0
P0585,6,1,1,0,0.6945,0,0.0
P0585,7,1,1,0,0.8991,0,0.0
P0585,8,1,1,0,0.7873,0,0.0
P0585,9,1,1,0,0.614,0,0.0
P0585,10,1,1,0,0.5996,0,0.0
P0586,1,0,0,0,0.5268,0,0.0
P0586,2,0,0,0,0.9985,1,1181.19
P0586,3,0,0,0,0.6208,0,0.0
P0586,4,0,0,0,0.6779,0,0.0
P0586,5,0,0,0,0.8651,1,336.62
P0586,6,0,0,0,0.8381,0,0.0
P0586,7,0,0,0,0.7144,0,0.0
P0586,8,0,0,0,0.8747,0,0.0
P0586,9,0,0,0,0.8137,0,0.0
P0586,10,0,0,0,0.9759,0,0.0
P0587,1,1,0,0,0.9651,1,765.9
P0587,2,1,0,0,0.7282,0,0.0
P0587,3,1,0,0,0.6726,0,0.0
P0587,4,1,0,0,0.814,0,0.0
P0587,5,1,0,0,0.9273,0,0.0
P0587,6,1,0,0,0.7378,0,0.0
P0587,7,1,0,0,0.601,0,0.0
P0587,8,1,0,0,0.6902,0,0.0
P0587,9,1,0,0,0.9222,0,0.0
P0587,10,1,0,0,0.8575,1,941.36
P0588,1,0,1,1,0.5782,0,0.0
P0588,2,0,1,1,0.7345,0,0.0
P0588,3,0,1,1,0.5342,0,0.0
P0588,4,0,1,1,0.5575,0,0.0
P0588,5,0,1,1,0.5956,0,0.0
P0588,6,0,1,1,0.6819,1,527.88
P0588,7,0,1,1,0.6274,0,0.0
P0588,8,0,1,1,0.6996,0,0.0
P0588,9,0,1,1,0.8378,1,1265.17
P0588,10,0,1,1,0.5338,0,0.0
P0589,1,0,1,0,0.8742,0,0.0
P0589,2,0,1,0,0.509,0,0.0
P0589,3,0,1,0,0.6595,0,0.0
P0589,4,0,1,0,0.7892,1,1419.98
P0589,5,0,1,0,0.9909,0,0.0
P0589,6,0,1,0,0.5105,0,0.0
P0589,7,0,1,0,0.5818,0,0.0
P0589,8,0,1,0,0.798,0,0.0
P0589,9,0,1,0,0.6833,0,0.0
P0589,10,0,1,0,0.5901,0,0.0
P0590,1,0,1,0,0.7423,2,1445.9
P0590,2,0,1,0,0.5049,0,0.0
P0590,3,0,1,0,0.5108,0,0.0
P0590,4,0,1,0,0.6863,0,0.0
P0590,5,0,1,0,0.722,0,0.0
P0590,6,0,1,0,0.8844,0,0.0
P0590,7,0,1,0,0.6517,0,0.0
P0590,8,0,1,0,0.6171,0,0.0
P0590,9,0,1,0,0.5774,0,0.0
P0590,10,0,1,0,0.5823,0,0.0
P0591,1,0,1,1,0.9112,1,474.97
P0591,2,0,1,1,0.6189,0,0.0
P0591,3,0,1,1,0.9541,0,0.0
P0591,4,0,1,1,0.5034,1,1033.13
P0591,5,0,1,1,0.5066,0,0.0
P0591,6,0,1,1,0.5512,0,0.0
P0591,7,0,1,1,0.9161,1,828.79
P0591,8,0,1,1,0.5741,0,0.0
P0591,9,0,1,1,0.8794,0,0.0
P0591,10,0,1,1,0.7403,0,0.0
P0592,1,0,1,0,0.7366,0,0.0
P0592,2,0,1,0,0.5719,0,0.0
P0592,3,0,1,0,0.54,1,802.5
P0592,4,0,1,0,0.6126,0,0.0
P0592,5,0,1,0,0.7232,1,870.9
P0592,6,0,1,0,0.6438,0,0.0
P0592,7,0,1,0,0.8365,0,0.0
P0592,8,0,1,0,0.8863,0,0.0
P0592,9,0,1,0,0.9811,1,767.69
P0592,10,0,1,0,0.7774,1,1004.67
P0593,1,1,1,0,0.7278,0,0.0
P0593,2,1,1,0,0.7846,1,375.24
P0593,3,1,1,0,0.883,3,2525.82
P0593,4,1,1,0,0.7528,0,0.0
P0593,5,1,1,0,0.5572,0,0.0
P0593,6,1,1,0,0.9256,1,368.55
P0593,7,1,1,0,0.958,2,1921.01
P0593,8,1,1,0,0.8565,0,0.0
P0593,9,1,1,0,0.6542,0,0.0
P0593,10,1,1,0,0.7338,0,0.0
P0594,1,0,0,0,0.8256,0,0.0
P0594,2,0,0,0,0.9623,0,0.0
P0594,3,0,0,0,0.5494,1,1646.75
P0594,4,0,0,0,0.5612,0,0.0
P0594,5,0,0,0,0.9381,0,0.0
P0594,6,0,0,0,0.5494,0,0.0
P0594,7,0,0,0,0.7401,0,0.0
P0594,8,0,0,0,0.6698,0,0.0
P0594,9,0,0,0,0.5393,0,0.0
P0594,10,0,0,0,0.9495,0,0.0
P0595,1,1,1,0,0.8956,0,0.0
P0595,2,1,1,0,0.7866,1,1145.65
P0595,3,1,1,0,0.96,1,1813.99
P0595,4,1,1,0,0.5327,0,0.0
P0595,5,1,1,0,0.66,1,808.57
P0595,6,1,1,0,0.7167,0,0.0
P0595,7,1,1,0,0.5492,1,556.09
P0595,8,1,1,0,0.8129,0,0.0
P0595,9,1,1,0,0.5928,0,0.0
P0595,10,1,1,0,0.8501,0,0.0
P0596,1,0,0,1,0.7459,0,0.0
P0596,2,0,0,1,0.9787,1,540.3
P0596,3,0,0,1,0.6569,0,0.0
P0596,4,0,0,1,0.6541,0,0.0
P0596,5,0,0,1,0.816,0,0.0
P0596,6,0,0,1,0.8303,0,0.0
P0596,7,0,0,1,0.8174,0,0.0
P0596,8,0,0,1,0.5367,0,0.0
P0596,9,0,0,1,0.6592,0,0.0
P0596,10,0,0,1,0.7579,0,0.0
P0597,1,1,0,1,0.9997,0,0.0
P0597,2,1,0,1,0.6202,0,0.0
P0597,3,1,0,1,0.9391,1,985.88
P0597,4,1,0,1,0.5169,0,0.0
P0597,5,1,0,1,0.7647,0,0.0
P0597,6,1,0,1,0.6075,1,816.13
P0597,7,1,0,1,0.7193,0,0.0
P0597,8,1,0,1,0.7092,0,0.0
P0597,9,1,0,1,0.6378,0,0.0
P0597,10,1,0,1,0.5238,0,0.0
P0598,1,0,1,1,0.7422,0,0.0
P0598,2,0,1,1,0.8495,0,0.0
P0598,3,0,1,1,0.9246,1,1071.32
P0598,4,0,1,1,0.8877,0,0.0
P0598,5,0,1,1,0.5561,0,0.0
P0598,6,0,1,1,0.6808,1,952.61
P0598,7,0,1,1,0.9766,1,1234.21
P0598,8,0,1,1,0.7204,0,0.0
P0598,9,0,1,1,0.6539,0,0.0
P0598,10,0,1,1,0.6395,0,0.0
P0599,1,0,0,0,0.6143,0,0.0
P0599,2,0,0,0,0.7922,0,0.0
P0599,3,0,0,0,0.9588,0,0.0
P0599,4,0,0,0,0.7562,0,0.0
P0599,5,0,0,0,0.8808,0,0.0
P0599,6,0,0,0,0.9454,1,777.39
P0599,7,0,0,0,0.7253,0,0.0
P0599,8,0,0,0,0.8124,0,0.0
P0599,9,0,0,0,0.9639,0,0.0
P0599,10,0,0,0,0.5753,0,0.0
P0600,1,0,1,1,0.908,0,0.0
P0600,2,0,1,1,0.5183,1,969.01
P0600,3,0,1,1,0.6396,0,0.0
P0600,4,0,1,1,0.5136,0,0.0
P0600,5,0,1,1,0.9171,1,944.42
P0600,6,0,1,1,0.8915,0,0.0
P0600,7,0,1,1,0.9261,0,0.0
P0600,8,0,1,1,0.5289,1,623.05
P0600,9,0,1,1,0.6782,0,0.0
P0600,10,0,1,1,0.7899,1,636.41
P0601,1,0,0,1,0.8739,0,0.0
P0601,2,0,0,1,0.8727,0,0.0
P0601,3,0,0,1,0.8236,0,0.0
P0601,4,0,0,1,0.6081,0,0.0
P0601,5,0,0,1,0.8435,0,0.0
P0601,6,0,0,1,0.6032,0,0.0
P0601,7,0,0,1,0.8597,0,0.0
P0601,8,0,0,1,0.7922,0,0.0
P0601,9,0,0,1,0.7602,0,0.0
P0601,10,0,0,1,0.8826,0,0.0
P0602,1,0,0,1,0.6878,0,0.0
P0602,2,0,0,1,0.6621,0,0.0
P0602,3,0,0,1,0.6897,0,0.0
P0602,4,0,0,1,0.544,0,0.0
P0602,5,0,0,1,0.7157,0,0.0
P0602,6,0,0,1,0.5065,1,1045.95
P0602,7,0,0,1,0.6753,0,0.0
P0602,8,0,0,1,0.7858,0,0.0
P0602,9,0,0,1,0.6574,0,0.0
P0602,10,0,0,1,0.7894,0,0.0
P0603,1,0,1,1,0.7908,1,812.76
P0603,2,0,1,1,0.7363,1,946.63
P0603,3,0,1,1,0.7231,0,0.0
P0603,4,0,1,1,0.8181,0,0.0
P0603,5,0,1,1,0.8052,0,0.0
P0603,6,0,1,1,0.6587,0,0.0
P0603,7,0,1,1,0.9703,0,0.0
P0603,8,0,1,1,0.5656,2,2308.39
P0603,9,0,1,1,0.9131,0,0.0
P0603,10,0,1,1,0.9175,0,0.0
P0604,1,1,1,1,0.932,0,0.0
P0604,2,1,1,1,0.8764,0,0.0
P0604,3,1,1,1,0.8306,0,0.0
P0604,4,1,1,1,0.8454,1,435.83
P0604,5,1,1,1,0.7168,0,0.0
P0604,6,1,1,1,0.582,0,0.0
P0604,7,1,1,1,0.7853,0,0.0
P0604,8,1,1,1,0.8476,2,1429.85
P0604,9,1,1,1,0.5473,0,0.0
P0604,10,1,1,1,0.5838,2,1567.34
P0605,1,0,1,0,0.7035,0,0.0
P0605,2,0,1,0,0.5533,1,694.77
P0605,3,0,1,0,0.8501,1,584.12
P0605,4,0,1,0,0.7697,1,1215.81
P0605,5,0,1,0,0.7643,0,0.0
P0605,6,0,1,0,0.5133,0,0.0
P0605,7,0,1,0,0.9685,0,0.0
P0605,8,0,1,0,0.8691,2,1284.58
P0605,9,0,1,0,0.7745,0,0.0
P0605,10,0,1,0,0.6013,0,0.0
P0606,1,0,1,0,0.9876,0,0.0
P0606,2,0,1,0,0.5509,1,699.5
P0606,3,0,1,0,0.551,0,0.0
P0606,4,0,1,0,0.8976,0,0.0
P0606,5,0,1,0,0.5574,1,621.34
P0606,6,0,1,0,0.7368,1,858.97
P0606,7,0,1,0,0.9663,0,0.0
P0606,8,0,1,0,0.9805,1,1197.3
P0606,9,0,1,0,0.998,0,0.0
P0606,10,0,1,0,0.6382,0,0.0
P0607,1,0,1,1,0.6881,0,0.0
P0607,2,0,1,1,0.9065,3,2433.92
P0607,3,0,1,1,0.9565,1,969.24
P0607,4,0,1,1,0.6052,0,0.0
P0607,5,0,1,1,0.7148,1,1058.34
P0607,6,0,1,1,0.7548,0,0.0
P0607,7,0,1,1,0.9393,0,0.0
P0607,8,0,1,1,0.6174,1,677.63
P0607,9,0,1,1,0.7992,1,425.02
P0607,10,0,1,1,0.8388,1,457.25
P0608,1,0,1,0,0.7317,0,0.0
P0608,2,0,1,0,0.7877,0,0.0
P0608,3,0,1,0,0.6557,0,0.0
P0608,4,0,1,0,0.8872,0,0.0
P0608,5,0,1,0,0.6248,0,0.0
P0608,6,0,1,0,0.6238,0,0.0
P0608,7,0,1,0,0.721,0,0.0
P0608,8,0,1,0,0.9985,2,1876.83
P0608,9,0,1,0,0.917,0,0.0
P0608,10,0,1,0,0.7809,1,649.5
P0609,1,0,0,0,0.5238,0,0.0
P0609,2,0,0,0,0.6443,1,615.7
P0609,3,0,0,0,0.7312,0,0.0
P0609,4,0,0,0,0.8912,0,0.0
P0609,5,0,0,0,0.5962,0,0.0
P0609,6,0,0,0,0.663,0,0.0
P0609,7,0,0,0,0.5522,0,0.0
P0609,8,0,0,0,0.7105,0,0.0
P0609,9,0,0,0,0.69,0,0.0
P0609,10,0,0,0,0.55,0,0.0
P0610,1,0,1,1,0.8868,0,0.0
P0610,2,0,1,1,0.6832,0,0.0
P0610,3,0,1,1,0.8605,1,937.38
P0610,4,0,1,1,0.8662,2,1181.16
P0610,5,0,1,1,0.6051,0,0.0
P0610,6,0,1,1,0.5239,0,0.0
P0610,7,0,1,1,0.7685,0,0.0
P0610,8,0,1,1,0.896,0,0.0
P0610,9,0,1,1,0.8622,0,0.0
P0610,10,0,1,1,0.7393,0,0.0
P0611,1,1,1,1,0.8818,0,0.0
P0611,2,1,1,1,0.9187,1,1320.57
P0611,3,1,1,1,0.5426,0,0.0
P0611,4,1,1,1,0.7701,0,0.0
P0611,5,1,1,1,0.5545,0,0.0
P0611,6,1,1,1,0.5935,0,0.0
P0611,7,1,1,1,0.6354,0,0.0
P0611,8,1,1,1,0.7408,1,1396.62
P0611,9,1,1,1,0.5688,0,0.0
P0611,10,1,1,1,0.9406,0,0.0
P0612,1,0,0,1,0.6662,0,0.0
P0612,2,0,0,1,0.5389,1,699.56
P0612,3,0,0,1,0.9593,0,0.0
P0612,4,0,0,1,0.5096,0,0.0
P0612,5,0,0,1,0.8863,0,0.0
P0612,6,0,0,1,0.756,0,0.0
P0612,7,0,0,1,0.793,0,0.0
P0612,8,0,0,1,0.6183,0,0.0
P0612,9,0,0,1,0.9235,0,0.0
P0612,10,0,0,1,0.8499,1,810.04
P0613,1,0,1,1,0.5228,0,0.0
P0613,2,0,1,1,0.8207,0,0.0
P0613,3,0,1,1,0.7547,0,0.0
P0613,4,0,1,1,0.8274,0,0.0
P0613,5,0,1,1,0.7108,0,0.0
P0613,6,0,1,1,0.6925,0,0.0
P0613,7,0,1,1,0.612,0,0.0
P0613,8,0,1,1,0.8934,1,902.79
P0613,9,0,1,1,0.7356,1,886.41
P0613,10,0,1,1,0.721,0,0.0
P0614,1,0,0,0,0.5442,0,0.0
P0614,2,0,0,0,0.9966,0,0.0
P0614,3,0,0,0,0.7553,0,0.0
P0614,4,0,0,0,0.9978,0,0.0
P0614,5,0,0,0,0.6306,0,0.0
P0614,6,0,0,0,0.8056,0,0.0
P0614,7,0,0,0,0.5749,0,0.0
P0614,8,0,0,0,0.9311,0,0.0
P0614,9,0,0,0,0.8202,0,0.0
P0614,10,0,0,0,0.8417,0,0.0
P0615,1,0,1,1,0.7928,1,923.92
P0615,2,0,1,1,0.7221,0,0.0
P0615,3,0,1,1,0.5887,0,0.0
P0615,4,0,1,1,0.9799,1,733.24
P0615,5,0,1,1,0.5839,0,0.0
P0615,6,0,1,1,0.6316,1,1005.25
P0615,7,0,1,1,0.9439,0,0.0
P0615,8,0,1,1,0.9959,1,349.86
P0615,9,0,1,1,0.7772,0,0.0
P0615,10,0,1,1,0.746,0,0.0
P0616,1,0,1,0,0.8661,0,0.0
P0616,2,0,1,0,0.5716,0,0.0
P0616,3,0,1,0,0.7816,0,0.0
P0616,4,0,1,0,0.5613,0,0.0
P0616,5,0,1,0,0.7236,1,385.92
P0616,6,0,1,0,0.9299,1,501.71
P0616,7,0,1,0,0.7462,0,0.0
P0616,8,0,1,0,0.746,0,0.0
P0616,9,0,1,0,0.6212,0,0.0
P0616,10,0,1,0,0.5636,0,0.0
P0617,1,1,1,0,0.5381,0,0.0
P0617,2,1,1,0,0.6118,0,0.0
P0617,3,1,1,0,0.6336,0,0.0
P0617,4,1,1,0,0.902,1,533.4
P0617,5,1,1,0,0.8176,0,0.0
P0617,6,1,1,0,0.9504,0,0.0
P0617,7,1,1,0,0.6141,0,0.0
P0617,8,1,1,0,0.826,0,0.0
P0617,9,1,1,0,0.9453,0,0.0
P0617,10,1,1,0,0.7684,0,0.0
P0618,1,0,1,0,0.629,0,0.0
P0618,2,0,1,0,0.516,1,668.86
P0618,3,0,1,0,0.547,0,0.0
P0618,4,0,1,0,0.8305,0,0.0
P0618,5,0,1,0,0.8189,1,629.41
P0618,6,0,1,0,0.8105,0,0.0
P0618,7,0,1,0,0.9702,0,0.0
P0618,8,0,1,0,0.803,0,0.0
P0618,9,0,1,0,0.75,1,580.05
P0618,10,0,1,0,0.8604,0,0.0
P0619,1,0,1,0,0.8225,0,0.0
P0619,2,0,1,0,0.6195,0,0.0
P0619,3,0,1,0,0.6714,0,0.0
P0619,4,0,1,0,0.8818,0,0.0
P0619,5,0,1,0,0.56,0,0.0
P0619,6,0,1,0,0.8145,0,0.0
P0619,7,0,1,0,0.9017,1,866.61
P0619,8,0,1,0,0.7045,0,0.0
P0619,9,0,1,0,0.9085,0,0.0
P0619,10,0,1,0,0.5799,0,0.0
P0620,1,0,1,1,0.8465,0,0.0
P0620,2,0,1,1,0.5801,0,0.0
P0620,3,0,1,1,0.7861,0,0.0
P0620,4,0,1,1,0.631,0,0.0
P0620,5,0,1,1,0.7398,1,958.13
P0620,6,0,1,1,0.7362,0,0.0
P0620,7,0,1,1,0.8522,0,0.0
P0620,8,0,1,1,0.9232,1,1196.74
P0620,9,0,1,1,0.9309,0,0.0
P0620,10,0,1,1,0.9769,0,0.0
P0621,1,0,1,0,0.8019,1,817.5
P0621,2,0,1,0,0.953,0,0.0
P0621,3,0,1,0,0.9553,0,0.0
P0621,4,0,1,0,0.6964,0,0.0
P0621,5,0,1,0,0.5929,0,0.0
P0621,6,0,1,0,0.6483,1,734.67
P0621,7,0,1,0,0.6731,0,0.0
P0621,8,0,1,0,0.927,0,0.0
P0621,9,0,1,0,0.8963,0,0.0
P0621,10,0,1,0,0.9862,0,0.0
P0622,1,0,1,0,0.9339,1,593.58
P0622,2,0,1,0,0.6075,0,0.0
P0622,3,0,1,0,0.6342,1,834.64
P0622,4,0,1,0,0.7954,0,0.0
P0622,5,0,1,0,0.5027,0,0.0
P0622,6,0,1,0,0.8914,0,0.0
P0622,7,0,1,0,0.5235,1,712.9
P0622,8,0,1,0,0.9897,0,0.0
P0622,9,0,1,0,0.5989,0,0.0
P0622,10,0,1,0,0.6526,0,0.0
P0623,1,1,0,0,0.7843,1,810.38
P0623,2,1,0,0,0.9305,0,0.0
P0623,3,1,0,0,0.6445,0,0.0
P0623,4,1,0,0,0.957,1,1265.14
P0623,5,1,0,0,0.7709,0,0.0
P0623,6,1,0,0,0.9829,0,0.0
P0623,7,1,0,0,0.7167,1,1345.35
P0623,8,1,0,0,0.8999,1,1189.4
P0623,9,1,0,0,0.9606,0,0.0
P0623,10,1,0,0,0.5588,0,0.0
P0624,1,0,0,1,0.7832,0,0.0
P0624,2,0,0,1,0.8701,0,0.0
P0624,3,0,0,1,0.7329,1,1267.39
P0624,4,0,0,1,0.858,0,0.0
P0624,5,0,0,1,0.6769,1,1466.57
P0624,6,0,0,1,0.9482,0,0.0
P0624,7,0,0,1,0.8136,0,0.0
P0624,8,0,0,1,0.9961,0,0.0
P0624,9,0,0,1,0.8863,0,0.0
P0624,10,0,0,1,0.876,0,0.0
P0625,1,1,1,0,0.9528,0,0.0
P0625,2,1,1,0,0.7646,1,631.22
P0625,3,1,1,0,0.8214,1,1132.34
P0625,4,1,1,0,0.8652,0,0.0
P0625,5,1,1,0,0.996,0,0.0
P0625,6,1,1,0,0.7504,1,975.07
P0625,7,1,1,0,0.7818,1,487.24
P0625,8,1,1,0,0.8713,0,0.0
P0625,9,1,1,0,0.9341,0,0.0
P0625,10,1,1,0,0.7206,0,0.0
P0626,1,0,1,1,0.8389,0,0.0
P0626,2,0,1,1,0.5147,0,0.0
P0626,3,0,1,1,0.7457,0,0.0
P0626,4,0,1,1,0.5141,0,0.0
P0626,5,0,1,1,0.9205,0,0.0
P0626,6,0,1,1,0.6377,1,1258.35
P0626,7,0,1,1,0.8645,0,0.0
P0626,8,0,1,1,0.879,0,0.0
P0626,9,0,1,1,0.5207,0,0.0
P0626,10,0,1,1,0.734,0,0.0
P0627,1,1,1,0,0.5828,1,677.29
P0627,2,1,1,0,0.6952,1,528.01
P0627,3,1,1,0,0.8979,0,0.0
P0627,4,1,1,0,0.7878,0,0.0
P0627,5,1,1,0,0.5914,0,0.0
P0627,6,1,1,0,0.6131,0,0.0
P0627,7,1,1,0,0.8807,1,614.66
P0627,8,1,1,0,0.5088,0,0.0
P0627,9,1,1,0,0.7928,0,0.0
P0627,10,1,1,0,0.7171,0,0.0
P0628,1,0,1,0,0.6988,0,0.0
P0628,2,0,1,0,0.7781,0,0.0
P0628,3,0,1,0,0.9846,0,0.0
P0628,4,0,1,0,0.7802,0,0.0
P0628,5,0,1,0,0.998,0,0.0
P0628,6,0,1,0,0.9409,1,722.03
P0628,7,0,1,0,0.7068,1,885.24
P0628,8,0,1,0,0.7618,0,0.0
P0628,9,0,1,0,0.8247,0,0.0
P0628,10,0,1,0,0.9789,0,0.0
P0629,1,0,0,1,0.5293,0,0.0
P0629,2,0,0,1,0.5171,0,0.0
P0629,3,0,0,1,0.8421,0,0.0
P0629,4,0,0,1,0.9909,1,1021.86
P0629,5,0,0,1,0.9981,1,657.99
P0629,6,0,0,1,0.9742,1,1509.07
P0629,7,0,0,1,0.5849,0,0.0
P0629,8,0,0,1,0.5314,0,0.0
P0629,9,0,0,1,0.9201,1,556.84
P0629,10,0,0,1,0.8995,0,0.0
P0630,1,0,0,1,0.7332,0,0.0
P0630,2,0,0,1,0.7702,0,0.0
P0630,3,0,0,1,0.7268,0,0.0
P0630,4,0,0,1,0.564,0,0.0
P0630,5,0,0,1,0.9273,0,0.0
P0630,6,0,0,1,0.9448,0,0.0
P0630,7,0,0,1,0.8395,0,0.0
P0630,8,0,0,1,0.672,0,0.0
P0630,9,0,0,1,0.6681,0,0.0
P0630,10,0,0,1,0.5609,0,0.0
P0631,1,1,1,0,0.5544,0,0.0
P0631,2,1,1,0,0.6934,0,0.0
P0631,3,1,1,0,0.5171,0,0.0
P0631,4,1,1,0,0.9322,0,0.0
P0631,5,1,1,0,0.6309,1,900.7
P0631,6,1,1,0,0.6493,0,0.0
P0631,7,1,1,0,0.6279,0,0.0
P0631,8,1,1,0,0.8368,0,0.0
P0631,9,1,1,0,0.5165,0,0.0
P0631,10,1,1,0,0.7569,0,0.0
P0632,1,1,1,0,0.6293,2,1811.38
P0632,2,1,1,0,0.7302,0,0.0
P0632,3,1,1,0,0.9481,0,0.0
P0632,4,1,1,0,0.5709,0,0.0
P0632,5,1,1,0,0.7754,1,736.46
P0632,6,1,1,0,0.9696,1,672.75
P0632,7,1,1,0,0.5628,0,0.0
P0632,8,1,1,0,0.579,0,0.0
P0632,9,1,1,0,0.9371,0,0.0
P0632,10,1,1,0,0.907,1,1381.11
P0633,1,0,1,0,0.5117,0,0.0
P0633,2,0,1,0,0.7436,0,0.0
P0633,3,0,1,0,0.6613,0,0.0
P0633,4,0,1,0,0.8967,0,0.0
P0633,5,0,1,0,0.6322,0,0.0
P0633,6,0,1,0,0.5884,0,0.0
P0633,7,0,1,0,0.6197,0,0.0
P0633,8,0,1,0,0.6431,0,0.0
P0633,9,0,1,0,0.5449,1,741.23
P0633,10,0,1,0,0.5256,0,0.0
P0634,1,0,0,1,0.5959,0,0.0
P0634,2,0,0,1,0.6004,0,0.0
P0634,3,0,0,1,0.8692,0,0.0
P0634,4,0,0,1,0.5646,0,0.0
P0634,5,0,0,1,0.8019,0,0.0
P0634,6,0,0,1,0.8953,0,0.0
P0634,7,0,0,1,0.7931,0,0.0
P0634,8,0,0,1,0.9732,0,0.0
P0634,9,0,0,1,0.9206,0,0.0
P0634,10,0,0,1,0.5098,0,0.0
P0635,1,0,0,0,0.8794,0,0.0
P0635,2,0,0,0,0.6054,0,0.0
P0635,3,0,0,0,0.5241,0,0.0
P0635,4,0,0,0,0.9555,0,0.0
P0635,5,0,0,0,0.7536,0,0.0
P0635,6,0,0,0,0.9466,0,0.0
P0635,7,0,0,0,0.5627,0,0.0
P0635,8,0,0,0,0.661,0,0.0
P0635,9,0,0,0,0.9252,0,0.0
P0635,10,0,0,0,0.5896,0,0.0
P0636,1,0,1,0,0.9643,0,0.0
P0636,2,0,1,0,0.6427,0,0.0
P0636,3,0,1,0,0.5391,1,913.63
P0636,4,0,1,0,0.6326,0,0.0
P0636,5,0,1,0,0.7877,0,0.0
P0636,6,0,1,0,0.8581,0,0.0
P0636,7,0,1,0,0.6278,0,0.0
P0636,8,0,1,0,0.887,0,0.0
P0636,9,0,1,0,0.6079,0,0.0
P0636,10,0,1,0,0.6645,0,0.0
P0637,1,1,1,1,0.9567,1,1242.86
P0637,2,1,1,1,0.5172,0,0.0
P0637,3,1,1,1,0.7476,0,0.0
P0637,4,1,1,1,0.5391,1,505.06
P0637,5,1,1,1,0.8197,0,0.0
P0637,6,1,1,1,0.622,1,802.76
P0637,7,1,1,1,0.9582,0,0.0
P0637,8,1,1,1,0.8851,0,0.0
P0637,9,1,1,1,0.8624,0,0.0
P0637,10,1,1,1,0.6866,0,0.0
P0638,1,0,1,0,0.9457,0,0.0
P0638,2,0,1,0,0.8344,2,1588.3
P0638,3,0,1,0,0.8748,0,0.0
P0638,4,0,1,0,0.9738,0,0.0
P0638,5,0,1,0,0.683,0,0.0
P0638,6,0,1,0,0.7241,0,0.0
P0638,7,0,1,0,0.5485,0,0.0
P0638,8,0,1,0,0.9966,1,592.73
P0638,9,0,1,0,0.7203,0,0.0
P0638,10,0,1,0,0.661,0,0.0
P0639,1,1,1,0,0.8358,0,0.0
P0639,2,1,1,0,0.9293,0,0.0
P0639,3,1,1,0,0.9653,0,0.0
P0639,4,1,1,0,0.8171,2,3014.29
P0639,5,1,1,0,0.8247,1,286.47
P0639,6,1,1,0,0.6801,0,0.0
P0639,7,1,1,0,0.6134,0,0.0
P0639,8,1,1,0,0.909,0,0.0
P0639,9,1,1,0,0.6938,0,0.0
P0639,10,1,1,0,0.7105,0,0.0
P0640,1,0,0,0,0.6233,0,0.0
P0640,2,0,0,0,0.6794,0,0.0
P0640,3,0,0,0,0.6093,0,0.0
P0640,4,0,0,0,0.5497,0,0.0
P0640,5,0,0,0,0.6472,0,0.0
P0640,6,0,0,0,0.6086,0,0.0
P0640,7,0,0,0,0.6924,0,0.0
P0640,8,0,0,0,0.571,1,681.16
P0640,9,0,0,0,0.9385,0,0.0
P0640,10,0,0,0,0.7962,0,0.0
P0641,1,0,0,1,0.5565,0,0.0
P0641,2,0,0,1,0.5535,0,0.0
P0641,3,0,0,1,0.751,1,823.55
P0641,4,0,0,1,0.6026,0,0.0
P0641,5,0,0,1,0.8282,0,0.0
P0641,6,0,0,1,0.9221,0,0.0
P0641,7,0,0,1,0.5598,1,771.72
P0641,8,0,0,1,0.6777,0,0.0
P0641,9,0,0,1,0.5401,0,0.0
P0641,10,0,0,1,0.5241,1,696.2
P0642,1,0,1,0,0.9595,0,0.0
P0642,2,0,1,0,0.7803,0,0.0
P0642,3,0,1,0,0.571,0,0.0
P0642,4,0,1,0,0.8007,0,0.0
P0642,5,0,1,0,0.9646,0,0.0
P0642,6,0,1,0,0.8407,0,0.0
P0642,7,0,1,0,0.5529,0,0.0
P0642,8,0,1,0,0.8267,0,0.0
P0642,9,0,1,0,0.6898,0,0.0
P0642,10,0,1,0,0.5226,0,0.0
P0643,1,0,1,0,0.9112,0,0.0
P0643,2,0,1,0,0.9591,0,0.0
P0643,3,0,1,0,0.5684,0,0.0
P0643,4,0,1,0,0.7473,0,0.0
P0643,5,0,1,0,0.5445,0,0.0
P0643,6,0,1,0,0.8302,0,0.0
P0643,7,0,1,0,0.6393,0,0.0
P0643,8,0,1,0,0.7049,0,0.0
P0643,9,0,1,0,0.5019,0,0.0
P0643,10,0,1,0,0.5139,1,884.8
P0644,1,0,0,0,0.9701,0,0.0
P0644,2,0,0,0,0.727,0,0.0
P0644,3,0,0,0,0.9435,1,789.46
P0644,4,0,0,0,0.564,0,0.0
P0644,5,0,0,0,0.6854,0,0.0
P0644,6,0,0,0,0.9224,0,0.0
P0644,7,0,0,0,0.9474,1,657.87
P0644,8,0,0,0,0.5959,0,0.0
P0644,9,0,0,0,0.868,0,0.0
P0644,10,0,0,0,0.8099,0,0.0
P0645,1,1,0,1,0.643,0,0.0
P0645,2,1,0,1,0.6852,0,0.0
P0645,3,1,0,1,0.9014,1,658.8
P0645,4,1,0,1,0.6448,0,0.0
P0645,5,1,0,1,0.8795,0,0.0
P0645,6,1,0,1,0.939,0,0.0
P0645,7,1,0,1,0.9873,1,734.72
P0645,8,1,0,1,0.5084,0,0.0
P0645,9,1,0,1,0.5785,0,0.0
P0645,10,1,0,1,0.6178,0,0.0
P0646,1,0,0,0,0.9505,0,0.0
P0646,2,0,0,0,0.9178,0,0.0
P0646,3,0,0,0,0.5239,0,0.0
P0646,4,0,0,0,0.7168,0,0.0
P0646,5,0,0,0,0.9632,0,0.0
P0646,6,0,0,0,0.7064,0,0.0
P0646,7,0,0,0,0.8354,0,0.0
P0646,8,0,0,0,0.704,0,0.0
P0646,9,0,0,0,0.813,0,0.0
P0646,10,0,0,0,0.6134,0,0.0
P0647,1,0,0,0,0.8475,0,0.0
P0647,2,0,0,0,0.8642,0,0.0
P0647,3,0,0,0,0.6921,0,0.0
P0647,4,0,0,0,0.7522,0,0.0
P0647,5,0,0,0,0.9412,0,0.0
P0647,6,0,0,0,0.8964,0,0.0
P0647,7,0,0,0,0.7382,0,0.0
P0647,8,0,0,0,0.7967,0,0.0
P0647,9,0,0,0,0.9078,1,1131.37
P0647,10,0,0,0,0.8501,0,0.0
P0648,1,0,0,1,0.5842,0,0.0
P0648,2,0,0,1,0.5198,1,603.78
P0648,3,0,0,1,0.9065,1,996.67
P0648,4,0,0,1,0.783,0,0.0
P0648,5,0,0,1,0.5718,1,569.06
P0648,6,0,0,1,0.5444,1,1015.73
P0648,7,0,0,1,0.7229,0,0.0
P0648,8,0,0,1,0.8093,0,0.0
P0648,9,0,0,1,0.8738,0,0.0
P0648,10,0,0,1,0.9662,0,0.0
P0649,1,1,1,1,0.6692,0,0.0
P0649,2,1,1,1,0.9725,0,0.0
P0649,3,1,1,1,0.8593,0,0.0
P0649,4,1,1,1,0.9661,1,946.36
P0649,5,1,1,1,0.824,0,0.0
P0649,6,1,1,1,0.818,0,0.0
P0649,7,1,1,1,0.7809,0,0.0
P0649,8,1,1,1,0.511,1,880.33
P0649,9,1,1,1,0.5726,1,953.08
P0649,10,1,1,1,0.8615,0,0.0
P0650,1,1,1,1,0.9829,0,0.0
P0650,2,1,1,1,0.9371,1,793.85
P0650,3,1,1,1,0.7632,0,0.0
P0650,4,1,1,1,0.5496,0,0.0
P0650,5,1,1,1,0.9939,1,897.53
P0650,6,1,1,1,0.7293,0,0.0
P0650,7,1,1,1,0.8724,0,0.0
P0650,8,1,1,1,0.6607,1,664.5
P0650,9,1,1,1,0.8527,0,0.0
P0650,10,1,1,1,0.5149,0,0.0
P0651,1,1,1,0,0.9849,0,0.0
P0651,2,1,1,0,0.6939,0,0.0
P0651,3,1,1,0,0.9274,0,0.0
P0651,4,1,1,0,0.5083,1,650.46
P0651,5,1,1,0,0.896,0,0.0
P0651,6,1,1,0,0.7534,0,0.0
P0651,7,1,1,0,0.5067,0,0.0
P0651,8,1,1,0,0.5326,1,579.65
P0651,9,1,1,0,0.6569,0,0.0
P0651,10,1,1,0,0.9912,0,0.0
P0652,1,1,0,0,0.5704,0,0.0
P0652,2,1,0,0,0.8082,2,1143.53
P0652,3,1,0,0,0.8969,0,0.0
P0652,4,1,0,0,0.7395,0,0.0
P0652,5,1,0,0,0.9085,1,762.09
P0652,6,1,0,0,0.6636,0,0.0
P0652,7,1,0,0,0.7125,0,0.0
P0652,8,1,0,0,0.8866,0,0.0
P0652,9,1,0,0,0.6468,0,0.0
P0652,10,1,0,0,0.6464,0,0.0
P0653,1,1,1,0,0.8313,0,0.0
P0653,2,1,1,0,0.9967,0,0.0
P0653,3,1,1,0,0.8548,1,796.34
P0653,4,1,1,0,0.7108,0,0.0
P0653,5,1,1,0,0.947,1,1275.34
P0653,6,1,1,0,0.5419,1,821.88
P0653,7,1,1,0,0.7137,0,0.0
P0653,8,1,1,0,0.9992,1,784.06
P0653,9,1,1,0,0.7788,1,519.83
P0653,10,1,1,0,0.605,0,0.0
P0654,1,0,0,0,0.6201,0,0.0
P0654,2,0,0,0,0.6935,0,0.0
P0654,3,0,0,0,0.9681,0,0.0
P0654,4,0,0,0,0.7647,1,461.83
P0654,5,0,0,0,0.501,0,0.0
P0654,6,0,0,0,0.9311,0,0.0
P0654,7,0,0,0,0.5957,0,0.0
P0654,8,0,0,0,0.5844,1,782.74
P0654,9,0,0,0,0.5753,0,0.0
P0654,10,0,0,0,0.7342,0,0.0
P0655,1,0,0,0,0.5345,1,873.87
P0655,2,0,0,0,0.6395,0,0.0
P0655,3,0,0,0,0.5335,0,0.0
P0655,4,0,0,0,0.9098,0,0.0
P0655,5,0,0,0,0.9181,0,0.0
P0655,6,0,0,0,0.8946,0,0.0
P0655,7,0,0,0,0.7035,0,0.0
P0655,8,0,0,0,0.8277,0,0.0
P0655,9,0,0,0,0.6644,0,0.0
P0655,10,0,0,0,0.9036,0,0.0
P0656,1,1,1,0,0.7705,0,0.0
P0656,2,1,1,0,0.7792,0,0.0
P0656,3,1,1,0,0.6823,0,0.0
P0656,4,1,1,0,0.9472,0,0.0
P0656,5,1,1,0,0.7926,0,0.0
P0656,6,1,1,0,0.868,0,0.0
P0656,7,1,1,0,0.9529,0,0.0
P0656,8,1,1,0,0.9808,0,0.0
P0656,9,1,1,0,0.7061,0,0.0
P0656,10,1,1,0,0.8593,0,0.0
P0657,1,0,0,1,0.7136,1,722.77
P0657,2,0,0,1,0.8096,0,0.0
P0657,3,0,0,1,0.6629,0,0.0
P0657,4,0,0,1,0.9792,0,0.0
P0657,5,0,0,1,0.5809,0,0.0
P0657,6,0,0,1,0.7663,0,0.0
P0657,7,0,0,1,0.763,0,0.0
P0657,8,0,0,1,0.7041,0,0.0
P0657,9,0,0,1,0.6106,1,597.21
P0657,10,0,0,1,0.5993,0,0.0
P0658,1,1,0,1,0.6498,0,0.0
P0658,2,1,0,1,0.586,2,1793.18
P0658,3,1,0,1,0.9495,1,1058.83
P0658,4,1,0,1,0.7658,0,0.0
P0658,5,1,0,1,0.8383,0,0.0
P0658,6,1,0,1,0.8814,0,0.0
P0658,7,1,0,1,0.7501,1,748.45
P0658,8,1,0,1,0.9669,0,0.0
P0658,9,1,0,1,0.7137,0,0.0
P0658,10,1,0,1,0.78,0,0.0
P0659,1,0,1,0,0.8482,1,489.58
P0659,2,0,1,0,0.5685,0,0.0
P0659,3,0,1,0,0.678,0,0.0
P0659,4,0,1,0,0.6102,0,0.0
P0659,5,0,1,0,0.9155,0,0.0
P0659,6,0,1,0,0.6847,0,0.0
P0659,7,0,1,0,0.7148,0,0.0
P0659,8,0,1,0,0.979,0,0.0
P0659,9,0,1,0,0.9251,0,0.0
P0659,10,0,1,0,0.6453,0,0.0
P0660,1,0,1,0,0.845,0,0.0
P0660,2,0,1,0,0.5254,1,540.63
P0660,3,0,1,0,0.5249,0,0.0
P0660,4,0,1,0,0.6706,0,0.0
P0660,5,0,1,0,0.7397,0,0.0
P0660,6,0,1,0,0.5902,0,0.0
P0660,7,0,1,0,0.7526,0,0.0
P0660,8,0,1,0,0.555,0,0.0
P0660,9,0,1,0,0.9177,0,0.0
P0660,10,0,1,0,0.9805,0,0.0
P0661,1,0,1,1,0.9034,0,0.0
P0661,2,0,1,1,0.9174,0,0.0
P0661,3,0,1,1,0.5886,0,0.0
P0661,4,0,1,1,0.9462,0,0.0
P0661,5,0,1,1,0.9557,0,0.0
P0661,6,0,1,1,0.7126,0,0.0
P0661,7,0,1,1,0.7367,0,0.0
P0661,8,0,1,1,0.5121,0,0.0
P0661,9,0,1,1,0.556,0,0.0
P0661,10,0,1,1,0.8157,0,0.0
P0662,1,0,0,0,0.7383,0,0.0
P0662,2,0,0,0,0.8786,0,0.0
P0662,3,0,0,0,0.8532,0,0.0
P0662,4,0,0,0,0.5544,0,0.0
P0662,5,0,0,0,0.5178,0,0.0
P0662,6,0,0,0,0.6971,0,0.0
P0662,7,0,0,0,0.7939,0,0.0
P0662,8,0,0,0,0.9572,0,0.0
P0662,9,0,0,0,0.8846,0,0.0
P0662,10,0,0,0,0.6304,0,0.0
P0663,1,0,1,1,0.789,0,0.0
P0663,2,0,1,1,0.6696,0,0.0
P0663,3,0,1,1,0.6433,1,798.71
P0663,4,0,1,1,0.5601,0,0.0
P0663,5,0,1,1,0.9228,1,1597.83
P0663,6,0,1,1,0.9419,1,563.6
P0663,7,0,1,1,0.6447,0,0.0
P0663,8,0,1,1,0.6187,0,0.0
P0663,9,0,1,1,0.9363,0,0.0
P0663,10,0,1,1,0.8305,0,0.0
P0664,1,0,1,1,0.9538,0,0.0
P0664,2,0,1,1,0.6645,0,0.0
P0664,3,0,1,1,0.5071,0,0.0
P0664,4,0,1,1,0.9517,0,0.0
P0664,5,0,1,1,0.7597,0,0.0
P0664,6,0,1,1,0.6819,0,0.0
P0664,7,0,1,1,0.8426,0,0.0
P0664,8,0,1,1,0.6219,0,0.0
P0664,9,0,1,1,0.5642,0,0.0
P0664,10,0,1,1,0.8738,1,1712.77
P0665,1,0,1,1,0.9277,0,0.0
P0665,2,0,1,1,0.6038,0,0.0
P0665,3,0,1,1,0.6037,0,0.0
P0665,4,0,1,1,0.8026,0,0.0
P0665,5,0,1,1,0.7624,0,0.0
P0665,6,0,1,1,0.9183,0,0.0
P0665,7,0,1,1,0.796,0,0.0
P0665,8,0,1,1,0.6547,0,0.0
P0665,9,0,1,1,0.5429,1,354.44
P0665,10,0,1,1,0.999,1,2133.14
P0666,1,0,1,0,0.8002,0,0.0
P0666,2,0,1,0,0.6975,0,0.0
P0666,3,0,1,0,0.8672,0,0.0
P0666,4,0,1,0,0.9123,1,381.81
P0666,5,0,1,0,0.8702,1,513.35
P0666,6,0,1,0,0.9214,0,0.0
P0666,7,0,1,0,0.8959,0,0.0
P0666,8,0,1,0,0.699,0,0.0
P0666,9,0,1,0,0.9655,0,0.0
P0666,10,0,1,0,0.5903,1,656.64
P0667,1,0,0,0,0.6312,0,0.0
P0667,2,0,0,0,0.5849,0,0.0
P0667,3,0,0,0,0.6351,0,0.0
P0667,4,0,0,0,0.6739,0,0.0
P0667,5,0,0,0,0.5195,0,0.0
P0667,6,0,0,0,0.8129,0,0.0
P0667,7,0,0,0,0.7955,1,480.39
P0667,8,0,0,0,0.6414,0,0.0
P0667,9,0,0,0,0.5428,0,0.0
P0667,10,0,0,0,0.958,0,0.0
P0668,1,1,1,0,0.9021,0,0.0
P0668,2,1,1,0,0.8319,1,466.35
P0668,3,1,1,0,0.9204,1,1266.52
P0668,4,1,1,0,0.9752,2,1916.37
P0668,5,1,1,0,0.556,0,0.0
P0668,6,1,1,0,0.6535,1,334.39
P0668,7,1,1,0,0.8806,1,1233.92
P0668,8,1,1,0,0.5262,0,0.0
P0668,9,1,1,0,0.5354,2,1430.93
P0668,10,1,1,0,0.9186,0,0.0
P0669,1,0,0,1,0.5605,0,0.0
P0669,2,0,0,1,0.593,0,0.0
P0669,3,0,0,1,0.653,1,808.19
P0669,4,0,0,1,0.9208,0,0.0
P0669,5,0,0,1,0.6386,0,0.0
P0669,6,0,0,1,0.781,0,0.0
P0669,7,0,0,1,0.6237,0,0.0
P0669,8,0,0,1,0.6407,0,0.0
P0669,9,0,0,1,0.6514,0,0.0
P0669,10,0,0,1,0.8557,0,0.0
P0670,1,0,1,0,0.8942,0,0.0
P0670,2,0,1,0,0.5394,0,0.0
P0670,3,0,1,0,0.8611,1,457.48
P0670,4,0,1,0,0.6382,0,0.0
P0670,5,0,1,0,0.8031,1,719.53
P0670,6,0,1,0,0.9893,0,0.0
P0670,7,0,1,0,0.9233,0,0.0
P0670,8,0,1,0,0.6208,0,0.0
P0670,9,0,1,0,0.503,0,0.0
P0670,10,0,1,0,0.6455,0,0.0
P0671,1,0,0,0,0.6496,0,0.0
P0671,2,0,0,0,0.5715,0,0.0
P0671,3,0,0,0,0.6102,0,0.0
P0671,4,0,0,0,0.987,0,0.0
P0671,5,0,0,0,0.5995,0,0.0
P0671,6,0,0,0,0.9892,0,0.0
P0671,7,0,0,0,0.8264,0,0.0
P0671,8,0,0,0,0.6152,0,0.0
P0671,9,0,0,0,0.777,0,0.0
P0671,10,0,0,0,0.9421,0,0.0
P0672,1,0,0,0,0.5695,0,0.0
P0672,2,0,0,0,0.6888,0,0.0
P0672,3,0,0,0,0.6768,1,757.76
P0672,4,0,0,0,0.565,0,0.0
P0672,5,0,0,0,0.5908,0,0.0
P0672,6,0,0,0,0.7849,0,0.0
P0672,7,0,0,0,0.9915,0,0.0
P0672,8,0,0,0,0.7552,1,920.01
P0672,9,0,0,0,0.7751,0,0.0
P0672,10,0,0,0,0.6946,1,1006.78
P0673,1,1,1,1,0.8007,0,0.0
P0673,2,1,1,1,0.9812,0,0.0
P0673,3,1,1,1,0.8323,1,692.39
P0673,4,1,1,1,0.6421,0,0.0
P0673,5,1,1,1,0.5443,1,930.77
P0673,6,1,1,1,0.8262,0,0.0
P0673,7,1,1,1,0.8496,2,1527.11
P0673,8,1,1,1,0.8926,2,1206.52
P0673,9,1,1,1,0.8177,1,1364.28
P0673,10,1,1,1,0.7327,0,0.0
P0674,1,0,1,1,0.8177,0,0.0
P0674,2,0,1,1,0.729,1,728.41
P0674,3,0,1,1,0.6102,1,828.81
P0674,4,0,1,1,0.7356,0,0.0
P0674,5,0,1,1,0.7859,1,1283.32
P0674,6,0,1,1,0.5427,0,0.0
P0674,7,0,1,1,0.5453,1,1059.78
P0674,8,0,1,1,0.9055,0,0.0
P0674,9,0,1,1,0.5597,0,0.0
P0674,10,0,1,1,0.825,0,0.0
P0675,1,0,0,0,0.8542,0,0.0
P0675,2,0,0,0,0.9988,0,0.0
P0675,3,0,0,0,0.525,0,0.0
P0675,4,0,0,0,0.7322,0,0.0
P0675,5,0,0,0,0.5296,0,0.0
P0675,6,0,0,0,0.6807,0,0.0
P0675,7,0,0,0,0.9071,0,0.0
P0675,8,0,0,0,0.6016,0,0.0
P0675,9,0,0,0,0.8637,0,0.0
P0675,10,0,0,0,0.7292,0,0.0
P0676,1,1,0,0,0.7484,0,0.0
P0676,2,1,0,0,0.6261,0,0.0
P0676,3,1,0,0,0.7199,0,0.0
P0676,4,1,0,0,0.8847,1,737.57
P0676,5,1,0,0,0.5283,1,1183.83
P0676,6,1,0,0,0.9664,2,1657.88
P0676,7,1,0,0,0.9226,0,0.0
P0676,8,1,0,0,0.5362,0,0.0
P0676,9,1,0,0,0.9629,0,0.0
P0676,10,1,0,0,0.9712,1,592.78
P0677,1,0,1,0,0.6185,1,612.54
P0677,2,0,1,0,0.6356,0,0.0
P0677,3,0,1,0,0.7012,0,0.0
P0677,4,0,1,0,0.6293,0,0.0
P0677,5,0,1,0,0.976,0,0.0
P0677,6,0,1,0,0.5113,0,0.0
P0677,7,0,1,0,0.9469,1,463.86
P0677,8,0,1,0,0.9936,0,0.0
P0677,9,0,1,0,0.9622,2,1377.61
P0677,10,0,1,0,0.7784,0,0.0
P0678,1,0,0,1,0.6058,0,0.0
P0678,2,0,0,1,0.7181,0,0.0
P0678,3,0,0,1,0.7716,0,0.0
P0678,4,0,0,1,0.8074,0,0.0
P0678,5,0,0,1,0.5364,0,0.0
P0678,6,0,0,1,0.6234,0,0.0
P0678,7,0,0,1,0.8577,0,0.0
P0678,8,0,0,1,0.8406,0,0.0
P0678,9,0,0,1,0.5112,0,0.0
P0678,10,0,0,1,0.5084,0,0.0
P0679,1,0,0,0,0.5691,0,0.0
P0679,2,0,0,0,0.7766,0,0.0
P0679,3,0,0,0,0.5541,0,0.0
P0679,4,0,0,0,0.6712,0,0.0
P0679,5,0,0,0,0.5527,0,0.0
P0679,6,0,0,0,0.7285,0,0.0
P0679,7,0,0,0,0.5053,0,0.0
P0679,8,0,0,0,0.9686,0,0.0
P0679,9,0,0,0,0.6988,0,0.0
P0679,10,0,0,0,0.7422,0,0.0
P0680,1,0,1,0,0.9367,1,612.9
P0680,2,0,1,0,0.5686,0,0.0
P0680,3,0,1,0,0.9076,0,0.0
P0680,4,0,1,0,0.648,0,0.0
P0680,5,0,1,0,0.5033,0,0.0
P0680,6,0,1,0,0.9755,0,0.0
P0680,7,0,1,0,0.8008,0,0.0
P0680,8,0,1,0,0.8479,0,0.0
P0680,9,0,1,0,0.7556,0,0.0
P0680,10,0,1,0,0.7909,0,0.0
P0681,1,0,0,0,0.7912,0,0.0
P0681,2,0,0,0,0.887,0,0.0
P0681,3,0,0,0,0.5359,0,0.0
P0681,4,0,0,0,0.7686,0,0.0
P0681,5,0,0,0,0.9531,1,681.33
P0681,6,0,0,0,0.5346,0,0.0
P0681,7,0,0,0,0.922,0,0.0
P0681,8,0,0,0,0.9602,0,0.0
P0681,9,0,0,0,0.758,0,0.0
P0681,10,0,0,0,0.9713,1,263.47
P0682,1,0,1,1,0.853,0,0.0
P0682,2,0,1,1,0.5464,0,0.0
P0682,3,0,1,1,0.9032,0,0.0
P0682,4,0,1,1,0.6762,1,899.15
P0682,5,0,1,1,0.7772,0,0.0
P0682,6,0,1,1,0.9111,1,877.54
P0682,7,0,1,1,0.6953,0,0.0
P0682,8,0,1,1,0.8919,1,475.72
P0682,9,0,1,1,0.9018,0,0.0
P0682,10,0,1,1,0.9058,0,0.0
P0683,1,1,0,0,0.5301,0,0.0
P0683,2,1,0,0,0.7215,0,0.0
P0683,3,1,0,0,0.797,1,530.91
P0683,4,1,0,0,0.5479,0,0.0
P0683,5,1,0,0,0.6783,0,0.0
P0683,6,1,0,0,0.8528,0,0.0
P0683,7,1,0,0,0.8395,1,456.5
P0683,8,1,0,0,0.9715,1,564.13
P0683,9,1,0,0,0.6198,0,0.0
P0683,10,1,0,0,0.6605,0,0.0
P0684,1,0,1,0,0.7024,0,0.0
P0684,2,0,1,0,0.6376,0,0.0
P0684,3,0,1,0,0.6736,0,0.0
P0684,4,0,1,0,0.5378,0,0.0
P0684,5,0,1,0,0.86,0,0.0
P0684,6,0,1,0,0.9666,0,0.0
P0684,7,0,1,0,0.854,0,0.0
P0684,8,0,1,0,0.6129,0,0.0
P0684,9,0,1,0,0.9841,0,0.0
P0684,10,0,1,0,0.5941,0,0.0
P0685,1,0,1,0,0.6287,0,0.0
P0685,2,0,1,0,0.6209,0,0.0
P0685,3,0,1,0,0.6927,1,771.69
P0685,4,0,1,0,0.8589,0,0.0
P0685,5,0,1,0,0.6793,1,507.65
P0685,6,0,1,0,0.8371,0,0.0
P0685,7,0,1,0,0.5921,0,0.0
P0685,8,0,1,0,0.9284,1,854.55
P0685,9,0,1,0,0.9635,0,0.0
P0685,10,0,1,0,0.8725,0,0.0
P0686,1,0,1,1,0.5542,0,0.0
P0686,2,0,1,1,0.8951,1,832.98
P0686,3,0,1,1,0.9882,0,0.0
P0686,4,0,1,1,0.5331,0,0.0
P0686,5,0,1,1,0.5825,0,0.0
P0686,6,0,1,1,0.9802,1,1910.66
P0686,7,0,1,1,0.9331,2,1741.85
P0686,8,0,1,1,0.8957,0,0.0
P0686,9,0,1,1,0.7964,0,0.0
P0686,10,0,1,1,0.5002,0,0.0
P0687,1,0,0,1,0.5463,0,0.0
P0687,2,0,0,1,0.7773,0,0.0
P0687,3,0,0,1,0.5131,0,0.0
P0687,4,0,0,1,0.5542,0,0.0
P0687,5,0,0,1,0.6155,0,0.0
P0687,6,0,0,1,0.9339,0,0.0
P0687,7,0,0,1,0.8258,0,0.0
P0687,8,0,0,1,0.9562,0,0.0
P0687,9,0,0,1,0.7838,0,0.0
P0687,10,0,0,1,0.5962,0,0.0
P0688,1,0,1,0,0.6681,0,0.0
P0688,2,0,1,0,0.7549,0,0.0
P0688,3,0,1,0,0.5746,0,0.0
P0688,4,0,1,0,0.8757,2,1592.09
P0688,5,0,1,0,0.5412,0,0.0
P0688,6,0,1,0,0.6324,1,459.83
P0688,7,0,1,0,0.9073,0,0.0
P0688,8,0,1,0,0.8332,0,0.0
P0688,9,0,1,0,0.8031,0,0.0
P0688,10,0,1,0,0.7177,0,0.0
P0689,1,0,1,0,0.6725,0,0.0
P0689,2,0,1,0,0.5703,0,0.0
P0689,3,0,1,0,0.6096,1,458.26
P0689,4,0,1,0,0.9926,0,0.0
P0689,5,0,1,0,0.7919,0,0.0
P0689,6,0,1,0,0.5738,0,0.0
P0689,7,0,1,0,0.8133,1,798.13
P0689,8,0,1,0,0.9419,1,632.1
P0689,9,0,1,0,0.8991,0,0.0
P0689,10,0,1,0,0.509,0,0.0
P0690,1,0,0,0,0.7158,0,0.0
P0690,2,0,0,0,0.6026,0,0.0
P0690,3,0,0,0,0.8147,0,0.0
P0690,4,0,0,0,0.7273,0,0.0
P0690,5,0,0,0,0.7429,2,1363.51
P0690,6,0,0,0,0.6458,0,0.0
P0690,7,0,0,0,0.5238,0,0.0
P0690,8,0,0,0,0.6244,2,2453.12
P0690,9,0,0,0,0.9121,0,0.0
P0690,10,0,0,0,0.9432,0,0.0
P0691,1,0,1,0,0.9774,0,0.0
P0691,2,0,1,0,0.5855,0,0.0
P0691,3,0,1,0,0.5862,0,0.0
P0691,4,0,1,0,0.9244,0,0.0
P0691,5,0,1,0,0.9279,0,0.0
P0691,6,0,1,0,0.8568,0,0.0
P0691,7,0,1,0,0.7632,0,0.0
P0691,8,0,1,0,0.7262,0,0.0
P0691,9,0,1,0,0.9814,0,0.0
P0691,10,0,1,0,0.6768,0,0.0
P0692,1,0,0,1,0.6711,0,0.0
P0692,2,0,0,1,0.652,0,0.0
P0692,3,0,0,1,0.5132,0,0.0
P0692,4,0,0,1,0.9445,0,0.0
P0692,5,0,0,1,0.6577,0,0.0
P0692,6,0,0,1,0.9012,0,0.0
P0692,7,0,0,1,0.6306,0,0.0
P0692,8,0,0,1,0.7627,0,0.0
P0692,9,0,0,1,0.8986,0,0.0
P0692,10,0,0,1,0.8448,1,787.84
P0693,1,0,0,1,0.7351,0,0.0
P0693,2,0,0,1,0.5391,0,0.0
P0693,3,0,0,1,0.7611,0,0.0
P0693,4,0,0,1,0.6345,0,0.0
P0693,5,0,0,1,0.845,0,0.0
P0693,6,0,0,1,0.9082,0,0.0
P0693,7,0,0,1,0.7419,0,0.0
P0693,8,0,0,1,0.9701,0,0.0
P0693,9,0,0,1,0.5988,0,0.0
P0693,10,0,0,1,0.8576,0,0.0
P0694,1,0,1,0,0.7467,0,0.0
P0694,2,0,1,0,0.6611,0,0.0
P0694,3,0,1,0,0.8629,0,0.0
P0694,4,0,1,0,0.5071,0,0.0
P0694,5,0,1,0,0.7795,1,794.39
P0694,6,0,1,0,0.6902,0,0.0
P0694,7,0,1,0,0.5463,0,0.0
P0694,8,0,1,0,0.9127,0,0.0
P0694,9,0,1,0,0.8599,0,0.0
P0694,10,0,1,0,0.7571,1,1572.68
P0695,1,0,1,0,0.7984,0,0.0
P0695,2,0,1,0,0.6254,0,0.0
P0695,3,0,1,0,0.8056,0,0.0
P0695,4,0,1,0,0.8707,0,0.0
P0695,5,0,1,0,0.9264,0,0.0
P0695,6,0,1,0,0.6883,0,0.0
P0695,7,0,1,0,0.9647,0,0.0
P0695,8,0,1,0,0.5786,1,1176.92
P0695,9,0,1,0,0.5272,0,0.0
P0695,10,0,1,0,0.7756,0,0.0
P0696,1,0,1,1,0.7453,1,556.66
P0696,2,0,1,1,0.9121,0,0.0
P0696,3,0,1,1,0.601,0,0.0
P0696,4,0,1,1,0.5552,1,1293.63
P0696,5,0,1,1,0.8407,0,0.0
P0696,6,0,1,1,0.9104,1,1115.63
P0696,7,0,1,1,0.5248,0,0.0
P0696,8,0,1,1,0.9464,0,0.0
P0696,9,0,1,1,0.7207,0,0.0
P0696,10,0,1,1,0.6471,0,0.0
P0697,1,1,1,0,0.9043,0,0.0
P0697,2,1,1,0,0.8499,0,0.0
P0697,3,1,1,0,0.7261,1,651.97
P0697,4,1,1,0,0.5641,1,1088.43
P0697,5,1,1,0,0.9664,0,0.0
P0697,6,1,1,0,0.6089,0,0.0
P0697,7,1,1,0,0.9582,0,0.0
P0697,8,1,1,0,0.982,0,0.0
P0697,9,1,1,0,0.7409,1,1467.57
P0697,10,1,1,0,0.5105,0,0.0
P0698,1,0,1,1,0.7364,0,0.0
P0698,2,0,1,1,0.7407,0,0.0
P0698,3,0,1,1,0.6168,0,0.0
P0698,4,0,1,1,0.9771,0,0.0
P0698,5,0,1,1,0.648,0,0.0
P0698,6,0,1,1,0.5096,0,0.0
P0698,7,0,1,1,0.6434,1,1088.46
P0698,8,0,1,1,0.6252,0,0.0
P0698,9,0,1,1,0.8051,0,0.0
P0698,10,0,1,1,0.5948,0,0.0
P0699,1,1,0,1,0.7135,0,0.0
P0699,2,1,0,1,0.7748,0,0.0
P0699,3,1,0,1,0.9385,0,0.0
P0699,4,1,0,1,0.9666,0,0.0
P0699,5,1,0,1,0.7431,0,0.0
P0699,6,1,0,1,0.9435,0,0.0
P0699,7,1,0,1,0.5888,0,0.0
P0699,8,1,0,1,0.8222,1,1358.36
P0699,9,1,0,1,0.8823,0,0.0
P0699,10,1,0,1,0.9906,0,0.0
P0700,1,0,0,0,0.5454,0,0.0
P0700,2,0,0,0,0.9715,0,0.0
P0700,3,0,0,0,0.8925,0,0.0
P0700,4,0,0,0,0.9704,1,870.96
P0700,5,0,0,0,0.5757,0,0.0
P0700,6,0,0,0,0.7454,0,0.0
P0700,7,0,0,0,0.7591,1,567.25
P0700,8,0,0,0,0.9676,0,0.0
P0700,9,0,0,0,0.6157,0,0.0
P0700,10,0,0,0,0.7857,0,0.0
P0701,1,1,0,0,0.8182,1,598.18
P0701,2,1,0,0,0.5063,0,0.0
P0701,3,1,0,0,0.6041,0,0.0
P0701,4,1,0,0,0.6144,0,0.0
P0701,5,1,0,0,0.8502,2,1374.92
P0701,6,1,0,0,0.8934,0,0.0
P0701,7,1,0,0,0.8729,0,0.0
P0701,8,1,0,0,0.8109,0,0.0
P0701,9,1,0,0,0.5985,1,442.98
P0701,10,1,0,0,0.525,0,0.0
P0702,1,0,1,1,0.8128,0,0.0
P0702,2,0,1,1,0.8101,0,0.0
P0702,3,0,1,1,0.894,0,0.0
P0702,4,0,1,1,0.8715,1,868.63
P0702,5,0,1,1,0.5187,0,0.0
P0702,6,0,1,1,0.976,0,0.0
P0702,7,0,1,1,0.7791,1,1568.76
P0702,8,0,1,1,0.5476,0,0.0
P0702,9,0,1,1,0.9565,0,0.0
P0702,10,0,1,1,0.6081,0,0.0
P0703,1,1,1,1,0.5887,0,0.0
P0703,2,1,1,1,0.5795,1,685.92
P0703,3,1,1,1,0.5371,0,0.0
P0703,4,1,1,1,0.6864,0,0.0
P0703,5,1,1,1,0.9547,0,0.0
P0703,6,1,1,1,0.5365,0,0.0
P0703,7,1,1,1,0.8986,1,654.0
P0703,8,1,1,1,0.6351,0,0.0
P0703,9,1,1,1,0.8537,0,0.0
P0703,10,1,1,1,0.8107,1,649.68
P0704,1,0,0,1,0.7493,1,1038.05
P0704,2,0,0,1,0.5001,0,0.0
P0704,3,0,0,1,0.6421,0,0.0
P0704,4,0,0,1,0.5409,0,0.0
P0704,5,0,0,1,0.5908,0,0.0
P0704,6,0,0,1,0.8319,0,0.0
P0704,7,0,0,1,0.9751,0,0.0
P0704,8,0,0,1,0.9302,0,0.0
P0704,9,0,0,1,0.5221,0,0.0
P0704,10,0,0,1,0.5912,0,0.0
P0705,1,1,1,0,0.7688,0,0.0
P0705,2,1,1,0,0.7099,0,0.0
P0705,3,1,1,0,0.804,0,0.0
P0705,4,1,1,0,0.6125,0,0.0
P0705,5,1,1,0,0.5602,0,0.0
P0705,6,1,1,0,0.6561,0,0.0
P0705,7,1,1,0,0.67,0,0.0
P0705,8,1,1,0,0.7169,1,700.95
P0705,9,1,1,0,0.751,1,513.09
P0705,10,1,1,0,0.9897,0,0.0
P0706,1,0,1,0,0.8501,1,753.0
P0706,2,0,1,0,0.6893,0,0.0
P0706,3,0,1,0,0.6687,0,0.0
P0706,4,0,1,0,0.7367,1,1184.03
P0706,5,0,1,0,0.9219,0,0.0
P0706,6,0,1,0,0.7027,1,713.26
P0706,7,0,1,0,0.6876,0,0.0
P0706,8,0,1,0,0.8812,0,0.0
P0706,9,0,1,0,0.5257,1,680.73
P0706,10,0,1,0,0.5543,0,0.0
P0707,1,0,1,1,0.8382,1,3087.95
P0707,2,0,1,1,0.6922,0,0.0
P0707,3,0,1,1,0.7153,0,0.0
P0707,4,0,1,1,0.8054,0,0.0
P0707,5,0,1,1,0.6328,1,951.83
P0707,6,0,1,1,0.7376,1,1652.2
P0707,7,0,1,1,0.6931,0,0.0
P0707,8,0,1,1,0.5325,0,0.0
P0707,9,0,1,1,0.8469,0,0.0
P0707,10,0,1,1,0.5536,0,0.0
P0708,1,0,0,0,0.9558,0,0.0
P0708,2,0,0,0,0.7382,0,0.0
P0708,3,0,0,0,0.5137,0,0.0
P0708,4,0,0,0,0.8117,0,0.0
P0708,5,0,0,0,0.6602,0,0.0
P0708,6,0,0,0,0.8777,0,0.0
P0708,7,0,0,0,0.7124,0,0.0
P0708,8,0,0,0,0.9852,0,0.0
P0708,9,0,0,0,0.9171,0,0.0
P0708,10,0,0,0,0.8211,0,0.0
P0709,1,0,1,1,0.6835,0,0.0
P0709,2,0,1,1,0.9159,0,0.0
P0709,3,0,1,1,0.7201,0,0.0
P0709,4,0,1,1,0.9361,0,0.0
P0709,5,0,1,1,0.5166,1,486.24
P0709,6,0,1,1,0.7146,1,1183.74
P0709,7,0,1,1,0.6919,0,0.0
P0709,8,0,1,1,0.8268,0,0.0
P0709,9,0,1,1,0.9006,0,0.0
P0709,10,0,1,1,0.7613,0,0.0
P0710,1,0,1,1,0.9846,1,918.05
P0710,2,0,1,1,0.5067,1,721.33
P0710,3,0,1,1,0.5128,0,0.0
P0710,4,0,1,1,0.7916,2,2324.88
P0710,5,0,1,1,0.9513,0,0.0
P0710,6,0,1,1,0.7484,0,0.0
P0710,7,0,1,1,0.8454,0,0.0
P0710,8,0,1,1,0.6806,0,0.0
P0710,9,0,1,1,0.6728,0,0.0
P0710,10,0,1,1,0.756,0,0.0
P0711,1,1,1,0,0.5541,0,0.0
P0711,2,1,1,0,0.5131,0,0.0
P0711,3,1,1,0,0.5113,0,0.0
P0711,4,1,1,0,0.9074,1,1073.25
P0711,5,1,1,0,0.7648,1,894.53
P0711,6,1,1,0,0.9631,2,1276.3
P0711,7,1,1,0,0.7378,0,0.0
P0711,8,1,1,0,0.5488,0,0.0
P0711,9,1,1,0,0.5877,0,0.0
P0711,10,1,1,0,0.8525,0,0.0
P0712,1,0,0,0,0.9479,1,726.17
P0712,2,0,0,0,0.8206,0,0.0
P0712,3,0,0,0,0.7401,1,244.05
P0712,4,0,0,0,0.75,1,593.09
P0712,5,0,0,0,0.6954,0,0.0
P0712,6,0,0,0,0.8252,0,0.0
P0712,7,0,0,0,0.5477,0,0.0
P0712,8,0,0,0,0.801,0,0.0
P0712,9,0,0,0,0.5278,1,956.05
P0712,10,0,0,0,0.7051,0,0.0
P0713,1,1,1,1,0.5007,0,0.0
P0713,2,1,1,1,0.7099,0,0.0
P0713,3,1,1,1,0.7753,0,0.0
P0713,4,1,1,1,0.7729,1,793.05
P0713,5,1,1,1,0.652,1,773.47
P0713,6,1,1,1,0.5836,0,0.0
P0713,7,1,1,1,0.6737,1,468.13
P0713,8,1,1,1,0.5015,2,2665.59
P0713,9,1,1,1,0.7635,1,1244.28
P0713,10,1,1,1,0.9452,1,616.94
P0714,1,0,1,1,0.8185,0,0.0
P0714,2,0,1,1,0.7629,1,1103.32
P0714,3,0,1,1,0.9133,2,856.53
P0714,4,0,1,1,0.9512,0,0.0
P0714,5,0,1,1,0.6227,0,0.0
P0714,6,0,1,1,0.9416,1,440.01
P0714,7,0,1,1,0.9608,0,0.0
P0714,8,0,1,1,0.8678,1,1024.38
P0714,9,0,1,1,0.6169,0,0.0
P0714,10,0,1,1,0.7986,1,537.16
P0715,1,0,1,0,0.7152,0,0.0
P0715,2,0,1,0,0.9624,0,0.0
P0715,3,0,1,0,0.7716,0,0.0
P0715,4,0,1,0,0.9712,0,0.0
P0715,5,0,1,0,0.7555,0,0.0
P0715,6,0,1,0,0.5707,1,592.4
P0715,7,0,1,0,0.7474,0,0.0
P0715,8,0,1,0,0.8846,0,0.0
P0715,9,0,1,0,0.9188,0,0.0
P0715,10,0,1,0,0.8394,0,0.0
P0716,1,0,1,0,0.8994,0,0.0
P0716,2,0,1,0,0.5206,0,0.0
P0716,3,0,1,0,0.5157,0,0.0
P0716,4,0,1,0,0.5738,0,0.0
P0716,5,0,1,0,0.8237,0,0.0
P0716,6,0,1,0,0.5968,0,0.0
P0716,7,0,1,0,0.8858,0,0.0
P0716,8,0,1,0,0.631,0,0.0
P0716,9,0,1,0,0.636,0,0.0
P0716,10,0,1,0,0.7956,0,0.0
P0717,1,0,1,1,0.9556,3,2851.63
P0717,2,0,1,1,0.9479,0,0.0
P0717,3,0,1,1,0.5284,0,0.0
P0717,4,0,1,1,0.6529,1,1023.77
P0717,5,0,1,1,0.6946,1,870.63
P0717,6,0,1,1,0.7048,0,0.0
P0717,7,0,1,1,0.775,0,0.0
P0717,8,0,1,1,0.6836,0,0.0
P0717,9,0,1,1,0.9472,1,1388.78
P0717,10,0,1,1,0.7441,0,0.0
P0718,1,0,1,0,0.8172,0,0.0
P0718,2,0,1,0,0.899,0,0.0
P0718,3,0,1,0,0.9087,1,504.55
P0718,4,0,1,0,0.6136,0,0.0
P0718,5,0,1,0,0.8839,0,0.0
P0718,6,0,1,0,0.6267,0,0.0
P0718,7,0,1,0,0.7296,0,0.0
P0718,8,0,1,0,0.9397,0,0.0
P0718,9,0,1,0,0.891,0,0.0
P0718,10,0,1,0,0.971,0,0.0
P0719,1,0,0,0,0.5215,0,0.0
P0719,2,0,0,0,0.5546,1,769.96
P0719,3,0,0,0,0.5796,0,0.0
P0719,4,0,0,0,0.6109,0,0.0
P0719,5,0,0,0,0.9416,0,0.0
P0719,6,0,0,0,0.9657,0,0.0
P0719,7,0,0,0,0.6261,0,0.0
P0719,8,0,0,0,0.6509,0,0.0
P0719,9,0,0,0,0.7625,0,0.0
P0719,10,0,0,0,0.7557,0,0.0
P0720,1,1,1,0,0.7223,0,0.0
P0720,2,1,1,0,0.8597,0,0.0
P0720,3,1,1,0,0.872,0,0.0
P0720,4,1,1,0,0.6365,1,834.31
P0720,5,1,1,0,0.6141,1,854.03
P0720,6,1,1,0,0.9318,0,0.0
P0720,7,1,1,0,0.6392,0,0.0
P0720,8,1,1,0,0.7773,0,0.0
P0720,9,1,1,0,0.6174,0,0.0
P0720,10,1,1,0,0.8063,0,0.0
P0721,1,1,0,1,0.6759,0,0.0
P0721,2,1,0,1,0.7373,0,0.0
P0721,3,1,0,1,0.6604,0,0.0
P0721,4,1,0,1,0.5613,0,0.0
P0721,5,1,0,1,0.9871,1,1075.76
P0721,6,1,0,1,0.6349,0,0.0
P0721,7,1,0,1,0.6273,2,1216.7
P0721,8,1,0,1,0.9003,1,1553.92
P0721,9,1,0,1,0.5494,0,0.0
P0721,10,1,0,1,0.9965,1,1158.69
P0722,1,0,1,0,0.6291,0,0.0
P0722,2,0,1,0,0.9137,0,0.0
P0722,3,0,1,0,0.6165,0,0.0
P0722,4,0,1,0,0.5975,0,0.0
P0722,5,0,1,0,0.6646,0,0.0
P0722,6,0,1,0,0.5776,1,906.06
P0722,7,0,1,0,0.7881,0,0.0
P0722,8,0,1,0,0.6771,0,0.0
P0722,9,0,1,0,0.9113,0,0.0
P0722,10,0,1,0,0.8267,0,0.0
P0723,1,0,0,0,0.6269,0,0.0
P0723,2,0,0,0,0.7412,0,0.0
P0723,3,0,0,0,0.7693,0,0.0
P0723,4,0,0,0,0.7117,0,0.0
P0723,5,0,0,0,0.7639,0,0.0
P0723,6,0,0,0,0.9668,0,0.0
P0723,7,0,0,0,0.69,0,0.0
P0723,8,0,0,0,0.8857,0,0.0
P0723,9,0,0,0,0.6776,0,0.0
P0723,10,0,0,0,0.7942,0,0.0
P0724,1,1,1,1,0.6364,0,0.0
P0724,2,1,1,1,0.5391,0,0.0
P0724,3,1,1,1,0.7229,0,0.0
P0724,4,1,1,1,0.9384,1,739.01
P0724,5,1,1,1,0.8864,2,2362.0
P0724,6,1,1,1,0.7514,0,0.0
P0724,7,1,1,1,0.7917,0,0.0
P0724,8,1,1,1,0.8242,0,0.0
P0724,9,1,1,1,0.9911,0,0.0
P0724,10,1,1,1,0.7619,0,0.0
P0725,1,1,1,0,0.8817,0,0.0
P0725,2,1,1,0,0.6641,0,0.0
P0725,3,1,1,0,0.8396,1,993.7
P0725,4,1,1,0,0.9423,1,871.38
P0725,5,1,1,0,0.7116,1,605.99
P0725,6,1,1,0,0.5515,0,0.0
P0725,7,1,1,0,0.7625,0,0.0
P0725,8,1,1,0,0.9964,0,0.0
P0725,9,1,1,0,0.659,0,0.0
P0725,10,1,1,0,0.8463,0,0.0
P0726,1,1,0,1,0.7129,0,0.0
P0726,2,1,0,1,0.9921,2,1492.32
P0726,3,1,0,1,0.6225,0,0.0
P0726,4,1,0,1,0.5331,0,0.0
P0726,5,1,0,1,0.9542,0,0.0
P0726,6,1,0,1,0.8901,0,0.0
P0726,7,1,0,1,0.5281,0,0.0
P0726,8,1,0,1,0.9728,0,0.0
P0726,9,1,0,1,0.6906,1,1286.16
P0726,10,1,0,1,0.9154,0,0.0
P0727,1,0,1,1,0.5866,0,0.0
P0727,2,0,1,1,0.8701,0,0.0
P0727,3,0,1,1,0.7467,0,0.0
P0727,4,0,1,1,0.8068,0,0.0
P0727,5,0,1,1,0.5893,0,0.0
P0727,6,0,1,1,0.524,0,0.0
P0727,7,0,1,1,0.6394,1,787.51
P0727,8,0,1,1,0.8345,1,965.13
P0727,9,0,1,1,0.761,0,0.0
P0727,10,0,1,1,0.6624,0,0.0
P0728,1,0,0,0,0.9484,0,0.0
P0728,2,0,0,0,0.8544,0,0.0
P0728,3,0,0,0,0.8735,0,0.0
P0728,4,0,0,0,0.5285,0,0.0
P0728,5,0,0,0,0.6325,0,0.0
P0728,6,0,0,0,0.7168,1,1785.19
P0728,7,0,0,0,0.8065,0,0.0
P0728,8,0,0,0,0.7826,0,0.0
P0728,9,0,0,0,0.8981,0,0.0
P0728,10,0,0,0,0.9473,1,377.14
P0729,1,0,1,1,0.8268,0,0.0
P0729,2,0,1,1,0.8734,0,0.0
P0729,3,0,1,1,0.8575,0,0.0
P0729,4,0,1,1,0.7039,0,0.0
P0729,5,0,1,1,0.9127,0,0.0
P0729,6,0,1,1,0.9694,2,1470.05
P0729,7,0,1,1,0.5853,0,0.0
P0729,8,0,1,1,0.7803,0,0.0
P0729,9,0,1,1,0.9692,0,0.0
P0729,10,0,1,1,0.6825,0,0.0
P0730,1,0,1,0,0.8697,0,0.0
P0730,2,0,1,0,0.7647,0,0.0
P0730,3,0,1,0,0.5128,0,0.0
P0730,4,0,1,0,0.6943,0,0.0
P0730,5,0,1,0,0.9296,1,1199.26
P0730,6,0,1,0,0.5145,1,363.8
P0730,7,0,1,0,0.9828,1,1148.85
P0730,8,0,1,0,0.6303,0,0.0
P0730,9,0,1,0,0.6186,0,0.0
P0730,10,0,1,0,0.5067,0,0.0
P0731,1,0,0,1,0.8637,0,0.0
P0731,2,0,0,1,0.8374,0,0.0
P0731,3,0,0,1,0.8153,0,0.0
P0731,4,0,0,1,0.6241,1,568.99
P0731,5,0,0,1,0.592,0,0.0
P0731,6,0,0,1,0.9614,1,834.68
P0731,7,0,0,1,0.9805,0,0.0
P0731,8,0,0,1,0.5533,0,0.0
P0731,9,0,0,1,0.9684,0,0.0
P0731,10,0,0,1,0.8344,1,355.95
P0732,1,0,0,1,0.8267,0,0.0
P0732,2,0,0,1,0.7283,0,0.0
P0732,3,0,0,1,0.9999,1,901.44
P0732,4,0,0,1,0.5084,0,0.0
P0732,5,0,0,1,0.6712,0,0.0
P0732,6,0,0,1,0.9127,0,0.0
P0732,7,0,0,1,0.7762,0,0.0
P0732,8,0,0,1,0.599,0,0.0
P0732,9,0,0,1,0.5639,0,0.0
P0732,10,0,0,1,0.9801,0,0.0
P0733,1,1,1,0,0.948,0,0.0
P0733,2,1,1,0,0.9504,1,770.18
P0733,3,1,1,0,0.7872,1,1141.38
P0733,4,1,1,0,0.7574,0,0.0
P0733,5,1,1,0,0.9795,0,0.0
P0733,6,1,1,0,0.9067,0,0.0
P0733,7,1,1,0,0.6047,0,0.0
P0733,8,1,1,0,0.594,0,0.0
P0733,9,1,1,0,0.6346,0,0.0
P0733,10,1,1,0,0.6565,1,618.78
P0734,1,0,0,1,0.6832,0,0.0
P0734,2,0,0,1,0.7119,0,0.0
P0734,3,0,0,1,0.8017,0,0.0
P0734,4,0,0,1,0.98,0,0.0
P0734,5,0,0,1,0.5919,0,0.0
P0734,6,0,0,1,0.8731,0,0.0
P0734,7,0,0,1,0.5189,0,0.0
P0734,8,0,0,1,0.816,1,473.67
P0734,9,0,0,1,0.5767,0,0.0
P0734,10,0,0,1,0.6716,0,0.0
P0735,1,0,0,0,0.5648,0,0.0
P0735,2,0,0,0,0.7877,0,0.0
P0735,3,0,0,0,0.5672,0,0.0
P0735,4,0,0,0,0.9893,0,0.0
P0735,5,0,0,0,0.9267,0,0.0
P0735,6,0,0,0,0.5121,1,685.73
P0735,7,0,0,0,0.5758,0,0.0
P0735,8,0,0,0,0.5409,0,0.0
P0735,9,0,0,0,0.8382,0,0.0
P0735,10,0,0,0,0.9673,0,0.0
P0736,1,1,0,0,0.8809,0,0.0
P0736,2,1,0,0,0.7853,1,1171.37
P0736,3,1,0,0,0.7201,1,717.13
P0736,4,1,0,0,0.5143,1,1098.97
P0736,5,1,0,0,0.6282,0,0.0
P0736,6,1,0,0,0.774,0,0.0
P0736,7,1,0,0,0.9485,0,0.0
P0736,8,1,0,0,0.7375,0,0.0
P0736,9,1,0,0,0.9585,0,0.0
P0736,10,1,0,0,0.8874,0,0.0
P0737,1,0,0,1,0.6398,0,0.0
P0737,2,0,0,1,0.6153,0,0.0
P0737,3,0,0,1,0.7023,0,0.0
P0737,4,0,0,1,0.5972,0,0.0
P0737,5,0,0,1,0.8719,0,0.0
P0737,6,0,0,1,0.5387,0,0.0
P0737,7,0,0,1,0.8795,1,1274.5
P0737,8,0,0,1,0.6157,0,0.0
P0737,9,0,0,1,0.751,0,0.0
P0737,10,0,0,1,0.9393,0,0.0
P0738,1,0,1,1,0.7012,0,0.0
P0738,2,0,1,1,0.5051,0,0.0
P0738,3,0,1,1,0.9052,0,0.0
P0738,4,0,1,1,0.8655,0,0.0
P0738,5,0,1,1,0.6226,0,0.0
P0738,6,0,1,1,0.8789,0,0.0
P0738,7,0,1,1,0.8897,0,0.0
P0738,8,0,1,1,0.6683,0,0.0
P0738,9,0,1,1,0.6521,0,0.0
P0738,10,0,1,1,0.8699,0,0.0
P0739,1,0,0,0,0.7464,0,0.0
P0739,2,0,0,0,0.5636,0,0.0
P0739,3,0,0,0,0.8008,0,0.0
P0739,4,0,0,0,0.5134,0,0.0
P0739,5,0,0,0,0.9898,0,0.0
P0739,6,0,0,0,0.7003,0,0.0
P0739,7,0,0,0,0.5717,0,0.0
P0739,8,0,0,0,0.9146,0,0.0
P0739,9,0,0,0,0.7532,0,0.0
P0739,10,0,0,0,0.8757,0,0.0
P0740,1,0,1,1,0.5141,0,0.0
P0740,2,0,1,1,0.6736,1,2051.88
P0740,3,0,1,1,0.7105,0,0.0
P0740,4,0,1,1,0.951,0,0.0
P0740,5,0,1,1,0.8024,0,0.0
P0740,6,0,1,1,0.6571,2,2045.07
P0740,7,0,1,1,0.6745,1,3220.74
P0740,8,0,1,1,0.7254,0,0.0
P0740,9,0,1,1,0.6399,0,0.0
P0740,10,0,1,1,0.6688,1,1718.14
P0741,1,1,1,1,0.8206,0,0.0
P0741,2,1,1,1,0.9278,1,287.98
P0741,3,1,1,1,0.6819,0,0.0
P0741,4,1,1,1,0.7546,0,0.0
P0741,5,1,1,1,0.5373,0,0.0
P0741,6,1,1,1,0.6015,0,0.0
P0741,7,1,1,1,0.6909,0,0.0
P0741,8,1,1,1,0.5326,0,0.0
P0741,9,1,1,1,0.61,0,0.0
P0741,10,1,1,1,0.8984,1,968.99
P0742,1,1,1,0,0.516,1,615.09
P0742,2,1,1,0,0.9857,0,0.0
P0742,3,1,1,0,0.571,0,0.0
P0742,4,1,1,0,0.8591,1,1472.02
P0742,5,1,1,0,0.5053,0,0.0
P0742,6,1,1,0,0.6945,1,693.47
P0742,7,1,1,0,0.8381,0,0.0
P0742,8,1,1,0,0.9581,1,823.22
P0742,9,1,1,0,0.7335,1,671.25
P0742,10,1,1,0,0.9901,0,0.0
P0743,1,1,1,1,0.7066,0,0.0
P0743,2,1,1,1,0.6471,0,0.0
P0743,3,1,1,1,0.6383,0,0.0
P0743,4,1,1,1,0.8242,0,0.0
P0743,5,1,1,1,0.8548,0,0.0
P0743,6,1,1,1,0.7676,2,2329.88
P0743,7,1,1,1,0.5621,0,0.0
P0743,8,1,1,1,0.9599,0,0.0
P0743,9,1,1,1,0.9875,1,1667.54
P0743,10,1,1,1,0.5231,1,419.72
P0744,1,1,1,0,0.8238,0,0.0
P0744,2,1,1,0,0.5315,0,0.0
P0744,3,1,1,0,0.6301,1,1199.44
P0744,4,1,1,0,0.8745,4,2553.2
P0744,5,1,1,0,0.6792,0,0.0
P0744,6,1,1,0,0.7526,0,0.0
P0744,7,1,1,0,0.9136,1,491.2
P0744,8,1,1,0,0.7399,0,0.0
P0744,9,1,1,0,0.5285,0,0.0
P0744,10,1,1,0,0.6563,1,1513.14
P0745,1,0,0,1,0.9561,0,0.0
P0745,2,0,0,1,0.9346,0,0.0
P0745,3,0,0,1,0.8237,1,1222.04
P0745,4,0,0,1,0.5373,1,788.55
P0745,5,0,0,1,0.7651,1,1314.08
P0745,6,0,0,1,0.7011,0,0.0
P0745,7,0,0,1,0.5879,0,0.0
P0745,8,0,0,1,0.7189,0,0.0
P0745,9,0,0,1,0.9862,0,0.0
P0745,10,0,0,1,0.5036,0,0.0
P0746,1,0,1,0,0.614,0,0.0
P0746,2,0,1,0,0.9536,0,0.0
P0746,3,0,1,0,0.9052,0,0.0
P0746,4,0,1,0,0.7531,1,1100.86
P0746,5,0,1,0,0.637,0,0.0
P0746,6,0,1,0,0.8225,0,0.0
P0746,7,0,1,0,0.9931,0,0.0
P0746,8,0,1,0,0.6837,0,0.0
P0746,9,0,1,0,0.5329,0,0.0
P0746,10,0,1,0,0.6127,0,0.0
P0747,1,0,1,1,0.6766,1,641.28
P0747,2,0,1,1,0.9744,1,571.21
P0747,3,0,1,1,0.8772,0,0.0
P0747,4,0,1,1,0.9898,0,0.0
P0747,5,0,1,1,0.5515,0,0.0
P0747,6,0,1,1,0.74,0,0.0
P0747,7,0,1,1,0.7041,0,0.0
P0747,8,0,1,1,0.6267,0,0.0
P0747,9,0,1,1,0.9031,0,0.0
P0747,10,0,1,1,0.5122,1,1042.41
P0748,1,1,0,0,0.9218,0,0.0
P0748,2,1,0,0,0.7051,0,0.0
P0748,3,1,0,0,0.873,0,0.0
P0748,4,1,0,0,0.938,0,0.0
P0748,5,1,0,0,0.744,0,0.0
P0748,6,1,0,0,0.7291,1,1959.36
P0748,7,1,0,0,0.8559,1,960.55
P0748,8,1,0,0,0.9767,0,0.0
P0748,9,1,0,0,0.7722,0,0.0
P0748,10,1,0,0,0.873,0,0.0
P0749,1,0,1,1,0.865,0,0.0
P0749,2,0,1,1,0.9767,1,697.51
P0749,3,0,1,1,0.6554,0,0.0
P0749,4,0,1,1,0.5207,0,0.0
P0749,5,0,1,1,0.838,0,0.0
P0749,6,0,1,1,0.6937,0,0.0
P0749,7,0,1,1,0.541,0,0.0
P0749,8,0,1,1,0.7379,0,0.0
P0749,9,0,1,1,0.7389,0,0.0
P0749,10,0,1,1,0.6991,0,0.0
P0750,1,0,1,1,0.9155,0,0.0
P0750,2,0,1,1,0.5278,1,1011.61
P0750,3,0,1,1,0.8779,0,0.0
P0750,4,0,1,1,0.7448,0,0.0
P0750,5,0,1,1,0.8238,0,0.0
P0750,6,0,1,1,0.7679,0,0.0
P0750,7,0,1,1,0.6824,0,0.0
P0750,8,0,1,1,0.5015,1,851.94
P0750,9,0,1,1,0.9697,0,0.0
P0750,10,0,1,1,0.575,0,0.0
P0751,1,0,1,0,0.7658,0,0.0
P0751,2,0,1,0,0.6713,0,0.0
P0751,3,0,1,0,0.8662,1,1086.14
P0751,4,0,1,0,0.9434,0,0.0
P0751,5,0,1,0,0.7253,0,0.0
P0751,6,0,1,0,0.632,0,0.0
P0751,7,0,1,0,0.873,0,0.0
P0751,8,0,1,0,0.8635,0,0.0
P0751,9,0,1,0,0.8535,0,0.0
P0751,10,0,1,0,0.8599,0,0.0
P0752,1,1,1,0,0.5673,0,0.0
P0752,2,1,1,0,0.735,0,0.0
P0752,3,1,1,0,0.6688,0,0.0
P0752,4,1,1,0,0.6379,1,642.67
P0752,5,1,1,0,0.5126,0,0.0
P0752,6,1,1,0,0.7572,0,0.0
P0752,7,1,1,0,0.6949,0,0.0
P0752,8,1,1,0,0.743,0,0.0
P0752,9,1,1,0,0.8594,1,1225.95
P0752,10,1,1,0,0.7702,1,411.63
P0753,1,0,1,1,0.5897,0,0.0
P0753,2,0,1,1,0.6551,0,0.0
P0753,3,0,1,1,0.9168,0,0.0
P0753,4,0,1,1,0.597,0,0.0
P0753,5,0,1,1,0.6682,0,0.0
P0753,6,0,1,1,0.7398,0,0.0
P0753,7,0,1,1,0.8613,0,0.0
P0753,8,0,1,1,0.7684,0,0.0
P0753,9,0,1,1,0.7106,0,0.0
P0753,10,0,1,1,0.7498,0,0.0
P0754,1,1,1,0,0.7329,0,0.0
P0754,2,1,1,0,0.9657,1,1101.39
P0754,3,1,1,0,0.7587,0,0.0
P0754,4,1,1,0,0.7826,2,1663.63
P0754,5,1,1,0,0.9647,1,616.45
P0754,6,1,1,0,0.9183,1,285.88
P0754,7,1,1,0,0.5293,0,0.0
P0754,8,1,1,0,0.6258,1,530.25
P0754,9,1,1,0,0.8654,0,0.0
P0754,10,1,1,0,0.5579,0,0.0
P0755,1,0,0,1,0.6803,0,0.0
P0755,2,0,0,1,0.6567,0,0.0
P0755,3,0,0,1,0.7502,0,0.0
P0755,4,0,0,1,0.6165,0,0.0
P0755,5,0,0,1,0.5358,0,0.0
P0755,6,0,0,1,0.6301,0,0.0
P0755,7,0,0,1,0.8549,0,0.0
P0755,8,0,0,1,0.7067,0,0.0
P0755,9,0,0,1,0.8765,0,0.0
P0755,10,0,0,1,0.6188,0,0.0
P0756,1,1,1,1,0.8119,0,0.0
P0756,2,1,1,1,0.953,1,1615.69
P0756,3,1,1,1,0.6277,2,1223.63
P0756,4,1,1,1,0.9978,0,0.0
P0756,5,1,1,1,0.7416,1,564.97
P0756,6,1,1,1,0.9398,0,0.0
P0756,7,1,1,1,0.7889,1,466.14
P0756,8,1,1,1,0.5591,1,1118.44
P0756,9,1,1,1,0.8575,0,0.0
P0756,10,1,1,1,0.7376,0,0.0
P0757,1,0,1,1,0.6995,0,0.0
P0757,2,0,1,1,0.5234,0,0.0
P0757,3,0,1,1,0.9408,0,0.0
P0757,4,0,1,1,0.8826,0,0.0
P0757,5,0,1,1,0.6275,0,0.0
P0757,6,0,1,1,0.8459,0,0.0
P0757,7,0,1,1,0.8211,0,0.0
P0757,8,0,1,1,0.5649,0,0.0
P0757,9,0,1,1,0.85,0,0.0
P0757,10,0,1,1,0.6708,0,0.0
P0758,1,1,0,0,0.9427,0,0.0
P0758,2,1,0,0,0.5479,1,1182.75
P0758,3,1,0,0,0.709,0,0.0
P0758,4,1,0,0,0.7805,0,0.0
P0758,5,1,0,0,0.5817,0,0.0
P0758,6,1,0,0,0.5532,0,0.0
P0758,7,1,0,0,0.546,0,0.0
P0758,8,1,0,0,0.9918,0,0.0
P0758,9,1,0,0,0.6051,1,508.57
P0758,10,1,0,0,0.9691,0,0.0
P0759,1,0,0,0,0.7825,0,0.0
P0759,2,0,0,0,0.8366,1,477.33
P0759,3,0,0,0,0.8354,0,0.0
P0759,4,0,0,0,0.982,0,0.0
P0759,5,0,0,0,0.9783,0,0.0
P0759,6,0,0,0,0.5724,0,0.0
P0759,7,0,0,0,0.7214,0,0.0
P0759,8,0,0,0,0.6608,0,0.0
P0759,9,0,0,0,0.9376,0,0.0
P0759,10,0,0,0,0.5083,0,0.0
P0760,1,0,0,0,0.5075,0,0.0
P0760,2,0,0,0,0.9445,1,577.81
P0760,3,0,0,0,0.6678,0,0.0
P0760,4,0,0,0,0.6397,0,0.0
P0760,5,0,0,0,0.6966,0,0.0
P0760,6,0,0,0,0.6917,1,558.91
P0760,7,0,0,0,0.7832,0,0.0
P0760,8,0,0,0,0.8528,0,0.0
P0760,9,0,0,0,0.5158,1,1053.43
P0760,10,0,0,0,0.997,0,0.0
P0761,1,0,0,0,0.6704,0,0.0
P0761,2,0,0,0,0.8187,0,0.0
P0761,3,0,0,0,0.648,0,0.0
P0761,4,0,0,0,0.8063,0,0.0
P0761,5,0,0,0,0.5234,0,0.0
P0761,6,0,0,0,0.9529,0,0.0
P0761,7,0,0,0,0.635,0,0.0
P0761,8,0,0,0,0.9985,0,0.0
P0761,9,0,0,0,0.6371,0,0.0
P0761,10,0,0,0,0.7781,1,924.28
P0762,1,1,1,0,0.9776,1,967.07
P0762,2,1,1,0,0.8368,0,0.0
P0762,3,1,1,0,0.5878,0,0.0
P0762,4,1,1,0,0.9397,0,0.0
P0762,5,1,1,0,0.6869,0,0.0
P0762,6,1,1,0,0.5429,0,0.0
P0762,7,1,1,0,0.8544,0,0.0
P0762,8,1,1,0,0.9949,0,0.0
P0762,9,1,1,0,0.9415,0,0.0
P0762,10,1,1,0,0.762,0,0.0
P0763,1,0,0,1,0.9963,0,0.0
P0763,2,0,0,1,0.9864,0,0.0
P0763,3,0,0,1,0.7807,0,0.0
P0763,4,0,0,1,0.7004,0,0.0
P0763,5,0,0,1,0.9988,0,0.0
P0763,6,0,0,1,0.7872,1,684.3
P0763,7,0,0,1,0.564,0,0.0
P0763,8,0,0,1,0.9641,0,0.0
P0763,9,0,0,1,0.8941,1,749.01
P0763,10,0,0,1,0.7553,0,0.0
P0764,1,0,0,0,0.5133,0,0.0
P0764,2,0,0,0,0.7228,0,0.0
P0764,3,0,0,0,0.8439,0,0.0
P0764,4,0,0,0,0.7955,0,0.0
P0764,5,0,0,0,0.8315,0,0.0
P0764,6,0,0,0,0.567,0,0.0
P0764,7,0,0,0,0.7895,0,0.0
P0764,8,0,0,0,0.7349,0,0.0
P0764,9,0,0,0,0.5083,0,0.0
P0764,10,0,0,0,0.8128,0,0.0
P0765,1,0,0,1,0.7084,0,0.0
P0765,2,0,0,1,0.7559,0,0.0
P0765,3,0,0,1,0.8667,0,0.0
P0765,4,0,0,1,0.6373,0,0.0
P0765,5,0,0,1,0.5907,1,709.7
P0765,6,0,0,1,0.8007,0,0.0
P0765,7,0,0,1,0.8918,0,0.0
P0765,8,0,0,1,0.8783,0,0.0
P0765,9,0,0,1,0.7147,0,0.0
P0765,10,0,0,1,0.8494,0,0.0
P0766,1,1,0,1,0.8878,0,0.0
P0766,2,1,0,1,0.711,0,0.0
P0766,3,1,0,1,0.8253,0,0.0
P0766,4,1,0,1,0.9158,0,0.0
P0766,5,1,0,1,0.8299,1,794.89
P0766,6,1,0,1,0.6836,0,0.0
P0766,7,1,0,1,0.7044,0,0.0
P0766,8,1,0,1,0.9311,0,0.0
P0766,9,1,0,1,0.6365,0,0.0
P0766,10,1,0,1,0.8039,0,0.0
P0767,1,0,1,0,0.5039,0,0.0
P0767,2,0,1,0,0.613,0,0.0
P0767,3,0,1,0,0.7062,0,0.0
P0767,4,0,1,0,0.5284,0,0.0
P0767,5,0,1,0,0.8427,0,0.0
P0767,6,0,1,0,0.7502,0,0.0
P0767,7,0,1,0,0.7744,0,0.0
P0767,8,0,1,0,0.8718,0,0.0
P0767,9,0,1,0,0.6563,0,0.0
P0767,10,0,1,0,0.9698,0,0.0
P0768,1,1,1,1,0.7752,1,900.88
P0768,2,1,1,1,0.7806,2,1804.74
P0768,3,1,1,1,0.6991,0,0.0
P0768,4,1,1,1,0.93,1,1225.68
P0768,5,1,1,1,0.7449,1,547.57
P0768,6,1,1,1,0.5291,0,0.0
P0768,7,1,1,1,0.9685,0,0.0
P0768,8,1,1,1,0.6748,1,858.62
P0768,9,1,1,1,0.7156,0,0.0
P0768,10,1,1,1,0.7739,0,0.0
P0769,1,0,1,0,0.5849,0,0.0
P0769,2,0,1,0,0.9757,0,0.0
P0769,3,0,1,0,0.8911,0,0.0
P0769,4,0,1,0,0.5476,0,0.0
P0769,5,0,1,0,0.6755,1,523.72
P0769,6,0,1,0,0.5238,0,0.0
P0769,7,0,1,0,0.804,0,0.0
P0769,8,0,1,0,0.6101,0,0.0
P0769,9,0,1,0,0.5283,0,0.0
P0769,10,0,1,0,0.5991,0,0.0
P0770,1,0,1,1,0.8314,1,1161.99
P0770,2,0,1,1,0.7825,0,0.0
P0770,3,0,1,1,0.9092,0,0.0
P0770,4,0,1,1,0.8443,0,0.0
P0770,5,0,1,1,0.7032,0,0.0
P0770,6,0,1,1,0.5395,0,0.0
P0770,7,0,1,1,0.9466,1,1317.63
P0770,8,0,1,1,0.9482,2,1770.14
P0770,9,0,1,1,0.8945,0,0.0
P0770,10,0,1,1,0.8828,0,0.0
P0771,1,0,0,0,0.5045,0,0.0
P0771,2,0,0,0,0.9585,0,0.0
P0771,3,0,0,0,0.9803,0,0.0
P0771,4,0,0,0,0.5024,0,0.0
P0771,5,0,0,0,0.7749,0,0.0
P0771,6,0,0,0,0.6457,0,0.0
P0771,7,0,0,0,0.8986,0,0.0
P0771,8,0,0,0,0.9048,0,0.0
P0771,9,0,0,0,0.6294,0,0.0
P0771,10,0,0,0,0.962,0,0.0
P0772,1,0,1,0,0.8885,1,742.27
P0772,2,0,1,0,0.7087,0,0.0
P0772,3,0,1,0,0.5044,0,0.0
P0772,4,0,1,0,0.6523,0,0.0
P0772,5,0,1,0,0.7721,0,0.0
P0772,6,0,1,0,0.5325,0,0.0
P0772,7,0,1,0,0.6019,0,0.0
P0772,8,0,1,0,0.7426,0,0.0
P0772,9,0,1,0,0.5364,0,0.0
P0772,10,0,1,0,0.7638,0,0.0
P0773,1,0,0,0,0.794,0,0.0
P0773,2,0,0,0,0.8581,0,0.0
P0773,3,0,0,0,0.645,0,0.0
P0773,4,0,0,0,0.9628,0,0.0
P0773,5,0,0,0,0.937,0,0.0
P0773,6,0,0,0,0.6562,0,0.0
P0773,7,0,0,0,0.7347,0,0.0
P0773,8,0,0,0,0.5743,0,0.0
P0773,9,0,0,0,0.5858,0,0.0
P0773,10,0,0,0,0.6227,0,0.0
P0774,1,0,1,0,0.9236,0,0.0
P0774,2,0,1,0,0.7477,0,0.0
P0774,3,0,1,0,0.8925,0,0.0
P0774,4,0,1,0,0.9737,0,0.0
P0774,5,0,1,0,0.5417,0,0.0
P0774,6,0,1,0,0.9679,1,701.37
P0774,7,0,1,0,0.6569,0,0.0
P0774,8,0,1,0,0.7978,1,365.48
P0774,9,0,1,0,0.8089,0,0.0
P0774,10,0,1,0,0.6559,0,0.0
P0775,1,0,1,1,0.7846,0,0.0
P0775,2,0,1,1,0.6653,0,0.0
P0775,3,0,1,1,0.6312,2,2326.94
P0775,4,0,1,1,0.7252,0,0.0
P0775,5,0,1,1,0.5222,0,0.0
P0775,6,0,1,1,0.8816,0,0.0
P0775,7,0,1,1,0.8959,0,0.0
P0775,8,0,1,1,0.8784,0,0.0
P0775,9,0,1,1,0.501,0,0.0
P0775,10,0,1,1,0.7909,0,0.0
P0776,1,0,1,0,0.5555,0,0.0
P0776,2,0,1,0,0.547,0,0.0
P0776,3,0,1,0,0.995,1,697.43
P0776,4,0,1,0,0.7787,0,0.0
P0776,5,0,1,0,0.7827,0,0.0
P0776,6,0,1,0,0.8806,1,879.4
P0776,7,0,1,0,0.8154,0,0.0
P0776,8,0,1,0,0.526,0,0.0
P0776,9,0,1,0,0.5841,0,0.0
P0776,10,0,1,0,0.7791,1,1026.3
P0777,1,0,1,0,0.9814,0,0.0
P0777,2,0,1,0,0.7351,0,0.0
P0777,3,0,1,0,0.5946,0,0.0
P0777,4,0,1,0,0.6601,0,0.0
P0777,5,0,1,0,0.5038,0,0.0
P0777,6,0,1,0,0.7381,0,0.0
P0777,7,0,1,0,0.883,0,0.0
P0777,8,0,1,0,0.7088,1,555.16
P0777,9,0,1,0,0.5188,1,653.68
P0777,10,0,1,0,0.7457,0,0.0
P0778,1,0,0,0,0.9297,0,0.0
P0778,2,0,0,0,0.8532,0,0.0
P0778,3,0,0,0,0.5402,0,0.0
P0778,4,0,0,0,0.8159,0,0.0
P0778,5,0,0,0,0.7951,0,0.0
P0778,6,0,0,0,0.6133,0,0.0
P0778,7,0,0,0,0.8532,0,0.0
P0778,8,0,0,0,0.6754,0,0.0
P0778,9,0,0,0,0.7116,0,0.0
P0778,10,0,0,0,0.6461,0,0.0
P0779,1,0,0,0,0.6672,1,482.0
P0779,2,0,0,0,0.8616,1,770.02
P0779,3,0,0,0,0.5609,0,0.0
P0779,4,0,0,0,0.9663,0,0.0
P0779,5,0,0,0,0.9394,0,0.0
P0779,6,0,0,0,0.9239,0,0.0
P0779,7,0,0,0,0.7524,0,0.0
P0779,8,0,0,0,0.987,0,0.0
P0779,9,0,0,0,0.8758,0,0.0
P0779,10,0,0,0,0.988,0,0.0
P0780,1,0,0,0,0.9762,0,0.0
P0780,2,0,0,0,0.8706,0,0.0
P0780,3,0,0,0,0.8288,1,864.03
P0780,4,0,0,0,0.5167,0,0.0
P0780,5,0,0,0,0.7069,0,0.0
P0780,6,0,0,0,0.765,0,0.0
P0780,7,0,0,0,0.7289,0,0.0
P0780,8,0,0,0,0.9303,0,0.0
P0780,9,0,0,0,0.5297,0,0.0
P0780,10,0,0,0,0.5903,0,0.0
P0781,1,0,0,1,0.7115,0,0.0
P0781,2,0,0,1,0.5359,0,0.0
P0781,3,0,0,1,0.9177,0,0.0
P0781,4,0,0,1,0.5457,0,0.0
P0781,5,0,0,1,0.7013,0,0.0
P0781,6,0,0,1,0.7455,0,0.0
P0781,7,0,0,1,0.9797,0,0.0
P0781,8,0,0,1,0.7668,0,0.0
P0781,9,0,0,1,0.6256,0,0.0
P0781,10,0,0,1,0.5593,0,0.0
P0782,1,0,1,1,0.9769,0,0.0
P0782,2,0,1,1,0.9429,0,0.0
P0782,3,0,1,1,0.6435,0,0.0
P0782,4,0,1,1,0.711,0,0.0
P0782,5,0,1,1,0.5608,0,0.0
P0782,6,0,1,1,0.883,0,0.0
P0782,7,0,1,1,0.6206,0,0.0
P0782,8,0,1,1,0.8034,1,823.69
P0782,9,0,1,1,0.797,0,0.0
P0782,10,0,1,1,0.6436,0,0.0
P0783,1,1,0,0,0.6839,0,0.0
P0783,2,1,0,0,0.6703,0,0.0
P0783,3,1,0,0,0.8171,0,0.0
P0783,4,1,0,0,0.9261,0,0.0
P0783,5,1,0,0,0.7675,1,1030.61
P0783,6,1,0,0,0.9203,0,0.0
P0783,7,1,0,0,0.7938,0,0.0
P0783,8,1,0,0,0.5829,0,0.0
P0783,9,1,0,0,0.6394,0,0.0
P0783,10,1,0,0,0.541,0,0.0
P0784,1,0,0,1,0.8285,0,0.0
P0784,2,0,0,1,0.7368,0,0.0
P0784,3,0,0,1,0.5167,0,0.0
P0784,4,0,0,1,0.8357,0,0.0
P0784,5,0,0,1,0.8947,0,0.0
P0784,6,0,0,1,0.8853,0,0.0
P0784,7,0,0,1,0.6054,0,0.0
P0784,8,0,0,1,0.699,0,0.0
P0784,9,0,0,1,0.6199,0,0.0
P0784,10,0,0,1,0.6977,0,0.0
P0785,1,1,1,0,0.9959,0,0.0
P0785,2,1,1,0,0.5182,1,793.31
P0785,3,1,1,0,0.8422,2,849.19
P0785,4,1,1,0,0.8439,0,0.0
P0785,5,1,1,0,0.6478,0,0.0
P0785,6,1,1,0,0.9436,0,0.0
P0785,7,1,1,0,0.5795,0,0.0
P0785,8,1,1,0,0.681,1,912.11
P0785,9,1,1,0,0.9966,0,0.0
P0785,10,1,1,0,0.8413,0,0.0
P0786,1,0,1,0,0.6092,0,0.0
P0786,2,0,1,0,0.5289,0,0.0
P0786,3,0,1,0,0.5021,0,0.0
P0786,4,0,1,0,0.9773,0,0.0
P0786,5,0,1,0,0.6108,0,0.0
P0786,6,0,1,0,0.5725,0,0.0
P0786,7,0,1,0,0.6759,0,0.0
P0786,8,0,1,0,0.853,0,0.0
P0786,9,0,1,0,0.8725,0,0.0
P0786,10,0,1,0,0.6124,0,0.0
P0787,1,1,0,0,0.9822,0,0.0
P0787,2,1,0,0,0.8847,0,0.0
P0787,3,1,0,0,0.7818,1,787.3
P0787,4,1,0,0,0.8221,1,555.5
P0787,5,1,0,0,0.6152,1,597.06
P0787,6,1,0,0,0.8014,0,0.0
P0787,7,1,0,0,0.925,0,0.0
P0787,8,1,0,0,0.7673,0,0.0
P0787,9,1,0,0,0.8222,1,429.84
P0787,10,1,0,0,0.8638,0,0.0
P0788,1,0,1,0,0.7373,0,0.0
P0788,2,0,1,0,0.9277,0,0.0
P0788,3,0,1,0,0.5436,0,0.0
P0788,4,0,1,0,0.5374,0,0.0
P0788,5,0,1,0,0.5889,0,0.0
P0788,6,0,1,0,0.6404,0,0.0
P0788,7,0,1,0,0.7196,0,0.0
P0788,8,0,1,0,0.5388,0,0.0
P0788,9,0,1,0,0.9263,0,0.0
P0788,10,0,1,0,0.9452,0,0.0
P0789,1,0,0,1,0.7518,0,0.0
P0789,2,0,0,1,0.9816,1,1081.99
P0789,3,0,0,1,0.7565,0,0.0
P0789,4,0,0,1,0.6926,1,409.89
P0789,5,0,0,1,0.7092,0,0.0
P0789,6,0,0,1,0.9361,1,654.69
P0789,7,0,0,1,0.7125,1,1212.69
P0789,8,0,0,1,0.5688,0,0.0
P0789,9,0,0,1,0.6196,0,0.0
P0789,10,0,0,1,0.877,0,0.0
P0790,1,1,1,1,0.862,0,0.0
P0790,2,1,1,1,0.5894,0,0.0
P0790,3,1,1,1,0.5904,0,0.0
P0790,4,1,1,1,0.7511,1,956.55
P0790,5,1,1,1,0.6286,0,0.0
P0790,6,1,1,1,0.8986,0,0.0
P0790,7,1,1,1,0.9519,0,0.0
P0790,8,1,1,1,0.6572,0,0.0
P0790,9,1,1,1,0.6669,0,0.0
P0790,10,1,1,1,0.8168,0,0.0
P0791,1,0,1,0,0.5272,0,0.0
P0791,2,0,1,0,0.8528,0,0.0
P0791,3,0,1,0,0.8853,2,1460.53
P0791,4,0,1,0,0.5707,0,0.0
P0791,5,0,1,0,0.8596,0,0.0
P0791,6,0,1,0,0.9941,0,0.0
P0791,7,0,1,0,0.5897,0,0.0
P0791,8,0,1,0,0.8575,1,890.86
P0791,9,0,1,0,0.5984,0,0.0
P0791,10,0,1,0,0.8106,0,0.0
P0792,1,0,0,1,0.5045,0,0.0
P0792,2,0,0,1,0.5768,0,0.0
P0792,3,0,0,1,0.5121,0,0.0
P0792,4,0,0,1,0.5412,0,0.0
P0792,5,0,0,1,0.8218,2,1803.01
P0792,6,0,0,1,0.971,0,0.0
P0792,7,0,0,1,0.5352,0,0.0
P0792,8,0,0,1,0.7204,0,0.0
P0792,9,0,0,1,0.9101,0,0.0
P0792,10,0,0,1,0.9462,1,729.37
P0793,1,1,0,1,0.547,1,913.75
P0793,2,1,0,1,0.6189,0,0.0
P0793,3,1,0,1,0.6836,0,0.0
P0793,4,1,0,1,0.8037,0,0.0
P0793,5,1,0,1,0.8295,0,0.0
P0793,6,1,0,1,0.8959,1,562.66
P0793,7,1,0,1,0.7986,0,0.0
P0793,8,1,0,1,0.7088,0,0.0
P0793,9,1,0,1,0.9336,0,0.0
P0793,10,1,0,1,0.9089,0,0.0
P0794,1,1,1,1,0.8671,0,0.0
P0794,2,1,1,1,0.6508,0,0.0
P0794,3,1,1,1,0.915,0,0.0
P0794,4,1,1,1,0.7329,0,0.0
P0794,5,1,1,1,0.8613,0,0.0
P0794,6,1,1,1,0.6043,1,812.87
P0794,7,1,1,1,0.9684,0,0.0
P0794,8,1,1,1,0.7437,0,0.0
P0794,9,1,1,1,0.5902,2,1133.92
P0794,10,1,1,1,0.5908,0,0.0
P0795,1,0,0,0,0.7904,0,0.0
P0795,2,0,0,0,0.7897,0,0.0
P0795,3,0,0,0,0.9595,0,0.0
P0795,4,0,0,0,0.9327,0,0.0
P0795,5,0,0,0,0.6167,0,0.0
P0795,6,0,0,0,0.8937,0,0.0
P0795,7,0,0,0,0.8834,0,0.0
P0795,8,0,0,0,0.6345,0,0.0
P0795,9,0,0,0,0.7031,0,0.0
P0795,10,0,0,0,0.7757,0,0.0
P0796,1,1,1,1,0.5122,0,0.0
P0796,2,1,1,1,0.8495,0,0.0
P0796,3,1,1,1,0.6321,0,0.0
P0796,4,1,1,1,0.5014,0,0.0
P0796,5,1,1,1,0.9382,0,0.0
P0796,6,1,1,1,0.9738,1,2047.62
P0796,7,1,1,1,0.5684,1,982.76
P0796,8,1,1,1,0.9034,0,0.0
P0796,9,1,1,1,0.6751,0,0.0
P0796,10,1,1,1,0.8432,1,629.28
P0797,1,0,1,1,0.9576,1,1047.3
P0797,2,0,1,1,0.5193,0,0.0
P0797,3,0,1,1,0.5769,0,0.0
P0797,4,0,1,1,0.8565,0,0.0
P0797,5,0,1,1,0.9779,1,554.25
P0797,6,0,1,1,0.8509,0,0.0
P0797,7,0,1,1,0.8018,0,0.0
P0797,8,0,1,1,0.9686,0,0.0
P0797,9,0,1,1,0.8631,0,0.0
P0797,10,0,1,1,0.7824,0,0.0
P0798,1,0,0,0,0.9666,0,0.0
P0798,2,0,0,0,0.7552,0,0.0
P0798,3,0,0,0,0.8798,0,0.0
P0798,4,0,0,0,0.6782,0,0.0
P0798,5,0,0,0,0.651,0,0.0
P0798,6,0,0,0,0.8015,0,0.0
P0798,7,0,0,0,0.6101,0,0.0
P0798,8,0,0,0,0.7863,0,0.0
P0798,9,0,0,0,0.7029,0,0.0
P0798,10,0,0,0,0.7834,0,0.0
P0799,1,0,1,0,0.8651,0,0.0
P0799,2,0,1,0,0.889,0,0.0
P0799,3,0,1,0,0.7009,0,0.0
P0799,4,0,1,0,0.984,0,0.0
P0799,5,0,1,0,0.6485,0,0.0
P0799,6,0,1,0,0.8354,1,968.91
P0799,7,0,1,0,0.775,1,562.01
P0799,8,0,1,0,0.6266,3,3116.88
P0799,9,0,1,0,0.7388,0,0.0
P0799,10,0,1,0,0.6676,0,0.0
